"43891.0",NA
"43892.0",NA
"43893.0",NA
"43894.0",NA
"43895.0",0.991018746962254
"43896.0",NA
"43897.0",NA
"43898.0",NA
"43899.0",NA
"43900.0",NA
"43901.0",NA
"A1BG",0.0120085510786345
"A1CF",NA
"A2M",0.0738149699365147
"A2ML1",NA
"A3GALT2",NA
"A4GALT",NA
"A4GNT",NA
"AAAS",0.123222824826605
"AACS",0.0247882837391886
"AADAC",NA
"AADACL2",NA
"AADACL3",NA
"AADACL4",NA
"AADAT",NA
"AAGAB",0.0673513627044443
"AAK1",0.989038669369757
"AAMDC",0.971802094899614
"AAMP",0.00266479652389462
"AANAT",NA
"AAR2",0.987540706820074
"AARD",NA
"AARS",0.960685828242702
"AARS2",0.771432453504221
"AARSD1",0.0107684032635138
"AASDH",NA
"AASDHPPT",0.0226097830555655
"AASS",0.899186798603059
"AATF",0.915723326095105
"AATK",NA
"ABAT",0.923880109937405
"ABCA1",NA
"ABCA10",NA
"ABCA12",NA
"ABCA13",NA
"ABCA2",0.57891898580668
"ABCA3",NA
"ABCA4",NA
"ABCA5",NA
"ABCA6",NA
"ABCA7",NA
"ABCA8",0.862547755288623
"ABCA9",NA
"ABCB1",0.183796932238646
"ABCB10",NA
"ABCB11",NA
"ABCB4",NA
"ABCB5",NA
"ABCB6",0.241772288469142
"ABCB7",0.991187991274775
"ABCB8",NA
"ABCB9",NA
"ABCC1",0.298094248403681
"ABCC10",NA
"ABCC11",NA
"ABCC12",NA
"ABCC2",NA
"ABCC3",NA
"ABCC4",0.000326004747342465
"ABCC5",NA
"ABCC6",NA
"ABCC8",NA
"ABCC9",NA
"ABCD1",NA
"ABCD2",NA
"ABCD3",0.15675813077454
"ABCD4",NA
"ABCE1",0.999571676036989
"ABCF1",0.818903053524057
"ABCF2",0.719740711464538
"ABCF3",0.857393323075563
"ABCG1",NA
"ABCG2",0.935701803323383
"ABCG4",NA
"ABCG5",NA
"ABCG8",NA
"ABHD1",NA
"ABHD10",1.45359999961543e-06
"ABHD11",0.137766525934956
"ABHD12",6.1264830241381e-05
"ABHD12B",NA
"ABHD13",NA
"ABHD14A",NA
"ABHD14A-ACY1",0.946294441136171
"ABHD14B",0.0776003042532036
"ABHD15",NA
"ABHD16A",0.827815673993673
"ABHD16B",NA
"ABHD17A",NA
"ABHD17B",NA
"ABHD17C",NA
"ABHD2",NA
"ABHD3",NA
"ABHD4",3.59200326073375e-05
"ABHD5",NA
"ABHD6",0.247930235753229
"ABHD8",NA
"ABI1",0.801626132468783
"ABI2",0.681640311721459
"ABI3",1.94724218299749e-10
"ABI3BP",0.0447817864567686
"ABL1",NA
"ABL2",0.0602441065072155
"ABLIM1",0.985564115664985
"ABLIM2",0.688932822388024
"ABLIM3",0.969146261077601
"ABO",NA
"ABR",0.990649101127918
"ABRA",NA
"ABRACL",0.99867692157737
"ABRAXAS2",0.50837895628949
"ABT1",NA
"ABTB1",NA
"ABTB2",NA
"ACAA1",0.00816121427369095
"ACAA2",0.293176460809601
"ACACA",0.999998091462668
"ACACB",0.8688578231631
"ACAD10",NA
"ACAD11",0.883116725284172
"ACAD8",0.640884555859482
"ACAD9",0.911327109037195
"ACADL",NA
"ACADM",0.174442825962766
"ACADS",0.973687805382731
"ACADSB",0.303451028595318
"ACADVL",0.803993504200496
"ACAN",0.453601051355856
"ACAP1",NA
"ACAP2",0.00551788582632692
"ACAP3",NA
"ACAT1",0.0358254126914477
"ACAT2",0.989591268775433
"ACBD3",0.663758947997133
"ACBD4",NA
"ACBD5",0.0105995918760543
"ACBD6",0.738388233322215
"ACBD7",NA
"ACCS",NA
"ACCSL",NA
"ACD",NA
"ACE",NA
"ACE2",NA
"ACER1",NA
"ACER2",NA
"ACER3",NA
"ACHE",0.918457466117106
"ACIN1",0.0101552598593627
"ACKR1",NA
"ACKR2",NA
"ACKR3",NA
"ACKR4",NA
"ACLY",0.996574386706632
"ACMSD",NA
"ACO1",0.816479326339346
"ACO2",0.193788574787507
"ACOT1",0.968545110292215
"ACOT11",NA
"ACOT12",NA
"ACOT13",0.0484084174784599
"ACOT2",NA
"ACOT4",NA
"ACOT6",NA
"ACOT7",0.881818176790146
"ACOT8",0.981331668726687
"ACOT9",0.9895211051365
"ACOX1",0.990808740881522
"ACOX2",NA
"ACOX3",0.765926619645294
"ACOXL",NA
"ACP1",0.000323280924747301
"ACP2",0.0291580296953235
"ACP5",NA
"ACP6",NA
"ACPP",NA
"ACR",NA
"ACRBP",NA
"ACRV1",NA
"ACSBG1",0.928907779831838
"ACSBG2",NA
"ACSF2",0.856114009509948
"ACSF3",0.629024220524946
"ACSL1",0.7329531496535
"ACSL3",0.0180041092951039
"ACSL4",0.309531638738575
"ACSL5",NA
"ACSL6",0.226479498901245
"ACSM1",NA
"ACSM2A",NA
"ACSM2B",NA
"ACSM3",NA
"ACSM4",NA
"ACSM5",NA
"ACSM6",NA
"ACSS1",0.0362070545836604
"ACSS2",0.0236524120250105
"ACSS3",0.335221413721848
"ACTA1",NA
"ACTA2",NA
"ACTB",0.268918394988029
"ACTBL2",0.998007472326704
"ACTC1",0.53930858665496
"ACTG1",0.547633738975872
"ACTG2",NA
"ACTL10",NA
"ACTL6A",0.0116754041620431
"ACTL6B",4.21186092548734e-05
"ACTL7A",NA
"ACTL7B",NA
"ACTL8",NA
"ACTL9",NA
"ACTN1",0.00375746590405837
"ACTN2",0.738224411357323
"ACTN3",NA
"ACTN4",0.000217780647634777
"ACTR10",0.952629705538406
"ACTR1A",0.976608682006763
"ACTR1B",0.613119486724977
"ACTR2",0.0002443753133965
"ACTR3",1.17466963989465e-05
"ACTR3B",0.0225868503842669
"ACTR3C",NA
"ACTR5",NA
"ACTR6",NA
"ACTR8",NA
"ACTRT1",NA
"ACTRT2",NA
"ACTRT3",NA
"ACVR1",NA
"ACVR1B",NA
"ACVR1C",NA
"ACVR2A",NA
"ACVR2B",NA
"ACVRL1",NA
"ACY1",NA
"ACY3",0.62643646613658
"ACYP1",8.29257678002852e-05
"ACYP2",0.735250293610244
"ADA",0.998074027644656
"ADA2",2.31968405481088e-05
"ADAD1",NA
"ADAD2",NA
"ADAL",NA
"ADAM10",0.833617353790555
"ADAM11",NA
"ADAM12",NA
"ADAM15",NA
"ADAM17",0.00562337201236081
"ADAM18",NA
"ADAM19",NA
"ADAM2",NA
"ADAM20",NA
"ADAM21",NA
"ADAM22",0.515469358755848
"ADAM23",0.261283862659594
"ADAM28",NA
"ADAM29",NA
"ADAM30",NA
"ADAM32",NA
"ADAM33",NA
"ADAM7",NA
"ADAM8",NA
"ADAM9",8.93167996601807e-08
"ADAMDEC1",NA
"ADAMTS1",NA
"ADAMTS10",NA
"ADAMTS12",NA
"ADAMTS13",NA
"ADAMTS14",NA
"ADAMTS15",NA
"ADAMTS16",NA
"ADAMTS17",NA
"ADAMTS18",NA
"ADAMTS19",NA
"ADAMTS2",NA
"ADAMTS20",NA
"ADAMTS3",NA
"ADAMTS4",NA
"ADAMTS5",NA
"ADAMTS6",NA
"ADAMTS7",NA
"ADAMTS8",NA
"ADAMTS9",NA
"ADAMTSL1",NA
"ADAMTSL2",NA
"ADAMTSL3",NA
"ADAMTSL4",NA
"ADAMTSL5",NA
"ADAP1",0.740042216081409
"ADAP2",NA
"ADAR",0.99981207869884
"ADARB1",0.674322537366114
"ADARB2",NA
"ADAT1",NA
"ADAT2",NA
"ADAT3",NA
"ADCK1",NA
"ADCK2",NA
"ADCK5",NA
"ADCY1",NA
"ADCY10",NA
"ADCY2",0.0037451284800128
"ADCY3",NA
"ADCY4",NA
"ADCY5",NA
"ADCY6",NA
"ADCY7",NA
"ADCY8",0.650751984611368
"ADCY9",NA
"ADCYAP1",NA
"ADCYAP1R1",0.990399140479462
"ADD1",0.634827434716598
"ADD2",0.57716141155322
"ADD3",0.80225246202859
"ADGB",NA
"ADGRA1",NA
"ADGRA2",NA
"ADGRA3",NA
"ADGRB1",0.0369901767695304
"ADGRB2",NA
"ADGRB3",NA
"ADGRD1",NA
"ADGRD2",NA
"ADGRE1",NA
"ADGRE2",NA
"ADGRE3",NA
"ADGRE5",0.000203118613576288
"ADGRF1",NA
"ADGRF2",NA
"ADGRF3",NA
"ADGRF4",NA
"ADGRF5",NA
"ADGRG1",0.116578928010068
"ADGRG2",NA
"ADGRG3",NA
"ADGRG4",NA
"ADGRG5",NA
"ADGRG6",NA
"ADGRG7",NA
"ADGRL1",0.999275325197828
"ADGRL2",0.165154068876497
"ADGRL3",0.225393188388805
"ADGRL4",NA
"ADGRV1",NA
"ADH1A",NA
"ADH1B",0.25628407214783
"ADH1C",NA
"ADH4",NA
"ADH5",0.618982686076566
"ADH6",NA
"ADH7",NA
"ADHFE1",0.657760561548331
"ADI1",0.867838979678556
"ADIG",NA
"ADIPOQ",NA
"ADIPOR1",NA
"ADIPOR2",NA
"ADIRF",NA
"ADK",0.981339196374381
"ADM",NA
"ADM2",NA
"ADM5",NA
"ADNP",0.00335562578176408
"ADNP2",NA
"ADO",0.387494672622607
"ADORA1",NA
"ADORA2A",NA
"ADORA2B",NA
"ADORA3",NA
"ADPGK",0.0376379455316896
"ADPRH",0.000637783506124053
"ADPRHL1",NA
"ADPRHL2",0.873416661906167
"ADPRM",NA
"ADRA1A",NA
"ADRA1B",NA
"ADRA1D",NA
"ADRA2A",NA
"ADRA2B",NA
"ADRA2C",NA
"ADRB1",NA
"ADRB2",NA
"ADRB3",NA
"ADRM1",0.599498140329005
"ADSL",0.996871137632557
"ADSS",0.529292822128516
"ADSSL1",0.911599407723409
"ADTRP",NA
"AEBP1",0.835542857204238
"AEBP2",NA
"AEN",NA
"AFAP1",6.10726050730144e-06
"AFAP1L1",NA
"AFAP1L2",0.135617898907868
"AFDN",0.046433711957434
"AFF1",NA
"AFF2",NA
"AFF3",NA
"AFF4",NA
"AFG3L2",0.0286231089093463
"AFM",0.0115397792424588
"AFMID",NA
"AFP",NA
"AFTPH",0.659126689766972
"AGA",0.99897172378307
"AGAP1",0.298296672640253
"AGAP11",NA
"AGAP2",0.747912663663315
"AGAP3",0.328482081536122
"AGAP4",NA
"AGAP5",NA
"AGAP6",NA
"AGAP9",NA
"AGBL1",NA
"AGBL2",NA
"AGBL3",NA
"AGBL4",NA
"AGBL5",NA
"AGER",NA
"AGFG1",0.366966377997035
"AGFG2",0.910160004930984
"AGGF1",NA
"AGK",0.971759178544929
"AGL",0.759500906552499
"AGMAT",NA
"AGMO",NA
"AGO1",0.12052388685122
"AGO2",0.143463319741113
"AGO3",0.635542072568798
"AGO4",NA
"AGPAT1",0.12777729722085
"AGPAT2",NA
"AGPAT3",0.999947805249042
"AGPAT4",0.959599919188016
"AGPAT5",0.490084691788051
"AGPS",0.0228875385036747
"AGR2",NA
"AGR3",NA
"AGRN",0.759792197124259
"AGRP",NA
"AGT",0.220268277439693
"AGTPBP1",NA
"AGTR1",NA
"AGTR2",NA
"AGTRAP",0.0263383585114574
"AGXT",NA
"AGXT2",NA
"AHCTF1",0.271662240477791
"AHCY",0.96606840079601
"AHCYL1",0.995138298303365
"AHCYL2",0.198248399061748
"AHDC1",0.831360589489583
"AHI1",NA
"AHNAK",0.960756721121002
"AHNAK2",0.968689758471293
"AHR",0.067591358858916
"AHRR",NA
"AHSA1",0.0327915967634095
"AHSG",0.00564992907057481
"AHSP",NA
"AICDA",NA
"AIDA",0.971580162209321
"AIF1",5.54921440521977e-08
"AIF1L",0.384230547063173
"AIFM1",0.223121576051131
"AIFM2",0.00480243742073542
"AIFM3",NA
"AIG1",0.85839286110688
"AIM2",NA
"AIMP1",0.87352888557521
"AIMP2",0.618346609816246
"AIP",0.000235526888180272
"AIPL1",NA
"AIRE",NA
"AJAP1",NA
"AJUBA",NA
"AK1",0.00175588980497415
"AK2",0.949263098549196
"AK3",0.995700335275797
"AK4",0.473702194788833
"AK5",0.706663384444922
"AK6",NA
"AK7",NA
"AK8",NA
"AK9",NA
"AKAP1",0.674809892974388
"AKAP10",NA
"AKAP11",NA
"AKAP12",2.65847849640711e-05
"AKAP13",0.42410952851942
"AKAP14",NA
"AKAP17A",0.0305820137614673
"AKAP3",NA
"AKAP4",NA
"AKAP5",0.863393328880394
"AKAP6",NA
"AKAP7",NA
"AKAP8",0.915045454820215
"AKAP8L",0.0276750528342473
"AKAP9",0.353648598627222
"AKIP1",NA
"AKIRIN1",NA
"AKIRIN2",NA
"AKNA",NA
"AKNAD1",NA
"AKR1A1",0.970448030727098
"AKR1B1",0.929357049758678
"AKR1B10",NA
"AKR1B15",NA
"AKR1C1",0.755348749955678
"AKR1C2",NA
"AKR1C3",0.89589341169868
"AKR1C4",NA
"AKR1D1",NA
"AKR1E2",NA
"AKR7A2",0.0676785473397906
"AKR7A3",0.306117198385202
"AKR7L",NA
"AKT1",0.206303079370011
"AKT1S1",0.99758941187446
"AKT2",0.118371754430568
"AKT3",0.569653421045768
"AKTIP",0.901063134609806
"ALAD",0.969997815702666
"ALAS1",NA
"ALAS2",NA
"ALB",0.00669970885752401
"ALCAM",0.140759923031977
"ALDH16A1",0.646377070620912
"ALDH18A1",0.995399712501357
"ALDH1A1",0.893080158006808
"ALDH1A2",0.582344944045122
"ALDH1A3",0.221909105082019
"ALDH1B1",0.96905373086537
"ALDH1L1",0.752133086136903
"ALDH1L2",0.466151072697224
"ALDH2",0.589932428499199
"ALDH3A1",0.0483939864462507
"ALDH3A2",0.609472783463147
"ALDH3B1",NA
"ALDH3B2",NA
"ALDH4A1",0.989864005846713
"ALDH5A1",0.384807485364049
"ALDH6A1",0.795061971467452
"ALDH7A1",0.00086306800135104
"ALDH8A1",NA
"ALDH9A1",0.848011310281654
"ALDOA",0.957151602584474
"ALDOB",NA
"ALDOC",0.981639583434561
"ALG1",0.0255520253835732
"ALG10",NA
"ALG10B",NA
"ALG11",NA
"ALG12",NA
"ALG13",0.342702572857017
"ALG14",NA
"ALG1L",NA
"ALG1L2",NA
"ALG2",0.0745519410813936
"ALG3",NA
"ALG5",0.0011111145011837
"ALG6",NA
"ALG8",NA
"ALG9",NA
"ALK",NA
"ALKBH1",NA
"ALKBH2",NA
"ALKBH3",NA
"ALKBH4",0.469925608014458
"ALKBH5",0.00263706487491167
"ALKBH6",NA
"ALKBH7",NA
"ALKBH8",NA
"ALLC",NA
"ALMS1",NA
"ALOX12",NA
"ALOX12B",NA
"ALOX15",NA
"ALOX15B",NA
"ALOX5",2.6247390580109e-06
"ALOX5AP",4.52081030808093e-07
"ALOXE3",NA
"ALPI",NA
"ALPK1",NA
"ALPK2",NA
"ALPK3",NA
"ALPL",0.943452471266633
"ALPP",NA
"ALS2",0.0186019976755999
"ALS2CL",NA
"ALX1",NA
"ALX3",NA
"ALX4",NA
"ALYREF",0.793554782163759
"AMACR",NA
"AMBN",NA
"AMBP",0.00236532934745644
"AMBRA1",NA
"AMD1",NA
"AMDHD1",NA
"AMDHD2",0.556176194761748
"AMELX",NA
"AMELY",NA
"AMER1",NA
"AMER2",0.0521084955271914
"AMER3",NA
"AMFR",NA
"AMH",NA
"AMHR2",NA
"AMIGO1",NA
"AMIGO2",NA
"AMIGO3",NA
"AMMECR1",NA
"AMMECR1L",NA
"AMN",NA
"AMN1",NA
"AMOT",0.645219487414451
"AMOTL1",NA
"AMOTL2",NA
"AMPD1",NA
"AMPD2",0.270036819213446
"AMPD3",0.877237300895846
"AMPH",0.30379133669219
"AMT",0.89753555410025
"AMTN",NA
"AMY1A",NA
"AMY1B",NA
"AMY1C",NA
"AMY2A",NA
"AMY2B",NA
"AMZ1",NA
"AMZ2",NA
"ANAPC1",0.541165076082688
"ANAPC10",NA
"ANAPC11",NA
"ANAPC13",NA
"ANAPC15",NA
"ANAPC16",NA
"ANAPC2",0.836427560921546
"ANAPC4",0.758557908611342
"ANAPC5",0.51489677342011
"ANAPC7",0.58093307354891
"ANG",0.131623896361682
"ANGEL1",NA
"ANGEL2",0.192865633887577
"ANGPT1",NA
"ANGPT2",0.403652215061268
"ANGPT4",NA
"ANGPTL1",NA
"ANGPTL2",0.515583365430489
"ANGPTL3",NA
"ANGPTL4",NA
"ANGPTL5",NA
"ANGPTL6",NA
"ANGPTL7",NA
"ANHX",NA
"ANK1",0.733681972595087
"ANK2",0.862084956413773
"ANK3",0.993622051548513
"ANKAR",NA
"ANKDD1A",NA
"ANKDD1B",NA
"ANKEF1",NA
"ANKFN1",NA
"ANKFY1",0.156568393598697
"ANKH",NA
"ANKHD1",0.878469955807045
"ANKHD1-EIF4EBP3",NA
"ANKIB1",0.901466344039724
"ANKK1",NA
"ANKLE1",NA
"ANKLE2",NA
"ANKMY1",NA
"ANKMY2",0.924619004595622
"ANKRA2",NA
"ANKRD1",NA
"ANKRD10",NA
"ANKRD11",NA
"ANKRD12",NA
"ANKRD13A",0.89376798827614
"ANKRD13B",NA
"ANKRD13C",NA
"ANKRD13D",0.612260574510431
"ANKRD16",0.998988546706021
"ANKRD17",0.967493227706492
"ANKRD18A",NA
"ANKRD18B",NA
"ANKRD2",NA
"ANKRD20A1",NA
"ANKRD20A2",NA
"ANKRD20A3",NA
"ANKRD20A4",NA
"ANKRD22",NA
"ANKRD23",NA
"ANKRD24",NA
"ANKRD26",NA
"ANKRD27",NA
"ANKRD28",0.942628004370508
"ANKRD29",NA
"ANKRD30A",NA
"ANKRD30B",NA
"ANKRD30BL",NA
"ANKRD31",NA
"ANKRD33",NA
"ANKRD33B",NA
"ANKRD34A",NA
"ANKRD34B",NA
"ANKRD34C",NA
"ANKRD35",0.986610091440416
"ANKRD36",NA
"ANKRD36B",NA
"ANKRD36C",NA
"ANKRD37",NA
"ANKRD39",NA
"ANKRD40",NA
"ANKRD42",NA
"ANKRD44",8.22509296455084e-05
"ANKRD45",0.961651372659261
"ANKRD46",NA
"ANKRD49",NA
"ANKRD50",NA
"ANKRD52",NA
"ANKRD53",NA
"ANKRD54",0.381550381562377
"ANKRD55",NA
"ANKRD6",NA
"ANKRD60",NA
"ANKRD61",NA
"ANKRD62",NA
"ANKRD63",NA
"ANKRD65",NA
"ANKRD66",NA
"ANKRD7",NA
"ANKRD9",NA
"ANKS1A",0.990134899950363
"ANKS1B",0.512505245008607
"ANKS3",NA
"ANKS4B",NA
"ANKS6",NA
"ANKUB1",NA
"ANKZF1",NA
"ANLN",0.698071996783585
"ANO1",NA
"ANO10",3.64825905323053e-05
"ANO2",NA
"ANO3",NA
"ANO4",NA
"ANO5",NA
"ANO6",0.00757685543407313
"ANO7",NA
"ANO8",NA
"ANO9",NA
"ANOS1",NA
"ANP32A",0.0213713149133435
"ANP32B",0.00317337352732944
"ANP32C",NA
"ANP32D",NA
"ANP32E",0.00241282413512381
"ANPEP",0.574758024395854
"ANTXR1",0.75494860350476
"ANTXR2",NA
"ANTXRL",NA
"ANXA1",0.993302087769946
"ANXA10",NA
"ANXA11",0.976006578058352
"ANXA13",NA
"ANXA2",0.772950644488999
"ANXA2R",NA
"ANXA3",0.116883817833721
"ANXA4",0.88912331054437
"ANXA5",0.00607997368226555
"ANXA6",0.109407034021774
"ANXA7",0.00341593480236288
"ANXA8",NA
"ANXA8L1",0.891721338312928
"ANXA9",NA
"AOAH",NA
"AOC1",NA
"AOC2",NA
"AOC3",NA
"AOX1",NA
"AP1AR",NA
"AP1B1",0.222639921641681
"AP1G1",0.999551022793909
"AP1G2",NA
"AP1M1",0.969588980944173
"AP1M2",NA
"AP1S1",0.954090213738665
"AP1S2",0.810022370117426
"AP1S3",NA
"AP2A1",0.760775966671986
"AP2A2",0.922824477194744
"AP2B1",0.999902759787021
"AP2M1",0.957804249043089
"AP2S1",0.937542331043833
"AP3B1",0.103011255003313
"AP3B2",0.269804257918983
"AP3D1",0.996367440532128
"AP3M1",0.0282049594582593
"AP3M2",0.502232299265572
"AP3S1",0.93399753223545
"AP3S2",NA
"AP4B1",NA
"AP4E1",NA
"AP4M1",NA
"AP4S1",0.0993943868637408
"AP5B1",0.494513257668017
"AP5M1",0.0429066415076178
"AP5S1",NA
"AP5Z1",0.0160247646397679
"APAF1",0.970652471544297
"APBA1",0.971355861563548
"APBA2",0.798085155665119
"APBA3",NA
"APBB1",0.450690822178447
"APBB1IP",2.68437013514283e-10
"APBB2",NA
"APBB3",NA
"APC",0.80410678515811
"APC2",0.69907898774117
"APCDD1",NA
"APCDD1L",NA
"APCS",0.64651056384144
"APEH",0.973720869925365
"APELA",NA
"APEX1",0.314729460292925
"APEX2",NA
"APH1A",NA
"APH1B",NA
"API5",0.0697513695358293
"APIP",0.966653616098981
"APLF",NA
"APLN",NA
"APLNR",0.914678873270253
"APLP1",0.610409611438952
"APLP2",0.385802694177927
"APMAP",0.0772803459025223
"APOA1",0.099314567686835
"APOA2",0.137324142523573
"APOA4",0.0871458235599975
"APOA5",NA
"APOB",0.725195111294814
"APOBEC1",NA
"APOBEC2",NA
"APOBEC3A",NA
"APOBEC3B",NA
"APOBEC3C",0.0361137807609748
"APOBEC3D",NA
"APOBEC3F",NA
"APOBEC3G",NA
"APOBEC3H",NA
"APOBEC4",NA
"APOBR",0.287486937476577
"APOC1",0.114296631332706
"APOC2",NA
"APOC3",0.5562299935606
"APOC4",NA
"APOD",0.101950285892678
"APOE",0.193474765734517
"APOF",0.250929383273857
"APOH",0.0185981893005505
"APOL1",0.0795332679216127
"APOL2",1.39293357168366e-07
"APOL3",NA
"APOL4",NA
"APOL5",NA
"APOL6",NA
"APOLD1",NA
"APOM",0.045904761335435
"APOO",0.33165032011523
"APOOL",0.995127537137882
"APP",0.994652320884648
"APPBP2",NA
"APPL1",0.116643917162382
"APPL2",0.300210121556629
"APRT",0.856151585697013
"APTX",NA
"AQP1",0.41205715224409
"AQP10",NA
"AQP11",NA
"AQP12A",NA
"AQP12B",NA
"AQP2",NA
"AQP3",NA
"AQP4",0.660603417341091
"AQP5",NA
"AQP6",NA
"AQP7",NA
"AQP8",NA
"AQP9",NA
"AQR",0.362611374187918
"AR",NA
"ARAF",0.256135171747665
"ARAP1",0.446029076097617
"ARAP2",NA
"ARAP3",NA
"ARC",NA
"ARCN1",0.16918357002937
"AREG",NA
"AREL1",NA
"ARF1",0.817198913539108
"ARF3",0.115743650076101
"ARF4",0.252669346112895
"ARF5",0.116638542040775
"ARF6",0.868813099359717
"ARFGAP1",0.993508729234283
"ARFGAP2",0.915168885386269
"ARFGAP3",0.883743619447286
"ARFGEF1",0.268076970546936
"ARFGEF2",0.98124915814409
"ARFGEF3",0.444822393645556
"ARFIP1",0.264270571062478
"ARFIP2",0.450441288551573
"ARFRP1",NA
"ARG1",0.692117381417622
"ARG2",NA
"ARGFX",NA
"ARGLU1",0.174893949786951
"ARHGAP1",0.069247225783408
"ARHGAP10",NA
"ARHGAP11A",NA
"ARHGAP11B",NA
"ARHGAP12",0.0883849888180046
"ARHGAP15",NA
"ARHGAP17",0.00264440798210952
"ARHGAP18",0.607205191457693
"ARHGAP19",NA
"ARHGAP20",NA
"ARHGAP21",0.977894828319668
"ARHGAP22",NA
"ARHGAP23",0.948232905390101
"ARHGAP24",NA
"ARHGAP25",3.38375558011109e-06
"ARHGAP26",0.961811575649288
"ARHGAP27",NA
"ARHGAP28",NA
"ARHGAP29",NA
"ARHGAP30",NA
"ARHGAP31",6.94108664865028e-05
"ARHGAP32",0.660465569703623
"ARHGAP33",NA
"ARHGAP35",0.934423723817254
"ARHGAP36",NA
"ARHGAP39",0.891623393250134
"ARHGAP4",0.0490074468885909
"ARHGAP40",NA
"ARHGAP42",NA
"ARHGAP44",0.140178626753725
"ARHGAP45",3.43110375742988e-07
"ARHGAP5",0.787267007697842
"ARHGAP6",0.954662009512672
"ARHGAP8",NA
"ARHGAP9",2.76259369668685e-05
"ARHGDIA",0.493717643285865
"ARHGDIB",7.79383020703781e-08
"ARHGDIG",NA
"ARHGEF1",0.00110878104247003
"ARHGEF10",0.966246850374738
"ARHGEF10L",0.999790420183532
"ARHGEF11",0.999987281949405
"ARHGEF12",0.853630564600983
"ARHGEF15",NA
"ARHGEF16",NA
"ARHGEF17",0.239133386925386
"ARHGEF18",0.922130769063984
"ARHGEF19",NA
"ARHGEF2",0.769676926548199
"ARHGEF25",NA
"ARHGEF26",0.607951742390686
"ARHGEF28",NA
"ARHGEF3",NA
"ARHGEF33",0.933282740077577
"ARHGEF35",NA
"ARHGEF37",0.930181541260105
"ARHGEF38",NA
"ARHGEF39",NA
"ARHGEF4",NA
"ARHGEF40",0.131583517127103
"ARHGEF5",NA
"ARHGEF6",3.56889352509485e-06
"ARHGEF7",0.948414673477607
"ARHGEF9",0.967265707435405
"ARID1A",0.0255248301306505
"ARID1B",0.08912387506139
"ARID2",0.0219841240929917
"ARID3A",NA
"ARID3B",NA
"ARID3C",NA
"ARID4A",NA
"ARID4B",0.369837445455374
"ARID5A",NA
"ARID5B",NA
"ARIH1",0.627759716501735
"ARIH2",0.447129825704264
"ARL1",0.099993247250602
"ARL10",NA
"ARL11",NA
"ARL13A",NA
"ARL13B",NA
"ARL14",NA
"ARL14EP",NA
"ARL14EPL",NA
"ARL15",0.577936503025928
"ARL16",NA
"ARL17A",NA
"ARL17B",NA
"ARL2",0.960249144114309
"ARL2BP",0.00966461124071946
"ARL3",0.00396497639809561
"ARL4A",NA
"ARL4C",NA
"ARL4D",NA
"ARL5A",NA
"ARL5B",NA
"ARL5C",NA
"ARL6",0.43862944860489
"ARL6IP1",0.876848989443394
"ARL6IP4",0.816774447955088
"ARL6IP5",0.0450236942593673
"ARL6IP6",NA
"ARL8A",0.114313825120464
"ARL8B",0.0332901769455397
"ARL9",NA
"ARMC1",0.0243960139166353
"ARMC10",0.772673854215625
"ARMC12",NA
"ARMC2",NA
"ARMC3",NA
"ARMC4",NA
"ARMC5",NA
"ARMC6",0.575217657217649
"ARMC7",NA
"ARMC8",0.949982767119921
"ARMC9",0.643734468358261
"ARMCX1",0.0651037505900624
"ARMCX2",0.00680192265975266
"ARMCX3",0.949893974682018
"ARMCX4",NA
"ARMCX5",NA
"ARMCX6",NA
"ARMH3",0.815218813380024
"ARMS2",NA
"ARMT1",0.274166699693971
"ARNT",NA
"ARNT2",0.212941540754722
"ARNTL",NA
"ARNTL2",NA
"ARPC1A",0.833123794030094
"ARPC1B",1.45118373711815e-06
"ARPC2",0.00432491438188102
"ARPC3",0.00240693050851771
"ARPC4",0.00143812547699264
"ARPC4-TTLL3",NA
"ARPC5",0.00394230186845043
"ARPC5L",0.996591555153135
"ARPIN",NA
"ARPP19",0.941042667823209
"ARPP21",NA
"ARR3",NA
"ARRB1",0.996889179448411
"ARRB2",0.00478315901591975
"ARRDC1",NA
"ARRDC2",NA
"ARRDC3",NA
"ARRDC4",NA
"ARRDC5",NA
"ARSA",0.661351522024494
"ARSB",0.987794231308804
"ARSD",NA
"ARSE",NA
"ARSF",NA
"ARSG",NA
"ARSH",NA
"ARSI",NA
"ARSJ",NA
"ARSK",NA
"ART1",NA
"ART3",NA
"ART4",NA
"ART5",NA
"ARTN",NA
"ARV1",NA
"ARVCF",0.00956691149704975
"ARX",NA
"AS3MT",0.542167058441305
"ASAH1",0.482358809350354
"ASAH2",NA
"ASAH2B",NA
"ASAP1",0.369904812528303
"ASAP2",0.0172104260786182
"ASAP3",0.00928064395817413
"ASB1",NA
"ASB10",NA
"ASB11",NA
"ASB12",NA
"ASB13",NA
"ASB14",NA
"ASB15",NA
"ASB16",NA
"ASB17",NA
"ASB18",NA
"ASB2",NA
"ASB4",NA
"ASB5",NA
"ASB6",NA
"ASB7",NA
"ASB8",NA
"ASB9",NA
"ASCC1",0.504021216282139
"ASCC2",0.000960214462782769
"ASCC3",4.28379369859001e-05
"ASCL1",NA
"ASCL2",NA
"ASCL3",NA
"ASCL4",NA
"ASCL5",NA
"ASF1A",0.239074589137559
"ASF1B",NA
"ASGR1",NA
"ASGR2",NA
"ASH1L",NA
"ASH2L",0.030800756458007
"ASIC1",0.27787546951421
"ASIC2",NA
"ASIC3",NA
"ASIC4",NA
"ASIC5",NA
"ASIP",NA
"ASL",0.0576362256264339
"ASMT",NA
"ASMTL",0.893922287084667
"ASNA1",0.973035436363775
"ASNS",0.899817944883574
"ASNSD1",NA
"ASPA",0.914925320493847
"ASPDH",NA
"ASPG",NA
"ASPH",0.140638420911907
"ASPHD1",NA
"ASPHD2",NA
"ASPM",NA
"ASPN",0.923016322717508
"ASPRV1",NA
"ASPSCR1",0.0758712982687563
"ASRGL1",0.552984663784832
"ASS1",0.0173257950088562
"ASTE1",NA
"ASTL",NA
"ASTN1",0.216320877329071
"ASTN2",0.819386879211742
"ASXL1",NA
"ASXL2",NA
"ASXL3",NA
"ASZ1",NA
"ATAD1",0.274476990855229
"ATAD2",NA
"ATAD2B",NA
"ATAD3A",0.296390862418076
"ATAD3B",NA
"ATAD3C",NA
"ATAD5",NA
"ATAT1",0.938856185669983
"ATCAY",0.772427741926688
"ATE1",0.971996216913314
"ATF1",NA
"ATF2",0.152464399732843
"ATF3",NA
"ATF4",NA
"ATF5",NA
"ATF6",NA
"ATF6B",NA
"ATF7",NA
"ATF7IP",0.147175586400182
"ATF7IP2",NA
"ATG10",NA
"ATG101",0.992630961164483
"ATG12",0.822721503262124
"ATG13",NA
"ATG14",NA
"ATG16L1",0.376834770562982
"ATG16L2",NA
"ATG2A",0.60150573373889
"ATG2B",0.990395828931599
"ATG3",0.0108266499657181
"ATG4A",NA
"ATG4B",0.918942946520017
"ATG4C",NA
"ATG4D",NA
"ATG5",0.42540704460518
"ATG7",0.0158984228886108
"ATG9A",0.00871273712592601
"ATG9B",NA
"ATIC",0.931592597055374
"ATL1",0.98185653835055
"ATL2",0.036725477631532
"ATL3",9.63935962378014e-06
"ATM",0.921410519151981
"ATMIN",NA
"ATN1",NA
"ATOH1",NA
"ATOH7",NA
"ATOH8",NA
"ATOX1",0.812914690669175
"ATP10A",NA
"ATP10B",NA
"ATP10D",NA
"ATP11A",NA
"ATP11AUN",NA
"ATP11B",NA
"ATP11C",NA
"ATP12A",NA
"ATP13A1",0.0576622676910686
"ATP13A2",NA
"ATP13A3",NA
"ATP13A4",NA
"ATP13A5",NA
"ATP1A1",0.596183208203737
"ATP1A2",0.618894111486424
"ATP1A3",0.17392500050341
"ATP1A4",NA
"ATP1B1",0.022803848539753
"ATP1B2",0.616679353919366
"ATP1B3",0.0522549399134519
"ATP1B4",NA
"ATP2A1",NA
"ATP2A2",0.330537914064997
"ATP2A3",NA
"ATP2B1",0.369945629489017
"ATP2B2",0.0491154483970896
"ATP2B3",0.0293751809816204
"ATP2B4",0.998985360044259
"ATP2C1",0.862478759563327
"ATP2C2",NA
"ATP4A",NA
"ATP4B",NA
"ATP5F1A",0.308757709002502
"ATP5F1B",0.231067256504971
"ATP5F1C",0.450529322364384
"ATP5F1D",0.453308571941621
"ATP5F1E",0.581189840625521
"ATP5IF1",0.0963974968020629
"ATP5MC1",0.998035308363261
"ATP5MD",0.796536224096403
"ATP5ME",0.565081036783615
"ATP5MF",0.932245602845986
"ATP5MG",0.606972671283952
"ATP5PB",0.604474422366788
"ATP5PD",0.58459077303744
"ATP5PO",0.23714639388126
"ATP5S",0.263149821837211
"ATP6AP1",0.888507384186043
"ATP6AP1L",NA
"ATP6AP2",0.996865675878186
"ATP6V0A1",0.720772350143967
"ATP6V0A2",NA
"ATP6V0A4",NA
"ATP6V0B",NA
"ATP6V0C",0.574412182333042
"ATP6V0D1",0.764872024162468
"ATP6V0D2",NA
"ATP6V0E1",NA
"ATP6V0E2",NA
"ATP6V1A",0.97212766048257
"ATP6V1B1",NA
"ATP6V1B2",0.988955642655222
"ATP6V1C1",0.998442985192027
"ATP6V1C2",NA
"ATP6V1D",0.978643765494492
"ATP6V1E1",0.966711014677856
"ATP6V1E2",NA
"ATP6V1F",0.995694077493943
"ATP6V1G1",0.917649715866589
"ATP6V1G2",0.980312296429593
"ATP6V1G3",NA
"ATP6V1H",0.928111566591138
"ATP7A",NA
"ATP7B",NA
"ATP8A1",0.208620570123756
"ATP8A2",NA
"ATP8B1",NA
"ATP8B2",NA
"ATP8B3",NA
"ATP8B4",NA
"ATP9A",0.9280520231634
"ATP9B",NA
"ATPAF1",0.843603290949662
"ATPAF2",0.564103652744539
"ATR",NA
"ATRAID",NA
"ATRIP",NA
"ATRN",0.14525058869937
"ATRNL1",NA
"ATRX",0.184896686565038
"ATXN1",NA
"ATXN10",0.732915197822853
"ATXN1L",NA
"ATXN2",0.650357414476537
"ATXN2L",0.999796772866995
"ATXN3",0.899072121306574
"ATXN3L",NA
"ATXN7",NA
"ATXN7L1",NA
"ATXN7L2",NA
"ATXN7L3",NA
"ATXN7L3B",0.829251117110731
"AUH",0.242104368705873
"AUNIP",NA
"AUP1",0.107687760237548
"AURKA",NA
"AURKAIP1",NA
"AURKB",NA
"AURKC",NA
"AUTS2",NA
"AVEN",0.786385556291464
"AVIL",NA
"AVL9",0.212209801120628
"AVP",NA
"AVPI1",NA
"AVPR1A",NA
"AVPR1B",NA
"AVPR2",NA
"AWAT1",NA
"AWAT2",NA
"AXDND1",NA
"AXIN1",NA
"AXIN2",NA
"AXL",NA
"AZGP1",0.00728523113980923
"AZI2",NA
"AZIN1",NA
"AZIN2",NA
"AZU1",0.933307689531143
"B2M",0.00596660619972711
"B3GALNT1",NA
"B3GALNT2",NA
"B3GALT1",NA
"B3GALT2",NA
"B3GALT4",NA
"B3GALT5",NA
"B3GALT6",NA
"B3GAT1",NA
"B3GAT2",NA
"B3GAT3",0.24009730648253
"B3GLCT",0.0262992211534156
"B3GNT2",NA
"B3GNT3",NA
"B3GNT4",NA
"B3GNT5",NA
"B3GNT6",NA
"B3GNT7",NA
"B3GNT8",NA
"B3GNT9",NA
"B3GNTL1",NA
"B4GALNT1",NA
"B4GALNT2",NA
"B4GALNT3",NA
"B4GALNT4",NA
"B4GALT1",NA
"B4GALT2",NA
"B4GALT3",NA
"B4GALT4",NA
"B4GALT5",NA
"B4GALT6",NA
"B4GALT7",NA
"B4GAT1",0.666427224282334
"B9D1",NA
"B9D2",NA
"BAALC",0.619445307753656
"BAAT",NA
"BABAM1",0.985463246374008
"BABAM2",0.885084285338043
"BACE1",NA
"BACE2",NA
"BACH1",NA
"BACH2",NA
"BAD",0.996955285938531
"BAG1",0.879121817450638
"BAG2",0.721534594883447
"BAG3",0.6858930919438
"BAG4",NA
"BAG5",0.171125651943595
"BAG6",0.951272850535265
"BAGE2",NA
"BAGE5",NA
"BAHCC1",NA
"BAHD1",NA
"BAIAP2",0.0883885597068952
"BAIAP2L1",NA
"BAIAP2L2",NA
"BAIAP3",NA
"BAK1",NA
"BAMBI",NA
"BANF1",0.509520375992784
"BANF2",NA
"BANK1",NA
"BANP",NA
"BAP1",NA
"BARD1",NA
"BARHL1",NA
"BARHL2",NA
"BARX1",NA
"BARX2",NA
"BASP1",0.0520390285008131
"BATF",NA
"BATF2",NA
"BATF3",NA
"BAX",0.166251127091123
"BAZ1A",NA
"BAZ1B",NA
"BAZ2A",NA
"BAZ2B",NA
"BBC3",NA
"BBIP1",NA
"BBOX1",0.331892618458743
"BBS1",0.903520552952394
"BBS10",NA
"BBS12",NA
"BBS2",0.774841512422483
"BBS4",0.663638663413663
"BBS5",NA
"BBS7",0.998112978150693
"BBS9",0.930553262406953
"BBX",NA
"BCAM",0.994573414431706
"BCAN",0.966015838608191
"BCAP29",0.108342227282473
"BCAP31",0.258599705986218
"BCAR1",0.00209300269910851
"BCAR3",NA
"BCAS1",0.326185860598595
"BCAS2",0.176371440863849
"BCAS3",0.642209189239989
"BCAS4",NA
"BCAT1",0.000652834409857466
"BCAT2",0.78653858252222
"BCCIP",0.214650618593084
"BCDIN3D",NA
"BCHE",0.0163414890813272
"BCKDHA",0.00518096805512931
"BCKDHB",0.0148430317501818
"BCKDK",0.999957780942619
"BCL10",0.493299462468255
"BCL11A",NA
"BCL11B",NA
"BCL2",NA
"BCL2A1",NA
"BCL2L1",0.458575424333944
"BCL2L10",NA
"BCL2L11",NA
"BCL2L12",NA
"BCL2L13",0.993143085208695
"BCL2L14",NA
"BCL2L15",NA
"BCL2L2",NA
"BCL2L2-PABPN1",0.968386986136582
"BCL3",NA
"BCL6",NA
"BCL6B",NA
"BCL7A",0.000172166934735527
"BCL7B",NA
"BCL7C",NA
"BCL9",NA
"BCL9L",0.832284364643374
"BCLAF1",0.00741656223476029
"BCO1",NA
"BCO2",NA
"BCOR",NA
"BCORL1",NA
"BCR",0.938759612764944
"BCS1L",0.861060035644958
"BDH1",0.995115027480638
"BDH2",0.72914810146003
"BDKRB1",NA
"BDKRB2",NA
"BDNF",NA
"BDP1",NA
"BEAN1",NA
"BECN1",0.0372892832294215
"BECN2",NA
"BEGAIN",NA
"BEND2",NA
"BEND3",NA
"BEND4",NA
"BEND5",NA
"BEND6",NA
"BEND7",NA
"BEST1",NA
"BEST2",NA
"BEST3",NA
"BEST4",NA
"BET1",0.919698213371825
"BET1L",NA
"BEX1",NA
"BEX2",NA
"BEX4",NA
"BEX5",NA
"BFAR",NA
"BFSP1",NA
"BFSP2",NA
"BGLAP",NA
"BGN",0.796400405848551
"BHLHA15",NA
"BHLHA9",NA
"BHLHB9",NA
"BHLHE22",NA
"BHLHE23",NA
"BHLHE40",NA
"BHLHE41",NA
"BHMG1",NA
"BHMT",NA
"BHMT2",NA
"BICC1",NA
"BICD1",0.631346391364138
"BICD2",0.0407042184239343
"BID",0.838559983393529
"BIK",NA
"BIN1",0.891428703749923
"BIN2",0.013634193243094
"BIN3",0.397155936126117
"BIRC2",0.523985187858745
"BIRC3",NA
"BIRC5",NA
"BIRC6",0.999807825108437
"BIRC7",NA
"BIVM",NA
"BIVM-ERCC5",NA
"BLCAP",NA
"BLID",NA
"BLK",NA
"BLM",NA
"BLMH",0.0815387318084451
"BLNK",NA
"BLOC1S1",0.0689940593893922
"BLOC1S2",0.490349926065076
"BLOC1S3",0.479041062960198
"BLOC1S4",0.802189536421726
"BLOC1S5",NA
"BLOC1S6",NA
"BLVRA",0.605742800634541
"BLVRB",0.834418208448712
"BLZF1",NA
"BMF",NA
"BMI1",NA
"BMP1",NA
"BMP10",NA
"BMP15",NA
"BMP2",NA
"BMP2K",0.314179100326371
"BMP3",NA
"BMP4",NA
"BMP5",NA
"BMP6",NA
"BMP7",NA
"BMP8A",NA
"BMP8B",NA
"BMPER",NA
"BMPR1A",NA
"BMPR1B",NA
"BMPR2",0.705453372839762
"BMS1",NA
"BMX",NA
"BNC1",NA
"BNC2",NA
"BNIP1",0.371412341806725
"BNIP2",NA
"BNIP3",NA
"BNIP3L",NA
"BNIPL",NA
"BOC",NA
"BOD1",NA
"BOD1L1",0.557282727288394
"BOD1L2",NA
"BOK",NA
"BOLA1",NA
"BOLA2",0.996501669596796
"BOLA2B",NA
"BOLA3",0.802423955185327
"BOLL",NA
"BOP1",0.64749672858703
"BORA",NA
"BORCS5",0.161579856199057
"BORCS6",0.0141855944964223
"BORCS7",0.867084587246966
"BPGM",0.995592020367285
"BPHL",0.0413286354080146
"BPI",NA
"BPIFA1",NA
"BPIFA2",NA
"BPIFA3",NA
"BPIFB1",NA
"BPIFB2",NA
"BPIFB3",NA
"BPIFB4",NA
"BPIFB6",NA
"BPIFC",NA
"BPNT1",0.993278663363922
"BPTF",NA
"BPY2",NA
"BPY2B",NA
"BPY2C",NA
"BRAF",0.40647384746469
"BRAP",0.472706938881279
"BRAT1",0.519735532574331
"BRCA1",NA
"BRCA2",NA
"BRCC3",0.996686563081823
"BRD1",NA
"BRD2",0.0382003606865297
"BRD3",0.0043022353932152
"BRD4",0.73091993253153
"BRD7",0.0826153817405591
"BRD8",0.346246041721225
"BRD9",0.000529403013436145
"BRDT",NA
"BRF1",NA
"BRF2",NA
"BRI3",NA
"BRI3BP",NA
"BRICD5",NA
"BRINP1",NA
"BRINP2",NA
"BRINP3",0.0896006636194985
"BRIP1",NA
"BRIX1",0.986804354871863
"BRK1",0.00397229972962609
"BRMS1",NA
"BRMS1L",0.0103731185715863
"BROX",0.999994270694141
"BRPF1",NA
"BRPF3",NA
"BRS3",NA
"BRSK1",0.998660360867566
"BRSK2",0.200228336620989
"BRWD1",NA
"BRWD3",NA
"BSCL2",0.878695776456248
"BSDC1",0.41752667631879
"BSG",0.211603387509741
"BSN",0.160655927379505
"BSND",NA
"BSPH1",NA
"BSPRY",NA
"BST1",0.0668007791736408
"BST2",0.301804318277266
"BSX",NA
"BTAF1",0.344459324012993
"BTBD1",NA
"BTBD10",NA
"BTBD11",NA
"BTBD16",NA
"BTBD17",0.0061271482864121
"BTBD18",NA
"BTBD19",NA
"BTBD2",NA
"BTBD3",NA
"BTBD6",NA
"BTBD7",NA
"BTBD8",NA
"BTBD9",NA
"BTC",NA
"BTD",0.192447729750218
"BTF3",0.9605473637819
"BTF3L4",0.760601523492055
"BTG1",NA
"BTG2",NA
"BTG3",NA
"BTG4",NA
"BTK",3.30036659451751e-09
"BTLA",NA
"BTN1A1",NA
"BTN2A1",NA
"BTN2A2",NA
"BTN3A1",NA
"BTN3A2",NA
"BTN3A3",0.00313880349477996
"BTNL10",NA
"BTNL2",NA
"BTNL3",NA
"BTNL8",NA
"BTNL9",NA
"BTRC",NA
"BUB1",NA
"BUB1B",NA
"BUB3",0.0351507034004833
"BUD13",NA
"BUD31",0.547698002851482
"BVES",NA
"BYSL",0.999856127177171
"BZW1",0.991259361240514
"BZW2",0.799203868496985
"C11orf54",0.277524938278563
"C11orf58",0.0052501796736227
"C11orf68",0.960631698946103
"C12orf10",0.132394460934216
"C12orf29",0.863006979573774
"C12orf4",0.8572403745041
"C12orf43",0.476367306421267
"C12orf45",0.185822359007983
"C15orf38-AP3S2",0.872798418917475
"C15orf40",0.0141212743349945
"C16orf45",0.84941186593758
"C16orf58",0.696355640918794
"C16orf70",0.685801076301456
"C17orf49",0.930642196174311
"C17orf75",0.0286849631160617
"C18orf25",4.50579944405501e-05
"C18orf32",0.988635292759675
"C19orf12",0.766953312526142
"C19orf66",0.299859548533405
"C19orf70",0.723980975877045
"C1D",NA
"C1GALT1",NA
"C1GALT1C1",NA
"C1GALT1C1L",NA
"C1orf109",0.132553429251941
"C1orf123",0.98240156449124
"C1orf198",0.461420371214655
"C1orf226",0.00864825705967572
"C1orf35",0.111862479001316
"C1QA",0.0148833804240448
"C1QB",0.00386612153365755
"C1QBP",0.141364443627791
"C1QC",0.0022609419945266
"C1QL1",0.0146666399614831
"C1QL2",NA
"C1QL3",NA
"C1QL4",NA
"C1QTNF1",NA
"C1QTNF2",NA
"C1QTNF3",NA
"C1QTNF4",NA
"C1QTNF5",NA
"C1QTNF6",NA
"C1QTNF7",NA
"C1QTNF8",NA
"C1QTNF9",NA
"C1QTNF9B",NA
"C1R",0.000606396107113255
"C1RL",0.0107067408649666
"C1S",0.000553745107085375
"C2",0.000493824706234874
"C20orf27",0.848621718591396
"C21orf2",0.877167005609837
"C2CD2",0.0726328169113218
"C2CD2L",0.232305180834851
"C2CD3",NA
"C2CD4A",NA
"C2CD4B",NA
"C2CD4C",0.991794199410042
"C2CD4D",NA
"C2CD5",0.924155055216722
"C2orf49",0.423276181824763
"C2orf69",0.40780569555844
"C2orf72",0.981601097613911
"C2orf76",0.90583963615556
"C3",0.00360627131862058
"C3AR1",NA
"C3orf38",0.991999384067971
"C4A",0.00791148997093154
"C4B",0.0399825904636986
"C4BPA",0.705886824312485
"C4BPB",0.763915220218359
"C5",0.0241344786362129
"C5AR1",NA
"C5AR2",NA
"C5orf22",0.0309985944241805
"C5orf24",0.000279869042870679
"C5orf51",0.997448007686125
"C6",0.0020373446901728
"C7",0.00284426310342452
"C7orf50",0.984038271805137
"C8A",0.00149993478144014
"C8B",0.000421449878636271
"C8G",0.00442918074389229
"C8orf37",0.000184499766969413
"C8orf82",0.982280770067402
"C9",0.00700764201895526
"C9orf64",0.21886055831446
"C9orf78",0.146960483562242
"CA1",0.938564275158061
"CA10",NA
"CA11",NA
"CA12",NA
"CA13",3.71182148973771e-05
"CA14",0.804271857704587
"CA2",0.983572672140102
"CA3",0.127676566540617
"CA4",0.00195422580459608
"CA5A",NA
"CA5B",NA
"CA6",NA
"CA7",NA
"CA8",0.196304911845912
"CA9",NA
"CAAP1",0.826359649423091
"CAB39",0.979772426674656
"CAB39L",0.301749955920752
"CABIN1",NA
"CABLES1",NA
"CABLES2",NA
"CABP1",NA
"CABP2",NA
"CABP4",NA
"CABP5",NA
"CABP7",NA
"CABS1",NA
"CABYR",NA
"CACFD1",NA
"CACHD1",0.939242961360844
"CACNA1A",NA
"CACNA1B",NA
"CACNA1C",NA
"CACNA1D",NA
"CACNA1E",NA
"CACNA1F",NA
"CACNA1G",NA
"CACNA1H",NA
"CACNA1I",NA
"CACNA1S",NA
"CACNA2D1",0.077063901663203
"CACNA2D2",0.000187644737931238
"CACNA2D3",NA
"CACNA2D4",NA
"CACNB1",NA
"CACNB2",0.959461197115865
"CACNB3",0.815626141359867
"CACNB4",0.831425893810855
"CACNG1",NA
"CACNG2",NA
"CACNG3",NA
"CACNG4",NA
"CACNG5",NA
"CACNG6",NA
"CACNG7",NA
"CACNG8",NA
"CACTIN",NA
"CACUL1",NA
"CACYBP",0.00335623689195968
"CAD",0.624766702545889
"CADM1",0.00804271456799841
"CADM2",0.979834497147866
"CADM3",0.300248275529842
"CADM4",0.985843858987956
"CADPS",0.35474096243473
"CADPS2",0.166510820689766
"CAGE1",NA
"CALB1",0.00191038994973207
"CALB2",0.963124639042388
"CALCA",NA
"CALCB",NA
"CALCOCO1",0.0361312712793824
"CALCOCO2",0.294414305768734
"CALCR",NA
"CALCRL",0.992235576618561
"CALD1",0.998638153299001
"CALHM1",NA
"CALHM2",NA
"CALHM3",NA
"CALM1",NA
"CALM2",NA
"CALM3",0.997836323197459
"CALML3",0.789425189663198
"CALML4",NA
"CALML5",0.924368527381325
"CALML6",NA
"CALN1",NA
"CALR",0.187966611296921
"CALR3",NA
"CALU",0.354478745041847
"CALY",NA
"CAMK1",0.0116955135743058
"CAMK1D",0.991351570778695
"CAMK1G",NA
"CAMK2A",0.985253486393409
"CAMK2B",0.409714965317817
"CAMK2D",0.000541643087839095
"CAMK2G",0.3795890844608
"CAMK2N1",NA
"CAMK2N2",NA
"CAMK4",0.103827925528112
"CAMKK1",0.255951623656097
"CAMKK2",0.56865570794567
"CAMKMT",NA
"CAMKV",0.193911908813936
"CAMLG",0.907445563129436
"CAMP",NA
"CAMSAP1",0.0974228262235167
"CAMSAP2",0.677360973681113
"CAMSAP3",0.135134232800617
"CAMTA1",NA
"CAMTA2",NA
"CAND1",0.00191499688296104
"CAND2",0.532668319156074
"CANT1",NA
"CANX",0.0536226602162104
"CAP1",5.46206542195684e-06
"CAP2",0.968616322390135
"CAPG",0.202202533043571
"CAPN1",0.0702914096709976
"CAPN10",NA
"CAPN11",NA
"CAPN12",NA
"CAPN13",NA
"CAPN14",NA
"CAPN15",NA
"CAPN2",0.0182606703913662
"CAPN3",NA
"CAPN5",0.00390508802867153
"CAPN6",NA
"CAPN7",0.91660239234788
"CAPN8",NA
"CAPN9",NA
"CAPNS1",0.00381022255247109
"CAPNS2",NA
"CAPRIN1",0.98795054044147
"CAPRIN2",NA
"CAPS",0.00371004781450468
"CAPS2",NA
"CAPSL",NA
"CAPZA1",0.825542466876023
"CAPZA2",0.0719670541106244
"CAPZA3",NA
"CAPZB",0.30493422463401
"CARD10",NA
"CARD11",NA
"CARD14",NA
"CARD16",0.997448932414266
"CARD17",NA
"CARD18",NA
"CARD6",NA
"CARD8",0.994574381638523
"CARD9",NA
"CARF",NA
"CARHSP1",0.683420767439792
"CARM1",0.338372369565782
"CARMIL1",0.692405858037852
"CARNMT1",0.29592408533886
"CARNS1",0.987592709823028
"CARS",0.0273782686474855
"CARS2",0.79373507100075
"CARTPT",NA
"CASC1",NA
"CASC3",0.893987963134533
"CASC4",0.638360277058469
"CASD1",NA
"CASK",0.991722877570975
"CASKIN1",0.488798651690128
"CASKIN2",0.931284697357416
"CASP1",2.5332007859779e-09
"CASP10",NA
"CASP12",NA
"CASP14",0.943001901793387
"CASP2",0.744882841380596
"CASP3",0.567995890820711
"CASP4",2.23759305667824e-11
"CASP5",NA
"CASP6",0.95230498023446
"CASP7",0.99787652988732
"CASP8",0.507065539571306
"CASP8AP2",NA
"CASP9",NA
"CASQ1",NA
"CASQ2",NA
"CASR",NA
"CASS4",NA
"CAST",0.283179397544893
"CASTOR2",0.908885606323183
"CASZ1",NA
"CAT",0.877724428344703
"CATIP",NA
"CATSPER1",NA
"CATSPER2",NA
"CATSPER3",NA
"CATSPER4",NA
"CATSPERB",NA
"CATSPERD",NA
"CATSPERG",NA
"CAV1",0.517426540348875
"CAV2",NA
"CAV3",NA
"CAVIN1",0.504655764874145
"CAVIN2",0.999957498812985
"CAVIN3",0.32306526365266
"CBARP",0.78572210444976
"CBFA2T2",NA
"CBFA2T3",NA
"CBFB",0.0186226583449094
"CBL",0.103719385014522
"CBLB",NA
"CBLC",NA
"CBLL1",NA
"CBLN1",0.784320042283183
"CBLN2",NA
"CBLN3",NA
"CBLN4",NA
"CBR1",0.648861004318638
"CBR3",0.00230074806680713
"CBR4",0.273002150423861
"CBS",0.799190920473597
"CBWD1",0.409863775504215
"CBWD2",NA
"CBWD3",NA
"CBWD5",NA
"CBX1",2.16160961289207e-06
"CBX2",NA
"CBX3",0.0978222895278109
"CBX4",NA
"CBX5",0.208381528759965
"CBX6",NA
"CBX7",NA
"CBX8",0.0587823208952629
"CBY1",NA
"CBY3",NA
"CC2D1A",0.00268028924980726
"CC2D1B",0.0610914711834592
"CC2D2A",NA
"CC2D2B",NA
"CCAR1",0.0829579669060999
"CCAR2",0.00107348121685994
"CCBE1",NA
"CCDC102A",0.514495937516245
"CCDC102B",NA
"CCDC103",NA
"CCDC105",NA
"CCDC106",NA
"CCDC107",NA
"CCDC110",NA
"CCDC112",NA
"CCDC113",NA
"CCDC114",NA
"CCDC115",0.989598120310493
"CCDC116",NA
"CCDC117",NA
"CCDC12",0.205371342327351
"CCDC120",NA
"CCDC121",NA
"CCDC122",NA
"CCDC124",0.996266504258913
"CCDC125",NA
"CCDC126",NA
"CCDC127",NA
"CCDC13",NA
"CCDC130",NA
"CCDC134",0.807857970915815
"CCDC136",NA
"CCDC137",NA
"CCDC138",NA
"CCDC14",NA
"CCDC141",NA
"CCDC142",NA
"CCDC144A",NA
"CCDC144NL",NA
"CCDC146",NA
"CCDC148",NA
"CCDC149",NA
"CCDC15",NA
"CCDC150",NA
"CCDC151",NA
"CCDC152",NA
"CCDC153",NA
"CCDC154",NA
"CCDC155",NA
"CCDC157",NA
"CCDC158",NA
"CCDC159",NA
"CCDC160",NA
"CCDC166",NA
"CCDC167",NA
"CCDC168",NA
"CCDC169",NA
"CCDC169-SOHLH2",NA
"CCDC17",NA
"CCDC170",NA
"CCDC171",NA
"CCDC172",NA
"CCDC173",NA
"CCDC174",NA
"CCDC175",NA
"CCDC177",NA
"CCDC178",NA
"CCDC179",NA
"CCDC18",NA
"CCDC180",NA
"CCDC181",NA
"CCDC182",NA
"CCDC183",NA
"CCDC184",NA
"CCDC185",NA
"CCDC186",NA
"CCDC22",0.00207118263318669
"CCDC24",NA
"CCDC25",0.98706946018376
"CCDC27",NA
"CCDC28A",NA
"CCDC28B",NA
"CCDC3",NA
"CCDC30",NA
"CCDC33",NA
"CCDC34",NA
"CCDC36",NA
"CCDC38",NA
"CCDC39",NA
"CCDC40",NA
"CCDC42",NA
"CCDC43",0.0342945180391052
"CCDC47",0.00116153519199495
"CCDC50",0.0427039886345476
"CCDC51",0.774206672115505
"CCDC54",NA
"CCDC57",NA
"CCDC58",0.221282272512029
"CCDC59",NA
"CCDC6",0.990588222050225
"CCDC60",NA
"CCDC61",NA
"CCDC62",NA
"CCDC63",NA
"CCDC65",NA
"CCDC66",NA
"CCDC68",NA
"CCDC69",NA
"CCDC7",NA
"CCDC70",NA
"CCDC71",NA
"CCDC71L",NA
"CCDC73",NA
"CCDC74A",NA
"CCDC74B",NA
"CCDC77",NA
"CCDC78",NA
"CCDC8",NA
"CCDC80",NA
"CCDC81",NA
"CCDC82",NA
"CCDC83",NA
"CCDC84",NA
"CCDC85A",NA
"CCDC85B",NA
"CCDC85C",NA
"CCDC86",0.998504134670044
"CCDC87",NA
"CCDC88A",0.441373144517315
"CCDC88B",NA
"CCDC88C",NA
"CCDC89",NA
"CCDC9",0.969215144632719
"CCDC90B",0.86619839595393
"CCDC91",0.232952468523027
"CCDC92",0.710332519437404
"CCDC93",0.0124482586957834
"CCDC96",NA
"CCDC97",0.0463181719319826
"CCER1",NA
"CCER2",NA
"CCHCR1",NA
"CCIN",NA
"CCK",0.989453588198556
"CCKAR",NA
"CCKBR",NA
"CCL1",NA
"CCL11",NA
"CCL13",NA
"CCL14",NA
"CCL15",NA
"CCL16",NA
"CCL17",NA
"CCL18",NA
"CCL19",NA
"CCL2",NA
"CCL20",NA
"CCL21",NA
"CCL22",NA
"CCL23",NA
"CCL24",NA
"CCL25",NA
"CCL26",NA
"CCL27",NA
"CCL28",NA
"CCL3",NA
"CCL3L3",NA
"CCL4",NA
"CCL4L2",NA
"CCL5",NA
"CCL7",NA
"CCL8",NA
"CCM2",0.93368559010357
"CCM2L",NA
"CCNA1",NA
"CCNA2",NA
"CCNB1",NA
"CCNB1IP1",NA
"CCNB2",NA
"CCNB3",NA
"CCNC",NA
"CCND1",NA
"CCND2",0.956221832174645
"CCND3",NA
"CCNDBP1",NA
"CCNE1",NA
"CCNE2",NA
"CCNF",NA
"CCNG1",NA
"CCNG2",NA
"CCNH",NA
"CCNI",NA
"CCNI2",NA
"CCNJ",NA
"CCNJL",NA
"CCNK",0.261458134999049
"CCNL1",NA
"CCNL2",NA
"CCNO",NA
"CCNT1",0.999914560085149
"CCNT2",NA
"CCNY",0.999251050513353
"CCNYL1",0.0200949425009399
"CCP110",0.0015008633495683
"CCPG1",NA
"CCR1",NA
"CCR10",NA
"CCR2",NA
"CCR3",NA
"CCR4",NA
"CCR5",NA
"CCR6",NA
"CCR7",NA
"CCR8",NA
"CCR9",NA
"CCRL2",NA
"CCS",0.811503039932474
"CCSAP",NA
"CCSER1",NA
"CCSER2",NA
"CCT2",0.0100723829171916
"CCT3",0.010705890965857
"CCT4",0.028728288678056
"CCT5",0.0180554510186326
"CCT6A",0.0238582523327191
"CCT6B",NA
"CCT7",0.0259626212300409
"CCT8",0.0100563090075368
"CCT8L2",NA
"CCZ1",0.661021532474459
"CCZ1B",NA
"CD101",NA
"CD109",0.993233543948479
"CD14",2.68983283924771e-10
"CD151",0.0105626972840752
"CD160",NA
"CD163",0.00394189118760655
"CD163L1",NA
"CD164",NA
"CD164L2",NA
"CD177",NA
"CD180",NA
"CD19",NA
"CD1A",NA
"CD1B",NA
"CD1C",NA
"CD1D",NA
"CD1E",NA
"CD2",NA
"CD200",0.177476467028944
"CD200R1",NA
"CD200R1L",NA
"CD207",NA
"CD209",NA
"CD22",NA
"CD226",NA
"CD24",NA
"CD244",NA
"CD247",NA
"CD248",NA
"CD27",NA
"CD274",NA
"CD276",0.443959714863356
"CD28",NA
"CD2AP",0.0337914847976681
"CD2BP2",0.194735822094258
"CD300A",0.000112416614647239
"CD300C",NA
"CD300E",NA
"CD300LB",NA
"CD300LD",NA
"CD300LF",NA
"CD300LG",NA
"CD302",NA
"CD320",NA
"CD33",NA
"CD34",0.852456029546362
"CD36",0.0862793904694761
"CD37",NA
"CD38",0.866484681168918
"CD3D",NA
"CD3E",NA
"CD3EAP",NA
"CD3G",NA
"CD4",NA
"CD40",NA
"CD40LG",NA
"CD44",0.270423809125844
"CD46",NA
"CD47",0.980590699742625
"CD48",NA
"CD5",NA
"CD52",NA
"CD53",NA
"CD55",NA
"CD58",0.153010641698245
"CD59",0.224334157204152
"CD5L",0.703443708994535
"CD6",NA
"CD63",0.0282902105459191
"CD68",NA
"CD69",NA
"CD7",NA
"CD70",NA
"CD72",NA
"CD74",2.6998699211571e-07
"CD79A",NA
"CD79B",NA
"CD80",NA
"CD81",0.979732261794502
"CD82",NA
"CD83",NA
"CD84",NA
"CD86",NA
"CD8A",NA
"CD8B",NA
"CD9",0.983373563099803
"CD93",0.522892306201724
"CD96",NA
"CD99",0.985962142923841
"CD99L2",0.996808917121291
"CDA",NA
"CDADC1",NA
"CDAN1",NA
"CDC123",0.985712995003638
"CDC14A",NA
"CDC14B",NA
"CDC14C",NA
"CDC16",0.765940653892634
"CDC20",NA
"CDC20B",NA
"CDC23",0.692759599489173
"CDC25A",NA
"CDC25B",NA
"CDC25C",NA
"CDC26",NA
"CDC27",0.994417248874265
"CDC34",0.00270067235918857
"CDC37",0.881596088736868
"CDC37L1",0.457956265125253
"CDC40",0.812334188781934
"CDC42",0.8750012950028
"CDC42BPA",0.122431657051772
"CDC42BPB",0.930442399094173
"CDC42BPG",NA
"CDC42EP1",0.172708648652108
"CDC42EP2",NA
"CDC42EP3",NA
"CDC42EP4",0.314126724531007
"CDC42EP5",NA
"CDC42SE1",NA
"CDC42SE2",0.968631053834256
"CDC45",NA
"CDC5L",0.47815611409691
"CDC6",NA
"CDC7",NA
"CDC73",0.728303710191522
"CDCA2",NA
"CDCA3",NA
"CDCA4",NA
"CDCA5",NA
"CDCA7",NA
"CDCA7L",NA
"CDCA8",NA
"CDCP1",NA
"CDCP2",NA
"CDH1",0.994278764001408
"CDH10",0.954631005316205
"CDH11",0.189770503955187
"CDH12",NA
"CDH13",0.941120273396934
"CDH15",0.796059206502237
"CDH16",NA
"CDH17",NA
"CDH18",NA
"CDH19",NA
"CDH2",0.999981186090967
"CDH20",0.931854770888496
"CDH22",NA
"CDH23",NA
"CDH24",NA
"CDH26",NA
"CDH3",NA
"CDH4",0.415018639289619
"CDH5",0.4657308137575
"CDH6",0.73326513438637
"CDH7",NA
"CDH8",NA
"CDH9",NA
"CDHR1",NA
"CDHR2",NA
"CDHR3",NA
"CDHR4",NA
"CDHR5",NA
"CDIP1",0.742612619088687
"CDIPT",0.769603766251171
"CDK1",0.0168311031299408
"CDK10",NA
"CDK11A",NA
"CDK11B",0.0124160965233534
"CDK12",0.451067047545022
"CDK13",0.0184372335333638
"CDK14",NA
"CDK15",NA
"CDK16",0.997682767261288
"CDK17",0.998960990661023
"CDK18",NA
"CDK19",NA
"CDK2",0.666165666545573
"CDK20",NA
"CDK2AP1",0.104162729532738
"CDK2AP2",NA
"CDK3",NA
"CDK4",0.49407649122765
"CDK5",0.0422005832803351
"CDK5R1",NA
"CDK5R2",NA
"CDK5RAP1",NA
"CDK5RAP2",NA
"CDK5RAP3",0.01603984312799
"CDK6",0.525262435656257
"CDK7",0.000437049968567717
"CDK8",NA
"CDK9",0.250837638174136
"CDKAL1",NA
"CDKL1",NA
"CDKL2",NA
"CDKL3",NA
"CDKL4",NA
"CDKL5",NA
"CDKN1A",NA
"CDKN1B",0.967770408623562
"CDKN1C",NA
"CDKN2A",0.36418987402711
"CDKN2AIP",0.425914172244666
"CDKN2AIPNL",NA
"CDKN2B",NA
"CDKN2C",0.851218378384293
"CDKN2D",NA
"CDKN3",NA
"CDNF",NA
"CDO1",0.00881260651031865
"CDON",NA
"CDPF1",NA
"CDR1",NA
"CDR2",NA
"CDR2L",NA
"CDRT1",NA
"CDRT15",NA
"CDRT15L2",NA
"CDRT4",NA
"CDS1",0.934090120183193
"CDS2",0.906281555423953
"CDSN",0.7342853025902
"CDT1",NA
"CDV3",0.552475158772836
"CDX1",NA
"CDX2",NA
"CDX4",NA
"CDY1",NA
"CDY1B",NA
"CDY2A",NA
"CDY2B",NA
"CDYL",NA
"CDYL2",NA
"CEACAM1",NA
"CEACAM16",NA
"CEACAM18",NA
"CEACAM19",NA
"CEACAM20",NA
"CEACAM21",NA
"CEACAM3",NA
"CEACAM4",NA
"CEACAM5",NA
"CEACAM6",NA
"CEACAM7",NA
"CEACAM8",NA
"CEBPA",NA
"CEBPB",NA
"CEBPD",NA
"CEBPE",NA
"CEBPG",NA
"CEBPZ",0.999938390066626
"CEBPZOS",NA
"CECR2",NA
"CEL",NA
"CELA1",NA
"CELA2A",NA
"CELA2B",NA
"CELA3A",NA
"CELA3B",NA
"CELF1",0.000536153039822127
"CELF2",0.999723487361607
"CELF3",NA
"CELF4",0.988292625742308
"CELF5",NA
"CELF6",NA
"CELSR1",NA
"CELSR2",0.958976796535998
"CELSR3",NA
"CEMIP",NA
"CEMP1",NA
"CEND1",0.989467201916777
"CENPA",NA
"CENPB",0.0975393080804314
"CENPBD1",NA
"CENPC",NA
"CENPE",NA
"CENPF",0.482059249025294
"CENPH",NA
"CENPI",NA
"CENPJ",NA
"CENPK",NA
"CENPL",NA
"CENPM",NA
"CENPN",NA
"CENPO",NA
"CENPP",NA
"CENPQ",NA
"CENPT",NA
"CENPU",NA
"CENPV",0.996967303540836
"CENPW",NA
"CEP104",NA
"CEP112",NA
"CEP120",NA
"CEP126",NA
"CEP128",NA
"CEP131",0.761827291029466
"CEP135",NA
"CEP152",NA
"CEP162",NA
"CEP164",NA
"CEP170",0.552584787936961
"CEP170B",0.832975567724221
"CEP19",NA
"CEP192",NA
"CEP250",0.98114024171985
"CEP290",NA
"CEP295",NA
"CEP295NL",NA
"CEP350",NA
"CEP41",0.563532612681165
"CEP44",NA
"CEP55",NA
"CEP57",NA
"CEP57L1",NA
"CEP63",NA
"CEP68",0.988834535866994
"CEP70",NA
"CEP72",NA
"CEP76",NA
"CEP78",NA
"CEP83",NA
"CEP85",NA
"CEP85L",NA
"CEP89",NA
"CEP95",NA
"CEP97",0.036991373930041
"CEPT1",0.00341391306766244
"CER1",NA
"CERCAM",NA
"CERK",NA
"CERKL",NA
"CERS1",0.993016374575887
"CERS2",0.963154353582415
"CERS3",NA
"CERS4",NA
"CERS5",NA
"CERS6",NA
"CES1",0.630198953105058
"CES2",0.204284629881971
"CES3",NA
"CES4A",NA
"CES5A",NA
"CETN1",NA
"CETN2",0.00956608083907073
"CETN3",0.849947814949717
"CETP",NA
"CFAP126",NA
"CFAP20",0.577807729087388
"CFAP221",NA
"CFAP298",0.00107562634886002
"CFAP36",0.0278444144725046
"CFAP43",NA
"CFAP44",NA
"CFAP45",NA
"CFAP46",NA
"CFAP47",NA
"CFAP52",0.995738063478702
"CFAP53",NA
"CFAP54",NA
"CFAP57",NA
"CFAP58",NA
"CFAP61",NA
"CFAP69",NA
"CFAP70",NA
"CFAP74",NA
"CFAP97",NA
"CFAP99",NA
"CFB",0.00444480090569848
"CFC1",NA
"CFC1B",NA
"CFD",0.00277927777608465
"CFDP1",0.0149650783667249
"CFH",0.00934933800589667
"CFHR1",0.173027193956871
"CFHR2",5.86407936767459e-10
"CFHR3",NA
"CFHR4",NA
"CFHR5",NA
"CFI",0.00031572930860817
"CFL1",0.999633358024766
"CFL2",0.95403382790231
"CFLAR",NA
"CFP",0.000495150733879992
"CFTR",NA
"CGA",NA
"CGB1",NA
"CGB2",NA
"CGB5",NA
"CGB7",NA
"CGB8",NA
"CGGBP1",0.438584397535017
"CGN",NA
"CGNL1",0.6321081234132
"CGREF1",NA
"CGRRF1",NA
"CH25H",NA
"CH507-42P11.6",NA
"CHAC1",NA
"CHAC2",NA
"CHAD",NA
"CHADL",NA
"CHAF1A",NA
"CHAF1B",NA
"CHAMP1",0.0208797223993872
"CHAT",NA
"CHCHD1",NA
"CHCHD10",NA
"CHCHD2",0.00272571401722584
"CHCHD3",0.279045936611775
"CHCHD4",0.0343493524678641
"CHCHD5",NA
"CHCHD6",0.161279767815954
"CHCHD7",NA
"CHD1",NA
"CHD1L",NA
"CHD2",NA
"CHD3",0.251129879981873
"CHD4",0.680286780721462
"CHD5",NA
"CHD6",NA
"CHD7",NA
"CHD8",NA
"CHD9",NA
"CHDH",0.143572076159176
"CHEK1",NA
"CHEK2",0.771198968938714
"CHERP",0.0217924600823525
"CHFR",NA
"CHGA",0.22999219337895
"CHGB",0.0181692650439033
"CHI3L1",0.237670538902288
"CHI3L2",NA
"CHIA",NA
"CHIC1",NA
"CHIC2",NA
"CHID1",0.283471803119823
"CHIT1",NA
"CHKA",0.54791057153328
"CHKB",0.973933234592696
"CHL1",0.550224407306381
"CHM",0.99713908544547
"CHML",NA
"CHMP1A",0.700086773313349
"CHMP1B",0.063377643343948
"CHMP2A",0.506112792257342
"CHMP2B",0.719928544751608
"CHMP3",0.949988149377446
"CHMP4A",0.755026027036974
"CHMP4B",0.547905446665539
"CHMP4C",NA
"CHMP5",0.353195594984288
"CHMP6",0.76395957537514
"CHMP7",0.991331309960212
"CHN1",0.44940454761513
"CHN2",NA
"CHODL",NA
"CHORDC1",0.000257380137739783
"CHP1",0.891112096158368
"CHP2",NA
"CHPF",NA
"CHPF2",NA
"CHPT1",NA
"CHRAC1",0.802680829935405
"CHRD",NA
"CHRDL1",NA
"CHRDL2",NA
"CHRFAM7A",NA
"CHRM1",NA
"CHRM2",NA
"CHRM3",NA
"CHRM4",NA
"CHRM5",NA
"CHRNA1",NA
"CHRNA10",NA
"CHRNA2",NA
"CHRNA3",NA
"CHRNA4",NA
"CHRNA5",NA
"CHRNA6",NA
"CHRNA7",NA
"CHRNA9",NA
"CHRNB1",NA
"CHRNB2",NA
"CHRNB3",NA
"CHRNB4",NA
"CHRND",NA
"CHRNE",NA
"CHRNG",NA
"CHST1",NA
"CHST10",NA
"CHST11",NA
"CHST12",NA
"CHST13",NA
"CHST14",NA
"CHST15",NA
"CHST2",NA
"CHST3",NA
"CHST4",NA
"CHST5",NA
"CHST6",NA
"CHST7",0.180124821340086
"CHST8",NA
"CHST9",NA
"CHSY1",NA
"CHSY3",NA
"CHTF18",NA
"CHTF8",NA
"CHTOP",0.107580356213125
"CHUK",0.992146639879346
"CHURC1",NA
"CHURC1-FNTB",NA
"CIAO1",0.158588838466578
"CIAO2A",0.311586841974112
"CIAO3",0.856592114817954
"CIAPIN1",0.261328104534099
"CIART",NA
"CIB1",0.0139638102136881
"CIB2",NA
"CIB3",NA
"CIB4",NA
"CIC",0.872712026492364
"CIDEA",NA
"CIDEB",NA
"CIDEC",NA
"CIITA",NA
"CILP",NA
"CILP2",NA
"CINP",NA
"CIPC",NA
"CIR1",NA
"CIRBP",0.567781498943974
"CISD1",0.99997939337465
"CISD2",0.986034091558075
"CISD3",NA
"CISH",NA
"CIT",0.380890003376196
"CITED1",NA
"CITED2",NA
"CITED4",NA
"CIZ1",0.827691062145302
"CKAP2",NA
"CKAP2L",NA
"CKAP4",0.721866206218011
"CKAP5",0.99677366559753
"CKB",0.0159206619930461
"CKLF",NA
"CKLF-CMTM1",NA
"CKM",NA
"CKMT1A",0.068450136801271
"CKMT1B",NA
"CKMT2",0.431927124235454
"CKS1B",NA
"CKS2",NA
"CLASP1",0.999671089628082
"CLASP2",0.91018574197838
"CLASRP",NA
"CLC",NA
"CLCA1",NA
"CLCA2",NA
"CLCA4",NA
"CLCC1",0.0315701045513917
"CLCF1",NA
"CLCN1",NA
"CLCN2",NA
"CLCN3",0.155820244534677
"CLCN4",NA
"CLCN5",NA
"CLCN6",0.253108893554024
"CLCN7",NA
"CLCNKA",NA
"CLCNKB",NA
"CLDN1",NA
"CLDN10",NA
"CLDN11",0.955310581739999
"CLDN12",NA
"CLDN14",NA
"CLDN15",NA
"CLDN16",NA
"CLDN17",NA
"CLDN18",NA
"CLDN19",NA
"CLDN2",NA
"CLDN20",NA
"CLDN22",NA
"CLDN23",NA
"CLDN24",NA
"CLDN25",NA
"CLDN3",NA
"CLDN34",NA
"CLDN4",NA
"CLDN5",NA
"CLDN6",NA
"CLDN7",NA
"CLDN8",NA
"CLDN9",NA
"CLDND1",0.990969757493432
"CLDND2",NA
"CLEC10A",NA
"CLEC11A",0.769318586632561
"CLEC12A",NA
"CLEC12B",NA
"CLEC14A",NA
"CLEC16A",0.240632525492576
"CLEC17A",NA
"CLEC18A",NA
"CLEC18B",NA
"CLEC18C",NA
"CLEC19A",NA
"CLEC1A",NA
"CLEC1B",NA
"CLEC2A",NA
"CLEC2B",NA
"CLEC2D",NA
"CLEC2L",NA
"CLEC3A",NA
"CLEC3B",0.29476091511587
"CLEC4A",NA
"CLEC4C",NA
"CLEC4D",NA
"CLEC4E",NA
"CLEC4F",NA
"CLEC4G",NA
"CLEC4M",NA
"CLEC5A",NA
"CLEC6A",NA
"CLEC7A",NA
"CLEC9A",NA
"CLECL1",NA
"CLGN",0.423435053739465
"CLHC1",NA
"CLIC1",0.0624767653556056
"CLIC2",0.00789655031506001
"CLIC3",NA
"CLIC4",0.151258801178168
"CLIC5",NA
"CLIC6",0.513861572423049
"CLINT1",0.935437992630547
"CLIP1",0.479087879190491
"CLIP2",0.455085505411127
"CLIP3",0.984909839086134
"CLIP4",NA
"CLK1",NA
"CLK2",NA
"CLK3",NA
"CLK4",NA
"CLLU1OS",NA
"CLMN",0.94973855878948
"CLMP",NA
"CLN3",NA
"CLN5",0.0780689444799814
"CLN6",NA
"CLN8",NA
"CLNK",NA
"CLNS1A",0.161160975752822
"CLOCK",NA
"CLP1",0.0656622882020389
"CLPB",0.991337460491991
"CLPP",0.941899974797842
"CLPS",NA
"CLPSL1",NA
"CLPSL2",NA
"CLPTM1",0.13580856269585
"CLPTM1L",0.983098337016609
"CLPX",0.99955219402432
"CLRN1",NA
"CLRN2",NA
"CLRN3",NA
"CLSPN",NA
"CLSTN1",0.0354399735218551
"CLSTN2",NA
"CLSTN3",NA
"CLTA",0.944663701349529
"CLTB",0.981056593367538
"CLTC",0.863315106898565
"CLTCL1",NA
"CLU",0.9433806771175
"CLUAP1",NA
"CLUH",0.969409075262124
"CLUL1",NA
"CLVS1",0.960446638032745
"CLVS2",0.0707585916606484
"CLYBL",0.197850576769376
"CMA1",NA
"CMAS",0.247672130432317
"CMBL",0.999930002466538
"CMC1",0.976837509729065
"CMC2",NA
"CMC4",NA
"CMIP",0.992250441532272
"CMKLR1",NA
"CMPK1",0.866693589444392
"CMPK2",0.711235839808009
"CMSS1",0.00610715177517459
"CMTM1",NA
"CMTM2",NA
"CMTM3",NA
"CMTM4",NA
"CMTM5",0.312937411073861
"CMTM6",NA
"CMTM7",NA
"CMTM8",NA
"CMTR1",0.264431571297161
"CMTR2",NA
"CMYA5",NA
"CNBD1",NA
"CNBD2",NA
"CNBP",0.946162218483971
"CNDP1",0.818049046583261
"CNDP2",0.989865484019154
"CNEP1R1",NA
"CNFN",NA
"CNGA1",NA
"CNGA2",NA
"CNGA3",NA
"CNGA4",NA
"CNGB1",NA
"CNGB3",NA
"CNIH1",NA
"CNIH2",NA
"CNIH3",NA
"CNIH4",0.555702601451517
"CNKSR1",NA
"CNKSR2",0.214210681125601
"CNKSR3",NA
"CNN1",0.963959410770402
"CNN2",0.89719215701322
"CNN3",0.0962656735973409
"CNNM1",NA
"CNNM2",NA
"CNNM3",0.564540431326443
"CNNM4",NA
"CNOT1",0.722483065647325
"CNOT10",0.826158891483124
"CNOT11",0.880584759410168
"CNOT2",0.811727589558943
"CNOT3",0.84792721441441
"CNOT4",0.99828758201854
"CNOT6",NA
"CNOT6L",NA
"CNOT7",0.394303067455562
"CNOT8",NA
"CNOT9",0.639287598511451
"CNP",0.98210334430358
"CNPPD1",NA
"CNPY1",NA
"CNPY2",0.333064121296793
"CNPY3",0.0529237497757125
"CNPY4",0.852625090045895
"CNR1",NA
"CNR2",NA
"CNRIP1",0.907861965982001
"CNST",0.72487484862189
"CNTD1",NA
"CNTD2",NA
"CNTF",NA
"CNTFR",0.00276229901159859
"CNTLN",NA
"CNTN1",0.0112692314319802
"CNTN2",0.645449847656578
"CNTN3",NA
"CNTN4",NA
"CNTN5",NA
"CNTN6",NA
"CNTNAP1",0.991840178608835
"CNTNAP2",0.548343815882065
"CNTNAP3",NA
"CNTNAP3B",NA
"CNTNAP4",NA
"CNTNAP5",NA
"CNTRL",NA
"CNTROB",NA
"COA1",NA
"COA3",0.923638868128516
"COA4",NA
"COA5",0.897650118632672
"COA6",0.880133384511808
"COA7",0.213609903670147
"COASY",0.378598986045484
"COBL",0.587308223736775
"COBLL1",0.556380994704528
"COCH",NA
"COG1",0.566508653607409
"COG2",0.955757329968013
"COG3",0.567250648387033
"COG4",0.672724309171918
"COG5",0.822042736101597
"COG6",0.410384155716517
"COG7",0.891375044835762
"COG8",0.492858421487646
"COIL",0.0180163002107495
"COL10A1",NA
"COL11A1",NA
"COL11A2",NA
"COL12A1",0.999706016397657
"COL13A1",NA
"COL14A1",0.976005528812598
"COL15A1",0.000657985999327374
"COL16A1",NA
"COL17A1",NA
"COL18A1",0.999221524930804
"COL19A1",NA
"COL1A1",0.989999925321996
"COL1A2",0.982845930536858
"COL20A1",NA
"COL21A1",NA
"COL22A1",NA
"COL23A1",NA
"COL24A1",NA
"COL25A1",NA
"COL26A1",NA
"COL27A1",NA
"COL28A1",NA
"COL2A1",NA
"COL3A1",0.99732999578231
"COL4A1",0.993664259920463
"COL4A2",0.925255865562537
"COL4A2-AS2",NA
"COL4A3",0.114209393675537
"COL4A3BP",0.659142310054936
"COL4A4",NA
"COL4A5",NA
"COL4A6",NA
"COL5A1",0.977821177531126
"COL5A2",NA
"COL5A3",NA
"COL6A1",0.661688243795123
"COL6A2",0.920096702837452
"COL6A3",0.96983035264243
"COL6A5",NA
"COL6A6",NA
"COL7A1",0.904676908497609
"COL8A1",NA
"COL8A2",NA
"COL9A1",NA
"COL9A2",NA
"COL9A3",NA
"COLCA1",NA
"COLCA2",NA
"COLEC10",NA
"COLEC11",NA
"COLEC12",0.502515095829498
"COLGALT1",0.045404321437198
"COLGALT2",0.0326348978977697
"COLQ",NA
"COMMD1",0.0772278971354734
"COMMD10",0.00419879759542429
"COMMD2",0.846790783654506
"COMMD3",0.0601461788426283
"COMMD3-BMI1",0.164075121968888
"COMMD4",0.0643205579824212
"COMMD5",0.0191001118810711
"COMMD6",NA
"COMMD7",0.00609184512200924
"COMMD8",0.456544982278478
"COMMD9",0.0184145968983119
"COMP",NA
"COMT",0.00155780691473287
"COMTD1",NA
"COPA",0.114342434132335
"COPB1",0.308931234736343
"COPB2",0.307471556819953
"COPE",0.307261037933579
"COPG1",0.0174497413638305
"COPG2",0.915090259782257
"COPRS",0.350156326966743
"COPS2",0.501594121310174
"COPS3",0.298686687249156
"COPS4",0.31359730165292
"COPS5",0.461543160375622
"COPS6",0.502462779866899
"COPS7A",0.999954649092598
"COPS7B",0.672920076546379
"COPS8",0.182727463834634
"COPZ1",0.340845359803828
"COPZ2",NA
"COQ10A",NA
"COQ10B",NA
"COQ2",NA
"COQ3",0.0100198284865769
"COQ4",NA
"COQ5",0.206633546402129
"COQ6",0.0326802188066293
"COQ7",0.415303219744587
"COQ8A",0.99997114409407
"COQ8B",0.664127702432284
"COQ9",0.904198876031465
"CORIN",NA
"CORO1A",4.88860022450055e-08
"CORO1B",0.210966716662596
"CORO1C",0.781530633800825
"CORO2A",NA
"CORO2B",0.998757722366238
"CORO6",NA
"CORO7",NA
"CORO7-PAM16",1.19326374491586e-05
"CORT",NA
"COTL1",1.50345129233834e-05
"COX10",NA
"COX11",NA
"COX14",NA
"COX15",NA
"COX16",NA
"COX17",NA
"COX18",NA
"COX19",NA
"COX20",NA
"COX4I1",0.578480068835968
"COX4I2",NA
"COX5A",0.676746327256911
"COX5B",0.774772927504423
"COX6A1",NA
"COX6A2",NA
"COX6B1",0.551375692445909
"COX6B2",NA
"COX6C",0.809154239312506
"COX7A1",NA
"COX7A2",0.590641689125426
"COX7A2L",0.419948708382977
"COX7B",NA
"COX7B2",NA
"COX7C",0.728402682695399
"COX8A",NA
"COX8C",NA
"CP",0.0303755992774883
"CPA1",NA
"CPA2",NA
"CPA3",NA
"CPA4",NA
"CPA5",NA
"CPA6",NA
"CPAMD8",NA
"CPB1",NA
"CPB2",0.0031772240659364
"CPD",0.943729712201513
"CPE",0.924558930637729
"CPEB1",NA
"CPEB2",NA
"CPEB3",NA
"CPEB4",0.0941995044182491
"CPED1",NA
"CPLX1",NA
"CPLX2",NA
"CPLX3",NA
"CPLX4",NA
"CPM",0.397469367552218
"CPN1",NA
"CPN2",0.0444636765938967
"CPNE1",0.997831745669799
"CPNE2",0.259680535267558
"CPNE3",0.00353300703895421
"CPNE4",0.445623205076626
"CPNE5",0.609962614984716
"CPNE6",0.0798999810994509
"CPNE7",NA
"CPNE8",0.390071468969801
"CPNE9",NA
"CPO",NA
"CPOX",0.861649169590205
"CPPED1",0.0188824127684012
"CPQ",0.204066555926526
"CPS1",0.382769034026769
"CPSF1",0.00756987172178909
"CPSF2",0.0478521634294339
"CPSF3",0.0537869499373714
"CPSF4",0.660695560835114
"CPSF4L",NA
"CPSF6",0.031675111093655
"CPSF7",0.0307294551703668
"CPT1A",0.000877041784705405
"CPT1B",NA
"CPT1C",NA
"CPT2",0.846227204743999
"CPTP",NA
"CPVL",0.292529225279999
"CPXCR1",NA
"CPXM1",0.897091019037776
"CPXM2",NA
"CPZ",NA
"CR1",NA
"CR1L",NA
"CR2",NA
"CRABP1",0.0210574626026107
"CRABP2",0.184466895375668
"CRACR2A",NA
"CRACR2B",NA
"CRADD",0.817210350941241
"CRAT",0.851844075612249
"CRB1",NA
"CRB2",0.188193484511582
"CRB3",NA
"CRBN",0.217710701596772
"CRCP",NA
"CRCT1",NA
"CREB1",0.143745277051537
"CREB3",NA
"CREB3L1",NA
"CREB3L2",NA
"CREB3L3",NA
"CREB3L4",NA
"CREB5",NA
"CREBBP",0.156847241310187
"CREBL2",NA
"CREBRF",NA
"CREBZF",NA
"CREG1",NA
"CREG2",NA
"CRELD1",0.0356425781453973
"CRELD2",0.0319728469108505
"CREM",NA
"CRH",NA
"CRHBP",NA
"CRHR1",NA
"CRHR2",NA
"CRIM1",NA
"CRIP1",0.47827236818815
"CRIP2",0.562814505684047
"CRIP3",NA
"CRIPAK",NA
"CRIPT",NA
"CRISP1",NA
"CRISP2",NA
"CRISP3",0.354548713600706
"CRISPLD1",NA
"CRISPLD2",NA
"CRK",0.873633909294428
"CRKL",0.8811811005401
"CRLF1",NA
"CRLF2",NA
"CRLF3",0.984041625578534
"CRLS1",NA
"CRMP1",0.456067831721723
"CRNDE",NA
"CRNKL1",0.0260259907550111
"CRNN",NA
"CROCC",0.00167874793089226
"CROCC2",NA
"CROT",0.73526033627532
"CRP",NA
"CRTAC1",0.544611952048891
"CRTAM",NA
"CRTAP",0.913347089958365
"CRTC1",0.158628177198657
"CRTC2",0.954752087060219
"CRTC3",0.390984862766251
"CRX",NA
"CRY1",NA
"CRY2",NA
"CRYAA",NA
"CRYAB",0.424351317901826
"CRYBA1",NA
"CRYBA2",NA
"CRYBA4",NA
"CRYBB1",NA
"CRYBB2",NA
"CRYBB3",NA
"CRYBG3",0.994195251687892
"CRYGA",NA
"CRYGB",NA
"CRYGC",NA
"CRYGD",NA
"CRYGN",NA
"CRYGS",NA
"CRYL1",0.941734269309494
"CRYM",0.343062149290722
"CRYZ",0.767581942801174
"CRYZL1",0.570946652796687
"CS",0.393047093201871
"CSAD",0.78328833402736
"CSAG1",NA
"CSAG2",NA
"CSAG3",NA
"CSDC2",0.942144206800865
"CSDE1",0.99147384341712
"CSE1L",0.0158449622909328
"CSF1",NA
"CSF1R",0.366238583871933
"CSF2",NA
"CSF2RA",NA
"CSF2RB",NA
"CSF3",NA
"CSF3R",NA
"CSGALNACT1",NA
"CSGALNACT2",NA
"CSH1",NA
"CSH2",NA
"CSHL1",NA
"CSK",0.00178155833706809
"CSMD1",NA
"CSMD2",NA
"CSMD3",NA
"CSN1S1",NA
"CSN2",NA
"CSN3",NA
"CSNK1A1",0.99331825300637
"CSNK1A1L",NA
"CSNK1D",NA
"CSNK1E",NA
"CSNK1G1",NA
"CSNK1G2",NA
"CSNK1G3",0.816142286211513
"CSNK2A1",0.00201094580275739
"CSNK2A2",0.361886538950963
"CSNK2A3",NA
"CSNK2B",0.0517756710856531
"CSPG4",0.182106340672412
"CSPG5",0.974558929586078
"CSPP1",NA
"CSRNP1",NA
"CSRNP2",NA
"CSRNP3",NA
"CSRP1",0.999999838755061
"CSRP2",0.972006673167507
"CSRP3",NA
"CST1",NA
"CST11",NA
"CST2",NA
"CST3",0.685234598047607
"CST4",NA
"CST5",NA
"CST6",NA
"CST7",NA
"CST8",NA
"CST9",NA
"CST9L",NA
"CSTA",0.751808429445333
"CSTB",0.859306306568044
"CSTF1",0.0912490149421107
"CSTF2",0.118156004912639
"CSTF2T",0.203782954042362
"CSTF3",0.0159037433669219
"CSTL1",NA
"CT45A1",NA
"CT45A10",NA
"CT45A2",NA
"CT45A3",NA
"CT45A5",NA
"CT45A6",NA
"CT45A7",NA
"CT45A8",NA
"CT45A9",NA
"CT47A1",NA
"CT47A10",NA
"CT47A11",NA
"CT47A12",NA
"CT47A2",NA
"CT47A3",NA
"CT47A4",NA
"CT47A5",NA
"CT47A6",NA
"CT47A7",NA
"CT47A8",NA
"CT47A9",NA
"CT47B1",NA
"CT55",NA
"CT62",NA
"CT83",NA
"CTAG1A",NA
"CTAG1B",NA
"CTAG2",NA
"CTAGE1",NA
"CTAGE15",NA
"CTAGE4",NA
"CTAGE6",NA
"CTAGE8",NA
"CTAGE9",NA
"CTBP1",0.00468741628102116
"CTBP2",0.0958008399928087
"CTBS",0.00121655949793116
"CTC1",NA
"CTCF",0.146365343051451
"CTCFL",NA
"CTDNEP1",NA
"CTDP1",0.724195173318351
"CTDSP1",NA
"CTDSP2",NA
"CTDSPL",NA
"CTDSPL2",0.0371323574486721
"CTF1",0.45250555408743
"CTH",0.591020846420059
"CTHRC1",0.0286469193263736
"CTIF",0.959891055069017
"CTLA4",NA
"CTNNA1",0.152296737631843
"CTNNA2",0.737548623277975
"CTNNA3",0.905557006889926
"CTNNAL1",0.999915485777305
"CTNNB1",0.798981509982622
"CTNNBIP1",NA
"CTNNBL1",0.125202133252674
"CTNND1",0.0945236941793768
"CTNND2",0.756109654088977
"CTNS",NA
"CTPS1",0.210156132867264
"CTPS2",0.602860233553779
"CTR9",0.0615130669317686
"CTRB1",NA
"CTRB2",NA
"CTRC",NA
"CTRL",NA
"CTSA",0.000285802924210812
"CTSB",1.09191140915035e-06
"CTSC",2.615399968691e-05
"CTSD",0.376614120244887
"CTSE",NA
"CTSF",0.18676819955682
"CTSG",0.813522483164457
"CTSH",0.532512033392585
"CTSK",NA
"CTSL",0.00336206317174403
"CTSO",NA
"CTSS",0.000336224944844638
"CTSV",NA
"CTSW",NA
"CTSZ",0.000202130188191179
"CTTN",0.28115880361267
"CTTNBP2",0.146606417534104
"CTTNBP2NL",0.655135155985528
"CTU1",NA
"CTU2",NA
"CTXN1",NA
"CTXN2",NA
"CTXN3",NA
"CUBN",NA
"CUEDC1",NA
"CUEDC2",0.846065692572112
"CUL1",0.376006535088205
"CUL2",0.984954637691288
"CUL3",0.0522822011231552
"CUL4A",0.180910027554525
"CUL4B",0.0248387731999431
"CUL5",0.0873397223563645
"CUL7",0.824639301177536
"CUL9",0.0254543008026678
"CUTA",0.983714960500791
"CUTC",0.541533807470078
"CUX1",0.96045809445036
"CUX2",NA
"CUZD1",NA
"CWC15",0.260853786542236
"CWC22",0.825658663595526
"CWC25",NA
"CWC27",0.326068597417275
"CWF19L1",0.969214974021501
"CWF19L2",NA
"CWH43",NA
"CX3CL1",NA
"CX3CR1",NA
"CXADR",0.127086543367471
"CXCL1",NA
"CXCL10",NA
"CXCL11",NA
"CXCL12",NA
"CXCL13",NA
"CXCL14",NA
"CXCL16",NA
"CXCL17",NA
"CXCL2",NA
"CXCL3",NA
"CXCL5",NA
"CXCL6",NA
"CXCL8",NA
"CXCL9",NA
"CXCR1",NA
"CXCR2",NA
"CXCR3",NA
"CXCR4",NA
"CXCR5",NA
"CXCR6",NA
"CXorf38",0.996428152579809
"CXXC1",0.0360442672031362
"CXXC4",NA
"CXXC5",NA
"CYB561",NA
"CYB561A3",NA
"CYB561D1",NA
"CYB561D2",NA
"CYB5A",0.709703377425309
"CYB5B",0.535360453599368
"CYB5D1",NA
"CYB5D2",NA
"CYB5R1",0.600568738113231
"CYB5R2",0.847957645559137
"CYB5R3",0.0995451766689268
"CYB5R4",NA
"CYB5RL",NA
"CYBA",9.39424946081721e-07
"CYBB",9.45791072303622e-09
"CYBC1",4.00044045829542e-05
"CYBRD1",0.928143403859941
"CYC1",0.25858408401699
"CYCS",0.316120905924549
"CYFIP1",0.256873478556753
"CYFIP2",0.99982997972698
"CYGB",0.965546072098634
"CYHR1",0.534125193653429
"CYLC1",NA
"CYLC2",NA
"CYLD",0.757992477976309
"CYP11A1",NA
"CYP11B1",NA
"CYP11B2",NA
"CYP17A1",NA
"CYP19A1",NA
"CYP1A1",NA
"CYP1A2",NA
"CYP1B1",NA
"CYP20A1",0.0254912883364335
"CYP21A2",NA
"CYP24A1",NA
"CYP26A1",NA
"CYP26B1",NA
"CYP26C1",NA
"CYP27A1",0.225858719879637
"CYP27B1",NA
"CYP27C1",NA
"CYP2A13",NA
"CYP2A6",NA
"CYP2A7",NA
"CYP2B6",NA
"CYP2C18",NA
"CYP2C19",NA
"CYP2C8",NA
"CYP2C9",NA
"CYP2D6",NA
"CYP2D7",NA
"CYP2E1",NA
"CYP2F1",NA
"CYP2J2",NA
"CYP2R1",NA
"CYP2S1",NA
"CYP2U1",0.00730984794334069
"CYP2W1",NA
"CYP39A1",NA
"CYP3A4",NA
"CYP3A43",NA
"CYP3A5",NA
"CYP3A7",NA
"CYP3A7-CYP3A51P",NA
"CYP46A1",NA
"CYP4A11",NA
"CYP4A22",NA
"CYP4B1",NA
"CYP4F11",NA
"CYP4F12",NA
"CYP4F2",NA
"CYP4F22",NA
"CYP4F3",NA
"CYP4F8",NA
"CYP4V2",NA
"CYP4X1",NA
"CYP4Z1",NA
"CYP51A1",0.231810349247159
"CYP7A1",NA
"CYP7B1",0.00314635949848704
"CYP8B1",NA
"CYS1",NA
"CYSLTR1",NA
"CYSLTR2",NA
"CYSRT1",NA
"CYSTM1",NA
"CYTH1",0.60046078278048
"CYTH2",0.727003831044743
"CYTH3",0.914635043982432
"CYTH4",NA
"CYTIP",NA
"CYTL1",NA
"CYYR1",NA
"D2HGDH",0.143276114328385
"DAAM1",NA
"DAAM2",0.09716408577743
"DAB1",NA
"DAB2",0.0699892855017593
"DAB2IP",0.978171547163931
"DACH1",6.68394028845584e-05
"DACH2",NA
"DACT1",NA
"DACT2",NA
"DACT3",NA
"DAD1",0.964195485565165
"DAG1",0.0976360789680326
"DAGLA",0.132392049357818
"DAGLB",0.368615493617507
"DALRD3",NA
"DAND5",NA
"DAO",0.00415466990032916
"DAOA",NA
"DAP",0.944823960518012
"DAP3",0.999427784386071
"DAPK1",0.991134470708069
"DAPK2",NA
"DAPK3",NA
"DAPL1",NA
"DAPP1",NA
"DARS",0.0526312557791781
"DARS2",0.473783424407378
"DAW1",NA
"DAXX",NA
"DAZ1",NA
"DAZ2",NA
"DAZ3",NA
"DAZ4",NA
"DAZAP1",0.549247085241831
"DAZAP2",0.553814853058839
"DAZL",NA
"DBF4",NA
"DBF4B",NA
"DBH",NA
"DBI",0.982959846807081
"DBN1",8.82344238060017e-05
"DBNDD1",NA
"DBNDD2",NA
"DBNL",0.00810995939819741
"DBP",NA
"DBR1",0.635295896204326
"DBT",0.0125203012408812
"DBX1",NA
"DBX2",NA
"DCAF1",0.11469905269221
"DCAF10",NA
"DCAF11",NA
"DCAF12",NA
"DCAF12L1",NA
"DCAF12L2",NA
"DCAF13",NA
"DCAF15",NA
"DCAF16",NA
"DCAF17",NA
"DCAF4",NA
"DCAF4L1",NA
"DCAF4L2",NA
"DCAF5",NA
"DCAF6",NA
"DCAF7",5.23477205120117e-07
"DCAF8",0.890839761748403
"DCAF8L1",NA
"DCAF8L2",NA
"DCAKD",0.954877087195839
"DCANP1",NA
"DCBLD1",NA
"DCBLD2",NA
"DCC",NA
"DCD",0.964768022678235
"DCDC1",NA
"DCDC2",NA
"DCDC2B",NA
"DCDC2C",NA
"DCHS1",0.975832040734226
"DCHS2",NA
"DCK",0.94229573599239
"DCLK1",0.347825137173524
"DCLK2",0.87099037589211
"DCLK3",NA
"DCLRE1A",NA
"DCLRE1B",NA
"DCLRE1C",NA
"DCN",0.939447324068411
"DCP1A",0.320648837688884
"DCP1B",0.986211243232409
"DCP2",NA
"DCPS",0.941577477202865
"DCST1",NA
"DCST2",NA
"DCSTAMP",NA
"DCT",NA
"DCTD",0.0550834469714616
"DCTN1",0.992753683701186
"DCTN2",0.95182733321726
"DCTN3",0.957837860822476
"DCTN4",0.977702622207866
"DCTN5",0.987997467564504
"DCTN6",0.892423710392472
"DCTPP1",0.348753448079056
"DCUN1D1",0.767174834953548
"DCUN1D2",NA
"DCUN1D3",0.836447376873964
"DCUN1D4",NA
"DCUN1D5",0.0842197767612055
"DCX",0.731280263048346
"DCXR",0.0672438688596801
"DDA1",NA
"DDAH1",0.926901028391243
"DDAH2",0.114132469071348
"DDB1",8.31813102659616e-05
"DDB2",NA
"DDC",NA
"DDHD1",NA
"DDHD2",0.0117790408875298
"DDI1",NA
"DDI2",0.77010968893867
"DDIAS",NA
"DDIT3",NA
"DDIT4",NA
"DDIT4L",NA
"DDN",NA
"DDO",NA
"DDOST",0.270759797118366
"DDR1",0.237871934006831
"DDR2",0.0391880928046043
"DDRGK1",0.0107961436090186
"DDT",0.584526376591855
"DDTL",NA
"DDX1",0.170415044868314
"DDX10",NA
"DDX11",NA
"DDX17",0.112525062987094
"DDX18",0.99836629352849
"DDX19A",0.853804752051682
"DDX19B",0.980844582556375
"DDX20",0.20963022786137
"DDX21",0.958862883143972
"DDX23",0.547249785087711
"DDX24",0.980190395358313
"DDX25",NA
"DDX27",0.899233463243096
"DDX28",NA
"DDX31",NA
"DDX39A",0.916572319614811
"DDX39B",0.0763545142745577
"DDX3X",0.931776002220118
"DDX3Y",0.827681221824613
"DDX4",NA
"DDX41",0.427321620405958
"DDX42",0.0559854124597477
"DDX43",NA
"DDX46",0.399393878369742
"DDX47",0.999734125852653
"DDX49",NA
"DDX5",0.434066799547419
"DDX50",0.966304042637235
"DDX51",0.917113860322577
"DDX52",NA
"DDX53",NA
"DDX54",NA
"DDX55",NA
"DDX56",0.963958022968401
"DDX58",0.00579826421084576
"DDX59",NA
"DDX6",0.167591877511087
"DDX60",0.996787287947933
"DDX60L",NA
"DEAF1",NA
"DECR1",0.8561487842963
"DECR2",0.357518432283968
"DEDD",NA
"DEDD2",NA
"DEF6",NA
"DEF8",NA
"DEFA1",NA
"DEFA1B",0.985064870204266
"DEFA3",NA
"DEFA4",NA
"DEFA5",NA
"DEFA6",NA
"DEFB1",NA
"DEFB103A",NA
"DEFB103B",NA
"DEFB104A",NA
"DEFB104B",NA
"DEFB105A",NA
"DEFB105B",NA
"DEFB106A",NA
"DEFB106B",NA
"DEFB107A",NA
"DEFB107B",NA
"DEFB108B",NA
"DEFB110",NA
"DEFB112",NA
"DEFB113",NA
"DEFB114",NA
"DEFB115",NA
"DEFB116",NA
"DEFB118",NA
"DEFB119",NA
"DEFB121",NA
"DEFB123",NA
"DEFB124",NA
"DEFB125",NA
"DEFB126",NA
"DEFB127",NA
"DEFB128",NA
"DEFB129",NA
"DEFB132",NA
"DEFB134",NA
"DEFB135",NA
"DEFB136",NA
"DEFB4A",NA
"DEFB4B",NA
"DEGS1",NA
"DEGS2",NA
"DEK",0.0356125432399338
"DENND1A",0.863767283675325
"DENND1B",NA
"DENND1C",NA
"DENND2A",NA
"DENND2C",NA
"DENND2D",NA
"DENND3",NA
"DENND4A",0.94342440674074
"DENND4B",0.989650787869293
"DENND4C",0.123631268307834
"DENND5A",0.301524216462764
"DENND5B",0.247726580016755
"DENND6A",NA
"DENND6B",NA
"DENR",0.980006100244494
"DEPDC1",NA
"DEPDC1B",NA
"DEPDC4",NA
"DEPDC5",NA
"DEPDC7",NA
"DEPTOR",0.994854193403547
"DERA",0.391775842427659
"DERL1",NA
"DERL2",NA
"DERL3",NA
"DES",0.99974956238361
"DESI1",NA
"DESI2",NA
"DET1",NA
"DEXI",NA
"DFFA",0.101325516589116
"DFFB",NA
"DGAT1",NA
"DGAT2",NA
"DGAT2L6",NA
"DGCR2",NA
"DGCR6",NA
"DGCR6L",NA
"DGCR8",NA
"DGKA",3.50513251232204e-05
"DGKB",0.468606372881554
"DGKD",NA
"DGKE",0.910741127783902
"DGKG",0.298910189242843
"DGKH",NA
"DGKI",NA
"DGKK",NA
"DGKQ",NA
"DGKZ",0.942754127138419
"DGLUCY",0.122438390764075
"DGUOK",0.00060324246656533
"DHCR24",NA
"DHCR7",0.196653114210172
"DHDDS",NA
"DHDH",NA
"DHFR",0.758384465373938
"DHH",NA
"DHODH",0.991964287507295
"DHPS",0.0335367500296811
"DHRS1",0.251970164672641
"DHRS11",0.740803402066048
"DHRS12",NA
"DHRS13",NA
"DHRS2",NA
"DHRS3",0.998749453138548
"DHRS4",0.884864008840145
"DHRS4L1",NA
"DHRS4L2",NA
"DHRS7",1.24736963990355e-05
"DHRS7B",0.59085535043886
"DHRS7C",NA
"DHRS9",NA
"DHRSX",NA
"DHTKD1",0.972285914985326
"DHX15",0.0113214563039328
"DHX16",0.940810506821773
"DHX29",0.288473507161625
"DHX30",0.939846071175245
"DHX32",0.58343859872431
"DHX33",NA
"DHX34",NA
"DHX35",NA
"DHX36",0.896830924771561
"DHX37",NA
"DHX38",0.999627991633838
"DHX40",0.446295037710636
"DHX57",0.898235859034831
"DHX58",NA
"DHX8",0.127358256284489
"DHX9",0.0168637155946369
"DIABLO",0.00385123923028247
"DIAPH1",0.976421187932128
"DIAPH2",0.241695665091816
"DIAPH3",NA
"DICER1",NA
"DIDO1",0.989412225365091
"DIMT1",NA
"DIO1",NA
"DIO2",NA
"DIO3",NA
"DIP2A",0.961684931447016
"DIP2B",0.996909419475873
"DIP2C",0.685103838812403
"DIRAS1",0.390679915077233
"DIRAS2",0.347649650346932
"DIRAS3",NA
"DIS3",0.522511579564243
"DIS3L",NA
"DIS3L2",0.102831515784172
"DISC1",NA
"DISP1",NA
"DISP2",NA
"DIXDC1",NA
"DKC1",0.332025046959692
"DKK1",NA
"DKK2",NA
"DKK3",0.928694567551651
"DKK4",NA
"DKKL1",NA
"DLAT",0.0805601416684465
"DLC1",NA
"DLD",0.0520613474141775
"DLEC1",NA
"DLEU7",NA
"DLG1",0.993548212741722
"DLG2",0.363376675163947
"DLG3",0.568085469226803
"DLG4",0.185408566464907
"DLG5",0.487629336750893
"DLGAP1",0.999301872096742
"DLGAP2",NA
"DLGAP3",NA
"DLGAP4",0.974129937794589
"DLGAP5",NA
"DLK1",NA
"DLK2",NA
"DLL1",NA
"DLL3",NA
"DLL4",NA
"DLST",0.327067550138511
"DLX1",NA
"DLX2",NA
"DLX3",NA
"DLX4",NA
"DLX5",NA
"DLX6",NA
"DMAP1",0.590553042873808
"DMBT1",NA
"DMBX1",NA
"DMC1",NA
"DMD",0.319117766368624
"DMGDH",NA
"DMKN",NA
"DMP1",NA
"DMPK",NA
"DMRT1",NA
"DMRT2",NA
"DMRT3",NA
"DMRTA1",NA
"DMRTA2",NA
"DMRTB1",NA
"DMRTC1",NA
"DMRTC1B",NA
"DMRTC2",NA
"DMTF1",NA
"DMTN",0.66883477735941
"DMWD",0.999606891794177
"DMXL1",0.563334488400559
"DMXL2",0.27345719829765
"DNA2",NA
"DNAAF1",NA
"DNAAF2",NA
"DNAAF3",NA
"DNAAF5",0.696454078236854
"DNAH1",NA
"DNAH10",NA
"DNAH10OS",NA
"DNAH11",NA
"DNAH12",NA
"DNAH14",NA
"DNAH17",NA
"DNAH2",NA
"DNAH3",NA
"DNAH5",NA
"DNAH6",NA
"DNAH7",NA
"DNAH8",NA
"DNAH9",NA
"DNAI1",NA
"DNAI2",NA
"DNAJA1",0.00733941546171803
"DNAJA2",0.163861742820443
"DNAJA3",0.962084696376384
"DNAJA4",0.254691724536226
"DNAJB1",0.237159279721571
"DNAJB11",0.352155688295022
"DNAJB12",NA
"DNAJB13",NA
"DNAJB14",NA
"DNAJB2",0.541556331775884
"DNAJB3",NA
"DNAJB4",0.962986849555897
"DNAJB5",NA
"DNAJB6",0.0072589473576918
"DNAJB7",NA
"DNAJB8",NA
"DNAJB9",NA
"DNAJC1",NA
"DNAJC10",0.906393773207209
"DNAJC11",0.989797043311842
"DNAJC12",NA
"DNAJC13",0.000190843956243649
"DNAJC14",NA
"DNAJC15",NA
"DNAJC16",NA
"DNAJC17",0.671627851027124
"DNAJC18",NA
"DNAJC19",0.420712763249736
"DNAJC2",0.886156556293965
"DNAJC21",NA
"DNAJC22",NA
"DNAJC24",NA
"DNAJC25",NA
"DNAJC25-GNG10",NA
"DNAJC27",NA
"DNAJC28",NA
"DNAJC3",1.58523678852152e-07
"DNAJC30",NA
"DNAJC4",NA
"DNAJC5",0.240574817603186
"DNAJC5B",NA
"DNAJC5G",NA
"DNAJC6",0.958334183444012
"DNAJC7",0.783092056447458
"DNAJC8",0.107478295477294
"DNAJC9",0.00146786219568497
"DNAL1",0.00761587663547916
"DNAL4",NA
"DNALI1",NA
"DNASE1",NA
"DNASE1L1",NA
"DNASE1L2",NA
"DNASE1L3",NA
"DNASE2",0.0231707232073677
"DNASE2B",NA
"DND1",NA
"DNER",0.0558631545810477
"DNHD1",NA
"DNLZ",NA
"DNM1",0.792706131554572
"DNM1L",0.160203222442409
"DNM2",0.0104463044878639
"DNM3",0.844206206657709
"DNMBP",0.118931002767609
"DNMT1",0.56580885961533
"DNMT3A",0.0200675976677176
"DNMT3B",NA
"DNMT3L",NA
"DNPEP",0.935138594531641
"DNPH1",0.910051272356375
"DNTT",NA
"DNTTIP1",NA
"DNTTIP2",0.999307469381391
"DOC2A",NA
"DOC2B",NA
"DOCK1",0.00783855854201077
"DOCK10",0.00538652273814356
"DOCK11",0.0104052164839743
"DOCK2",6.97877876760128e-06
"DOCK3",0.999980724215201
"DOCK4",0.0351852142462099
"DOCK5",0.781951209960261
"DOCK6",NA
"DOCK7",0.843206173366298
"DOCK8",NA
"DOCK9",0.975045555679317
"DOHH",0.897314581436299
"DOK1",0.00130632168419616
"DOK2",NA
"DOK3",NA
"DOK4",NA
"DOK5",NA
"DOK6",NA
"DOK7",NA
"DOLK",NA
"DOLPP1",0.936502329647192
"DONSON",NA
"DOP1B",0.986148457964624
"DOT1L",NA
"DPAGT1",NA
"DPCD",0.0938391110462321
"DPEP1",NA
"DPEP2",NA
"DPEP3",NA
"DPF1",NA
"DPF2",0.680176893232213
"DPF3",NA
"DPH1",0.980523343713282
"DPH2",0.974721971561422
"DPH3",NA
"DPH3P1",NA
"DPH5",0.00789134834765919
"DPH6",0.832480433880458
"DPH7",NA
"DPM1",0.362923448779405
"DPM2",NA
"DPM3",0.463957142872624
"DPP10",0.957279398160292
"DPP3",0.00968081200788701
"DPP4",NA
"DPP6",0.854613962316138
"DPP7",0.999962991422532
"DPP8",0.951260730825444
"DPP9",0.244490920360824
"DPP9-AS1",NA
"DPPA2",NA
"DPPA3",NA
"DPPA4",NA
"DPPA5",NA
"DPRX",NA
"DPT",0.486956803490698
"DPY19L1",0.00449911265567373
"DPY19L2",NA
"DPY19L3",0.975579350975318
"DPY19L4",NA
"DPY30",NA
"DPYD",8.89736625929128e-05
"DPYS",NA
"DPYSL2",0.987384800457608
"DPYSL3",0.999995902210378
"DPYSL4",0.0651903859326086
"DPYSL5",0.714164927989031
"DQX1",NA
"DR1",0.643457470615478
"DRAM1",NA
"DRAM2",NA
"DRAP1",0.249978205785783
"DRAXIN",0.961818256216543
"DRC1",NA
"DRC7",NA
"DRD1",NA
"DRD2",NA
"DRD3",NA
"DRD4",NA
"DRD5",NA
"DRG1",0.911408652243288
"DRG2",0.828330777697573
"DRGX",NA
"DRICH1",NA
"DROSHA",NA
"DRP2",NA
"DSC1",0.998407353651075
"DSC2",0.938741791329971
"DSC3",NA
"DSCAM",NA
"DSCAML1",NA
"DSCC1",NA
"DSE",NA
"DSEL",NA
"DSG1",0.817456668169519
"DSG2",0.0210052553342202
"DSG3",0.468340946109955
"DSG4",NA
"DSN1",0.98830740044312
"DSP",0.179414461586506
"DSPP",NA
"DST",0.742319715297811
"DSTN",0.767082003465975
"DSTYK",NA
"DTD1",0.640347320322051
"DTD2",0.204296501299152
"DTHD1",NA
"DTL",NA
"DTNA",0.884038250938884
"DTNB",NA
"DTNBP1",0.111286460534207
"DTWD1",NA
"DTWD2",NA
"DTX1",NA
"DTX2",NA
"DTX3",0.178426719121546
"DTX3L",3.79827616980985e-08
"DTX4",NA
"DTYMK",0.251747897970389
"DUOX1",NA
"DUOX2",NA
"DUOXA1",NA
"DUOXA2",NA
"DUPD1",NA
"DUS1L",NA
"DUS2",0.529665806564394
"DUS3L",0.280388262443615
"DUS4L",NA
"DUSP1",NA
"DUSP10",NA
"DUSP11",NA
"DUSP12",0.987736084888172
"DUSP13",NA
"DUSP14",0.993462732102785
"DUSP15",NA
"DUSP16",NA
"DUSP18",NA
"DUSP19",NA
"DUSP2",NA
"DUSP21",NA
"DUSP22",NA
"DUSP23",0.989195647792438
"DUSP26",NA
"DUSP27",NA
"DUSP28",NA
"DUSP3",0.983689064222303
"DUSP4",NA
"DUSP5",NA
"DUSP6",NA
"DUSP7",NA
"DUSP8",NA
"DUSP9",NA
"DUT",0.00118459521047226
"DUX4",NA
"DUXA",NA
"DVL1",NA
"DVL2",0.306088329080008
"DVL3",0.346331261242121
"DXO",NA
"DYDC1",NA
"DYDC2",NA
"DYM",NA
"DYNAP",NA
"DYNC1H1",0.999989636152106
"DYNC1I1",0.604560859283424
"DYNC1I2",0.822036810701917
"DYNC1LI1",0.0804659097432726
"DYNC1LI2",0.982343754317818
"DYNC2H1",0.784218285985057
"DYNC2LI1",NA
"DYNLL1",0.38785541337406
"DYNLL2",0.382585825310925
"DYNLRB1",0.553539048543026
"DYNLRB2",NA
"DYNLT1",0.121238092993412
"DYNLT3",0.038024835853476
"DYRK1A",0.0138316856610104
"DYRK1B",NA
"DYRK2",NA
"DYRK3",NA
"DYRK4",NA
"DYSF",0.0166991363771632
"DYTN",NA
"DZANK1",NA
"DZIP1",NA
"DZIP1L",NA
"DZIP3",NA
"E2F1",NA
"E2F2",NA
"E2F3",NA
"E2F4",0.187861084075458
"E2F5",0.912643160637611
"E2F6",NA
"E2F7",NA
"E2F8",NA
"E4F1",NA
"EAF1",NA
"EAF2",NA
"EAPP",NA
"EARS2",0.839073814788414
"EBAG9",NA
"EBF1",NA
"EBF2",NA
"EBF3",0.0489238735559634
"EBF4",NA
"EBI3",NA
"EBLN1",NA
"EBLN2",NA
"EBNA1BP2",0.877289320656318
"EBP",NA
"EBPL",NA
"ECD",NA
"ECE1",4.47634540891577e-05
"ECE2",NA
"ECEL1",NA
"ECH1",0.677577671767732
"ECHDC1",0.0968641737718903
"ECHDC2",NA
"ECHDC3",0.974067946982268
"ECHS1",0.188948429825974
"ECI1",0.0154526676285097
"ECI2",0.998649089758883
"ECM1",0.0166609615371117
"ECM2",0.649633013417708
"ECPAS",0.849280390427735
"ECSCR",NA
"ECSIT",0.576793060458458
"ECT2",NA
"ECT2L",NA
"EDA",NA
"EDA2R",NA
"EDAR",NA
"EDARADD",NA
"EDC3",0.111138509839769
"EDC4",0.845079350755987
"EDDM3A",NA
"EDDM3B",NA
"EDEM1",NA
"EDEM2",NA
"EDEM3",NA
"EDF1",0.172905414742998
"EDIL3",0.998145798077498
"EDN1",NA
"EDN2",NA
"EDN3",NA
"EDNRA",NA
"EDNRB",0.99717696742184
"EDRF1",NA
"EEA1",2.65210200802176e-09
"EED",NA
"EEF1A1",0.700798945806192
"EEF1A2",0.851427598538568
"EEF1AKMT1",0.116057836754666
"EEF1AKMT2",0.000293362844143507
"EEF1B2",0.980640844289248
"EEF1D",0.356818733444231
"EEF1E1",0.456476984034541
"EEF1G",0.902292181431737
"EEF2",0.97677384533677
"EEF2K",NA
"EEF2KMT",NA
"EEFSEC",0.928439969801929
"EEPD1",NA
"EFCAB1",NA
"EFCAB10",NA
"EFCAB11",NA
"EFCAB12",NA
"EFCAB13",NA
"EFCAB14",NA
"EFCAB2",NA
"EFCAB3",NA
"EFCAB5",NA
"EFCAB6",NA
"EFCAB7",NA
"EFCAB8",NA
"EFCAB9",NA
"EFCC1",NA
"EFEMP1",0.998358062406056
"EFEMP2",0.870743079342722
"EFHB",NA
"EFHC1",NA
"EFHC2",NA
"EFHD1",0.555940734439662
"EFHD2",0.979118834202715
"EFL1",0.988989477483554
"EFNA1",NA
"EFNA2",NA
"EFNA3",NA
"EFNA4",NA
"EFNA5",NA
"EFNB1",0.51963914897957
"EFNB2",0.610719462881791
"EFNB3",0.99952079493378
"EFR3A",0.0771625057980965
"EFR3B",0.997946057965204
"EFS",0.573365521745246
"EFTUD2",0.145074577677158
"EGF",NA
"EGFL6",NA
"EGFL7",NA
"EGFL8",NA
"EGFLAM",NA
"EGFR",0.273177187407267
"EGLN1",0.996778100060555
"EGLN2",NA
"EGLN3",NA
"EGR1",NA
"EGR2",NA
"EGR3",NA
"EGR4",NA
"EHBP1",0.000517348276394267
"EHBP1L1",0.0182481574975296
"EHD1",0.997926879144869
"EHD2",0.0111029233940362
"EHD3",0.51827961591223
"EHD4",1.47603061599305e-10
"EHF",NA
"EHHADH",0.641662995109094
"EHMT1",0.00337863644330992
"EHMT2",0.000669353749899567
"EI24",NA
"EID1",NA
"EID2",NA
"EID2B",NA
"EID3",NA
"EIF1",0.971116503098142
"EIF1AD",0.879136620283209
"EIF1AX",0.826982061124598
"EIF1AY",0.790784590959525
"EIF1B",0.11420777341615
"EIF2A",0.0447926275698168
"EIF2AK1",NA
"EIF2AK2",0.78380375740484
"EIF2AK3",NA
"EIF2AK4",0.813653376809615
"EIF2B1",0.954185835102783
"EIF2B2",0.987447862014145
"EIF2B3",0.95705762884922
"EIF2B4",0.2640462756779
"EIF2B5",0.7515443419625
"EIF2D",0.916472238874091
"EIF2S1",0.689620548863401
"EIF2S2",0.0285725751986033
"EIF2S3",0.0487074662021492
"EIF3A",0.999722901147679
"EIF3B",0.999495440411497
"EIF3C",0.985939514066494
"EIF3CL",NA
"EIF3D",0.999734436754506
"EIF3E",0.992825747798124
"EIF3F",0.995471885711437
"EIF3G",0.999684845508045
"EIF3H",0.986826346413514
"EIF3I",0.998239495966602
"EIF3J",0.99992350075887
"EIF3K",0.994224944885159
"EIF3L",0.995924377564282
"EIF3M",0.987775051807339
"EIF4A1",0.531103501136133
"EIF4A2",0.244224366160884
"EIF4A3",0.0551807058632834
"EIF4B",0.1071780362365
"EIF4E",0.11831329382955
"EIF4E1B",NA
"EIF4E2",0.997907576737641
"EIF4E3",NA
"EIF4EBP1",NA
"EIF4EBP2",NA
"EIF4EBP3",NA
"EIF4ENIF1",0.956555234691844
"EIF4G1",0.96419043663482
"EIF4G2",0.206868135908464
"EIF4G3",0.33868477949779
"EIF4H",0.927071721839835
"EIF5",0.981383964899945
"EIF5A",0.999973900821929
"EIF5A2",NA
"EIF5AL1",NA
"EIF5B",0.834184232869603
"EIF6",0.916388331407599
"EIPR1",0.558528026955671
"ELAC1",NA
"ELAC2",0.536163500276112
"ELANE",0.99991131412099
"ELAVL1",0.00549126614910382
"ELAVL2",0.0293253335194735
"ELAVL3",0.426510504808152
"ELAVL4",0.938790109073885
"ELF1",NA
"ELF2",NA
"ELF3",NA
"ELF4",NA
"ELF5",NA
"ELFN1",NA
"ELFN2",NA
"ELK1",NA
"ELK3",NA
"ELK4",NA
"ELL",NA
"ELL2",NA
"ELL3",NA
"ELMO1",2.87109453839531e-06
"ELMO2",0.165527347593314
"ELMO3",NA
"ELMOD1",NA
"ELMOD2",0.414335271138487
"ELMOD3",NA
"ELMSAN1",NA
"ELN",0.098714013436097
"ELOB",0.692918453247831
"ELOC",0.994493600039701
"ELOF1",0.0440303750608601
"ELOVL1",NA
"ELOVL2",NA
"ELOVL3",NA
"ELOVL4",NA
"ELOVL5",NA
"ELOVL6",NA
"ELOVL7",NA
"ELP1",0.410476985056708
"ELP2",0.451981079884394
"ELP3",0.914127067428538
"ELP4",0.982376875838796
"ELP5",0.860669505018038
"ELP6",0.711826437883713
"ELSPBP1",NA
"EMB",NA
"EMC1",0.0395220939354059
"EMC10",0.00114298883980619
"EMC2",0.177469041252183
"EMC3",0.543262046205006
"EMC4",0.217937246661206
"EMC6",NA
"EMC7",0.132774582805574
"EMC8",0.870576015769689
"EMC9",NA
"EMCN",NA
"EMD",0.662433390280736
"EME1",NA
"EME2",NA
"EMG1",0.999944215895276
"EMID1",NA
"EMILIN1",0.992299360961887
"EMILIN2",0.202723343276929
"EMILIN3",NA
"EML1",0.724727519149218
"EML2",0.986251059323334
"EML3",0.0002689070027879
"EML4",0.934076089791039
"EML5",NA
"EML6",NA
"EMP1",NA
"EMP2",NA
"EMP3",0.134773406575147
"EMSY",0.923464722020384
"EMX1",NA
"EMX2",NA
"EN1",NA
"EN2",NA
"ENAH",0.921799076020608
"ENAM",NA
"ENC1",NA
"ENDOD1",8.05200246359315e-08
"ENDOG",NA
"ENDOU",NA
"ENDOV",NA
"ENG",0.105509431432074
"ENGASE",0.0999248939330856
"ENHO",NA
"ENKD1",NA
"ENKUR",NA
"ENO1",0.731619789579998
"ENO2",0.159601542686925
"ENO3",0.385887948140081
"ENO4",NA
"ENOPH1",0.999832948212418
"ENOSF1",0.257973383806339
"ENOX1",NA
"ENOX2",NA
"ENPEP",NA
"ENPP1",NA
"ENPP2",0.944888931247474
"ENPP3",NA
"ENPP4",0.00106052508050632
"ENPP5",NA
"ENPP6",0.940841518414866
"ENPP7",NA
"ENSA",0.307982058505641
"ENTHD1",NA
"ENTPD1",2.31572038191075e-05
"ENTPD2",0.460334565573261
"ENTPD3",NA
"ENTPD4",NA
"ENTPD5",NA
"ENTPD6",NA
"ENTPD7",NA
"ENTPD8",NA
"ENY2",0.00327605219164232
"EOGT",NA
"EOMES",0.728981247650247
"EP300",NA
"EP400",NA
"EPAS1",NA
"EPB41",0.938835504096154
"EPB41L1",0.995424122433714
"EPB41L2",0.238181549839767
"EPB41L3",0.982424005536153
"EPB41L4A",NA
"EPB41L4B",NA
"EPB41L5",0.452510762652435
"EPB42",0.859323675443913
"EPC1",NA
"EPC2",NA
"EPCAM",NA
"EPDR1",0.128015178445251
"EPG5",0.966749678507088
"EPGN",NA
"EPHA1",NA
"EPHA10",NA
"EPHA2",0.0613984263947977
"EPHA3",0.914784737623048
"EPHA4",0.179093872343205
"EPHA5",NA
"EPHA6",NA
"EPHA7",NA
"EPHA8",NA
"EPHB1",NA
"EPHB2",0.987658438901204
"EPHB3",0.127998794296184
"EPHB4",NA
"EPHB6",NA
"EPHX1",0.99645013993065
"EPHX2",0.096950466217641
"EPHX3",NA
"EPHX4",NA
"EPM2A",0.724122685882319
"EPM2AIP1",0.0180592999285066
"EPN1",0.992812351864278
"EPN2",0.111118720194253
"EPN3",NA
"EPO",NA
"EPOR",NA
"EPPIN",NA
"EPPIN-WFDC6",NA
"EPPK1",0.020962406015477
"EPRS",0.896368943740495
"EPS15",0.950004576611153
"EPS15L1",0.880006577664975
"EPS8",0.171258102149964
"EPS8L1",NA
"EPS8L2",0.504113260130844
"EPS8L3",NA
"EPSTI1",NA
"EPX",NA
"EPYC",NA
"EQTN",NA
"ERAL1",NA
"ERAP1",0.024592358227062
"ERAP2",0.817373335048037
"ERAS",NA
"ERBB2",0.71357589785447
"ERBB3",NA
"ERBB4",NA
"ERBIN",0.0808962582897275
"ERC1",0.561239310600866
"ERC2",0.700473781922212
"ERCC1",0.430096041771241
"ERCC2",0.0625582939598821
"ERCC3",NA
"ERCC4",0.689953231936363
"ERCC5",NA
"ERCC6",NA
"ERCC6L",NA
"ERCC6L2",NA
"ERCC8",NA
"EREG",NA
"ERF",NA
"ERG",NA
"ERGIC1",0.00131569012849793
"ERGIC2",NA
"ERGIC3",4.3181697636715e-05
"ERH",0.577695180736156
"ERI1",0.0446799166449303
"ERI2",NA
"ERI3",0.196415817225359
"ERICH1",NA
"ERICH2",NA
"ERICH3",NA
"ERICH4",NA
"ERICH5",NA
"ERICH6",NA
"ERICH6B",NA
"ERLEC1",0.0226740907220721
"ERLIN1",0.186596060407534
"ERLIN2",0.919852471098851
"ERMAP",NA
"ERMARD",NA
"ERMN",0.74085124520016
"ERMP1",0.943462814791154
"ERN1",NA
"ERN2",NA
"ERO1A",0.465968539234135
"ERP27",NA
"ERP29",0.810871338631172
"ERP44",0.62102177366601
"ERRFI1",NA
"ERV3-1",NA
"ERVFRD-1",NA
"ERVH48-1",NA
"ERVMER34-1",NA
"ERVV-1",NA
"ERVV-2",NA
"ERVW-1",NA
"ESAM",NA
"ESCO1",NA
"ESCO2",NA
"ESD",0.415323281317474
"ESF1",0.958123225956582
"ESM1",NA
"ESPL1",NA
"ESPN",NA
"ESPNL",NA
"ESR1",NA
"ESR2",NA
"ESRP1",NA
"ESRP2",NA
"ESRRA",NA
"ESRRB",NA
"ESRRG",NA
"ESS2",0.132532419899857
"ESX1",NA
"ESYT1",0.998099035860052
"ESYT2",0.999915296569372
"ESYT3",NA
"ETAA1",NA
"ETF1",0.49128818095963
"ETFA",0.653693827915257
"ETFB",0.697791361256139
"ETFDH",0.997980426160359
"ETHE1",0.544605603309421
"ETNK1",NA
"ETNK2",NA
"ETNPPL",NA
"ETS1",NA
"ETS2",NA
"ETV1",NA
"ETV2",NA
"ETV3",NA
"ETV3L",NA
"ETV4",NA
"ETV5",NA
"ETV6",NA
"ETV7",NA
"EVA1A",NA
"EVA1B",NA
"EVA1C",NA
"EVC",NA
"EVC2",NA
"EVI2A",NA
"EVI2B",NA
"EVI5",NA
"EVI5L",0.238909773188031
"EVL",0.000136755016141239
"EVPL",NA
"EVPLL",NA
"EVX1",NA
"EVX2",NA
"EWSR1",0.0224406900210918
"EXD1",NA
"EXD2",0.986657694515598
"EXD3",NA
"EXO1",NA
"EXO5",NA
"EXOC1",0.99230387718884
"EXOC2",0.783073169611644
"EXOC3",0.922445040376767
"EXOC3L1",NA
"EXOC3L2",NA
"EXOC3L4",NA
"EXOC4",0.999974909349102
"EXOC5",0.950603939931823
"EXOC6",0.402287133406173
"EXOC6B",0.999734841780776
"EXOC7",0.935839834775557
"EXOC8",0.779149721312831
"EXOG",0.995570354107062
"EXOSC1",0.780783142886433
"EXOSC10",0.0097367834873677
"EXOSC2",0.514103873185393
"EXOSC3",0.521449484804364
"EXOSC4",0.447405211324332
"EXOSC5",0.64217012886701
"EXOSC6",0.633340792076862
"EXOSC7",0.654311104575976
"EXOSC8",0.711463110144903
"EXOSC9",0.529507034030734
"EXPH5",NA
"EXT1",NA
"EXT2",0.90693555616606
"EXTL1",NA
"EXTL2",0.869546229199246
"EXTL3",NA
"EYA1",NA
"EYA2",NA
"EYA3",0.906004398661662
"EYA4",NA
"EYS",NA
"EZH1",NA
"EZH2",NA
"EZR",0.000340098980211304
"F10",0.132994564467962
"F11",NA
"F11R",0.943575906061696
"F12",0.0010451139960563
"F13A1",0.000547829879538394
"F13B",0.36851234475439
"F2",0.0119252525935828
"F2R",NA
"F2RL1",NA
"F2RL2",NA
"F2RL3",NA
"F3",0.968571762796476
"F5",NA
"F7",NA
"F8",NA
"F8A1",NA
"F8A2",0.110792107531147
"F8A3",NA
"F9",0.000955092797415383
"FA2H",NA
"FAAH",0.609085961301619
"FAAH2",NA
"FAAP100",NA
"FAAP20",NA
"FAAP24",NA
"FABP1",NA
"FABP12",NA
"FABP2",NA
"FABP3",0.993129054634597
"FABP4",0.983052271689345
"FABP5",0.460882805920046
"FABP6",NA
"FABP7",0.00125486895513109
"FABP9",NA
"FADD",0.890156677022947
"FADS1",NA
"FADS2",0.716505295853111
"FADS3",NA
"FADS6",NA
"FAF1",0.916743071048148
"FAF2",0.745786820145017
"FAH",0.95520913646601
"FAHD1",0.474664953988416
"FAHD2A",0.844866674182675
"FAHD2B",NA
"FAIM",0.950327195721302
"FAIM2",0.999506116815709
"FAM102A",NA
"FAM102B",NA
"FAM104A",NA
"FAM104B",NA
"FAM106A",NA
"FAM107A",0.906388179934111
"FAM107B",0.40193087272364
"FAM110A",NA
"FAM110B",NA
"FAM110C",NA
"FAM110D",NA
"FAM111A",NA
"FAM111B",NA
"FAM114A1",0.000620180116304961
"FAM114A2",0.40256819334746
"FAM117A",NA
"FAM117B",0.807445521212389
"FAM118A",NA
"FAM118B",0.380191767452312
"FAM120A",0.398432032484405
"FAM120AOS",NA
"FAM120B",0.995865796744153
"FAM120C",0.955082359814304
"FAM122A",NA
"FAM122B",NA
"FAM122C",NA
"FAM124A",NA
"FAM124B",NA
"FAM126A",0.00203118013061903
"FAM126B",NA
"FAM129A",0.000427404739368363
"FAM129B",0.481098333995497
"FAM131A",NA
"FAM131B",0.951034990389749
"FAM131C",NA
"FAM133A",NA
"FAM133B",NA
"FAM135A",NA
"FAM135B",NA
"FAM136A",0.0690129123416242
"FAM13A",NA
"FAM13B",NA
"FAM13C",NA
"FAM149A",NA
"FAM149B1",NA
"FAM151A",NA
"FAM151B",NA
"FAM153A",NA
"FAM153B",NA
"FAM155A",NA
"FAM155B",NA
"FAM156A",NA
"FAM156B",NA
"FAM160A1",NA
"FAM160A2",NA
"FAM160B1",0.916665839889378
"FAM160B2",0.798208884205643
"FAM161A",NA
"FAM161B",NA
"FAM162A",0.975304540505208
"FAM162B",NA
"FAM163A",NA
"FAM163B",NA
"FAM166A",NA
"FAM166B",NA
"FAM167A",NA
"FAM167B",NA
"FAM168A",0.942328175439431
"FAM168B",NA
"FAM169A",0.803142458686226
"FAM169B",NA
"FAM170A",NA
"FAM170B",NA
"FAM171A1",0.353035333159784
"FAM171A2",0.116035118067935
"FAM171B",0.371842031140486
"FAM172A",0.640954803992292
"FAM173A",NA
"FAM174A",NA
"FAM174B",NA
"FAM177A1",0.234955883841288
"FAM177B",NA
"FAM178B",NA
"FAM180A",NA
"FAM180B",NA
"FAM181A",NA
"FAM181B",NA
"FAM183A",NA
"FAM184A",NA
"FAM184B",NA
"FAM185A",NA
"FAM186A",NA
"FAM186B",NA
"FAM187A",NA
"FAM187B",NA
"FAM189A1",NA
"FAM189A2",NA
"FAM189B",NA
"FAM192A",0.489719686493028
"FAM193A",NA
"FAM193B",NA
"FAM199X",NA
"FAM200A",NA
"FAM200B",NA
"FAM204A",NA
"FAM205A",NA
"FAM205C",NA
"FAM207A",NA
"FAM208A",0.445243822520037
"FAM209A",NA
"FAM209B",NA
"FAM20A",NA
"FAM20B",NA
"FAM20C",NA
"FAM210A",NA
"FAM210B",0.7584985310337
"FAM213A",0.966973827957731
"FAM213B",0.406726743145092
"FAM214A",NA
"FAM214B",NA
"FAM216A",NA
"FAM216B",NA
"FAM217A",NA
"FAM217B",NA
"FAM219A",NA
"FAM219B",NA
"FAM220A",NA
"FAM221A",0.642242170824555
"FAM221B",NA
"FAM222A",NA
"FAM222B",NA
"FAM227A",NA
"FAM227B",NA
"FAM228A",NA
"FAM228B",NA
"FAM229A",NA
"FAM229B",NA
"FAM234A",0.999149259177351
"FAM241B",0.626693601211148
"FAM24A",NA
"FAM24B",NA
"FAM25A",NA
"FAM25C",NA
"FAM25E",NA
"FAM25G",NA
"FAM32A",NA
"FAM3A",NA
"FAM3B",NA
"FAM3C",0.342961129782826
"FAM3D",NA
"FAM43A",NA
"FAM43B",NA
"FAM45A",0.0292462603221945
"FAM47A",NA
"FAM47B",NA
"FAM47C",NA
"FAM47E",NA
"FAM47E-STBD1",NA
"FAM49A",0.959161753767664
"FAM49B",0.00203652651074396
"FAM50A",0.714116124624512
"FAM50B",NA
"FAM53A",NA
"FAM53B",NA
"FAM53C",NA
"FAM71A",NA
"FAM71B",NA
"FAM71C",NA
"FAM71D",NA
"FAM71E1",NA
"FAM71E2",NA
"FAM71F1",NA
"FAM71F2",NA
"FAM72A",NA
"FAM72B",NA
"FAM72C",NA
"FAM72D",NA
"FAM76A",NA
"FAM76B",0.98555802772256
"FAM78A",NA
"FAM78B",NA
"FAM81A",NA
"FAM81B",NA
"FAM83A",NA
"FAM83B",NA
"FAM83C",NA
"FAM83D",NA
"FAM83E",NA
"FAM83F",NA
"FAM83G",NA
"FAM83H",NA
"FAM84B",0.798358612568537
"FAM86B1",NA
"FAM86B2",NA
"FAM86C1",NA
"FAM89A",NA
"FAM89B",NA
"FAM8A1",NA
"FAM90A1",NA
"FAM90A26",NA
"FAM91A1",0.878314596080631
"FAM92B",NA
"FAM98A",0.967668784673144
"FAM98B",0.151139671340934
"FAM98C",0.639104307093848
"FAM9A",NA
"FAM9B",NA
"FAM9C",NA
"FAN1",NA
"FANCA",NA
"FANCB",NA
"FANCC",NA
"FANCD2",NA
"FANCD2OS",NA
"FANCE",NA
"FANCF",NA
"FANCG",NA
"FANCI",0.955959327033238
"FANCL",NA
"FANCM",NA
"FANK1",NA
"FAP",NA
"FAR1",NA
"FAR2",NA
"FARP1",0.999992323443665
"FARP2",0.016477658773286
"FARS2",NA
"FARSA",0.0616883478577335
"FARSB",0.102138265724278
"FAS",0.129859940575499
"FASLG",NA
"FASN",0.999626605935525
"FASTK",NA
"FASTKD1",NA
"FASTKD2",NA
"FASTKD3",NA
"FASTKD5",NA
"FAT1",0.0592543987203215
"FAT2",0.760509052077412
"FAT3",NA
"FAT4",NA
"FATE1",NA
"FAU",0.358882449480636
"FAXC",NA
"FAXDC2",NA
"FBF1",NA
"FBL",0.776261848718644
"FBLIM1",0.666463865770171
"FBLL1",0.999238631437445
"FBLN1",0.757261174202918
"FBLN2",0.959404865970973
"FBLN5",0.712231717630848
"FBLN7",0.198370817088085
"FBN1",0.938035161180779
"FBN2",0.879556278243169
"FBN3",NA
"FBP1",0.102473574187159
"FBP2",0.97860875783144
"FBRS",NA
"FBRSL1",NA
"FBXL12",NA
"FBXL13",NA
"FBXL14",NA
"FBXL15",NA
"FBXL16",NA
"FBXL17",NA
"FBXL18",0.960878060519131
"FBXL19",NA
"FBXL2",NA
"FBXL20",0.594020006359863
"FBXL22",NA
"FBXL3",NA
"FBXL4",NA
"FBXL5",NA
"FBXL6",NA
"FBXL7",NA
"FBXL8",NA
"FBXO10",NA
"FBXO11",NA
"FBXO15",NA
"FBXO16",NA
"FBXO17",NA
"FBXO2",0.58015627622992
"FBXO21",0.32691236006867
"FBXO22",0.988382407721886
"FBXO24",NA
"FBXO25",NA
"FBXO27",NA
"FBXO28",NA
"FBXO3",0.845618143401044
"FBXO30",0.994547388098105
"FBXO31",NA
"FBXO32",NA
"FBXO33",NA
"FBXO34",NA
"FBXO36",NA
"FBXO38",NA
"FBXO39",NA
"FBXO4",0.508342325971904
"FBXO40",NA
"FBXO41",0.484955334618713
"FBXO42",NA
"FBXO43",NA
"FBXO44",0.998938938751692
"FBXO45",NA
"FBXO46",NA
"FBXO47",NA
"FBXO48",NA
"FBXO5",NA
"FBXO6",0.988592990077642
"FBXO7",0.791581194837325
"FBXO8",NA
"FBXO9",NA
"FBXW10",NA
"FBXW11",NA
"FBXW12",NA
"FBXW2",NA
"FBXW4",NA
"FBXW5",NA
"FBXW7",NA
"FBXW8",NA
"FBXW9",0.0223204988826168
"FCAMR",NA
"FCAR",NA
"FCER1A",NA
"FCER1G",4.20743391191821e-12
"FCER2",NA
"FCF1",NA
"FCGBP",0.0644085525696388
"FCGR1A",1.30390831617894e-11
"FCGR1B",NA
"FCGR2A",6.77708047706572e-11
"FCGR2B",NA
"FCGR2C",NA
"FCGR3A",7.15167432489578e-09
"FCGR3B",NA
"FCGRT",9.1167756073991e-09
"FCHO1",NA
"FCHO2",0.00527649409541251
"FCHSD1",NA
"FCHSD2",NA
"FCMR",NA
"FCN1",0.989096321866224
"FCN2",0.106217272246856
"FCN3",NA
"FCRL1",NA
"FCRL2",NA
"FCRL3",NA
"FCRL4",NA
"FCRL5",NA
"FCRL6",NA
"FCRLA",NA
"FCRLB",NA
"FDCSP",NA
"FDFT1",0.968216084282492
"FDPS",0.630465199042185
"FDX1",0.960087402809928
"FDXACB1",NA
"FDXR",0.887824612257083
"FECH",0.201920757576993
"FEM1A",NA
"FEM1B",NA
"FEM1C",NA
"FEN1",0.0238230400510596
"FER",0.398129687173623
"FER1L5",NA
"FER1L6",NA
"FERD3L",NA
"FERMT1",NA
"FERMT2",0.00382329907040774
"FERMT3",0.00122177818398494
"FES",NA
"FETUB",0.0198161937854046
"FEV",NA
"FEZ1",0.301426165526868
"FEZ2",0.837592368050931
"FEZF1",NA
"FEZF2",NA
"FFAR1",NA
"FFAR2",NA
"FFAR3",NA
"FFAR4",NA
"FGA",0.117268547493589
"FGB",0.251517188156418
"FGD1",NA
"FGD2",NA
"FGD3",NA
"FGD4",0.948506322813616
"FGD5",NA
"FGD6",NA
"FGF1",0.257070941837472
"FGF10",NA
"FGF11",NA
"FGF12",NA
"FGF13",NA
"FGF14",NA
"FGF16",NA
"FGF17",NA
"FGF18",NA
"FGF19",NA
"FGF2",0.613160571084276
"FGF20",NA
"FGF21",NA
"FGF22",NA
"FGF23",NA
"FGF3",NA
"FGF4",NA
"FGF5",NA
"FGF6",NA
"FGF7",NA
"FGF8",NA
"FGF9",NA
"FGFBP1",NA
"FGFBP2",NA
"FGFBP3",NA
"FGFR1",NA
"FGFR1OP",0.955050819046065
"FGFR1OP2",0.963815062450481
"FGFR2",NA
"FGFR3",0.0143931751631014
"FGFR4",NA
"FGFRL1",NA
"FGG",0.211500461077665
"FGGY",0.979771817593124
"FGL1",NA
"FGL2",NA
"FGR",NA
"FH",0.00269177978428115
"FHAD1",NA
"FHDC1",NA
"FHIT",0.823953405914542
"FHL1",0.973911491630234
"FHL2",0.98844062957559
"FHL3",0.0109879112168539
"FHL5",NA
"FHOD1",0.636725150735067
"FHOD3",NA
"FIBCD1",NA
"FIBIN",NA
"FIBP",0.90898083013191
"FICD",NA
"FIG4",0.178473500032854
"FIGLA",NA
"FIGN",NA
"FIGNL1",NA
"FIGNL2",NA
"FILIP1",NA
"FILIP1L",NA
"FIP1L1",0.368946087217246
"FIS1",0.976371462950104
"FITM1",NA
"FITM2",NA
"FIZ1",NA
"FJX1",NA
"FKBP10",0.138244447644515
"FKBP11",NA
"FKBP14",0.00419598104556982
"FKBP15",0.000739601873028113
"FKBP1A",0.0123051144722456
"FKBP1B",NA
"FKBP2",0.146812011035074
"FKBP3",0.438159259541915
"FKBP4",0.000308268526031411
"FKBP5",0.273557983579346
"FKBP6",NA
"FKBP7",0.903074904644643
"FKBP8",0.982677504495236
"FKBP9",0.798682654937788
"FKBPL",NA
"FKRP",NA
"FKTN",NA
"FLAD1",0.623305530080848
"FLCN",NA
"FLG",NA
"FLG2",0.995337012182647
"FLI1",NA
"FLII",0.0374356679966694
"FLNA",0.948751959068091
"FLNB",0.553549170438885
"FLNC",0.924623882883031
"FLOT1",0.789435725019055
"FLOT2",0.77982916212985
"FLRT1",NA
"FLRT2",NA
"FLRT3",NA
"FLT1",NA
"FLT3",NA
"FLT3LG",NA
"FLT4",NA
"FLVCR1",NA
"FLVCR2",NA
"FLYWCH1",NA
"FLYWCH2",0.133311696528003
"FMN1",NA
"FMN2",0.999787061374562
"FMNL1",8.94178442023144e-08
"FMNL2",0.740128470657382
"FMNL3",NA
"FMO1",NA
"FMO2",NA
"FMO3",NA
"FMO4",NA
"FMO5",NA
"FMOD",0.998390494793461
"FMR1",0.184455766048051
"FMR1NB",NA
"FN1",0.998061476481721
"FN3K",0.849530415118941
"FN3KRP",0.830464826153374
"FNBP1",0.981750011727043
"FNBP1L",2.1685878502928e-05
"FNBP4",0.122282368993577
"FNDC1",NA
"FNDC3A",0.00341138993440685
"FNDC3B",NA
"FNDC4",NA
"FNDC5",NA
"FNDC7",NA
"FNDC8",NA
"FNDC9",NA
"FNIP1",NA
"FNIP2",NA
"FNTA",0.082658120503703
"FNTB",0.00497798168738469
"FOCAD",0.890553613673475
"FOLH1",NA
"FOLH1B",NA
"FOLR1",NA
"FOLR2",0.000378487962130371
"FOLR3",NA
"FOPNL",NA
"FOS",NA
"FOSB",NA
"FOSL1",NA
"FOSL2",NA
"FOXA1",NA
"FOXA2",NA
"FOXA3",NA
"FOXB1",NA
"FOXB2",NA
"FOXC1",NA
"FOXC2",NA
"FOXD1",NA
"FOXD2",NA
"FOXD3",NA
"FOXD4",NA
"FOXD4L1",NA
"FOXD4L3",NA
"FOXD4L4",NA
"FOXD4L5",NA
"FOXD4L6",NA
"FOXE1",NA
"FOXE3",NA
"FOXF1",NA
"FOXF2",NA
"FOXG1",NA
"FOXH1",NA
"FOXI1",NA
"FOXI2",NA
"FOXI3",NA
"FOXJ1",NA
"FOXJ2",NA
"FOXJ3",NA
"FOXK1",0.856464884616031
"FOXK2",0.882403423602545
"FOXL1",NA
"FOXL2",NA
"FOXL2NB",NA
"FOXM1",NA
"FOXN1",NA
"FOXN2",NA
"FOXN3",NA
"FOXN4",NA
"FOXO1",NA
"FOXO3",NA
"FOXO3B",NA
"FOXO4",NA
"FOXO6",NA
"FOXP1",NA
"FOXP2",NA
"FOXP3",NA
"FOXP4",NA
"FOXQ1",NA
"FOXR1",NA
"FOXR2",NA
"FOXRED1",0.0245679711180312
"FOXRED2",NA
"FOXS1",NA
"FPGS",NA
"FPGT",0.936419359383483
"FPGT-TNNI3K",NA
"FPR1",NA
"FPR2",NA
"FPR3",NA
"FRA10AC1",NA
"FRAS1",NA
"FRAT1",NA
"FRAT2",NA
"FREM1",NA
"FREM2",0.857013413826998
"FREM3",NA
"FRG1",0.992596831326779
"FRG2",NA
"FRG2B",NA
"FRG2C",NA
"FRK",NA
"FRMD1",NA
"FRMD3",NA
"FRMD4A",0.97680699293419
"FRMD4B",NA
"FRMD5",0.861895060503563
"FRMD6",NA
"FRMD7",NA
"FRMD8",3.68058725055432e-05
"FRMPD1",NA
"FRMPD2",NA
"FRMPD3",NA
"FRMPD4",NA
"FRRS1",NA
"FRRS1L",NA
"FRS2",NA
"FRS3",NA
"FRY",0.649289141716968
"FRYL",0.841538369478164
"FRZB",0.794840824365262
"FSBP",NA
"FSCB",NA
"FSCN1",0.542536243323065
"FSCN2",NA
"FSCN3",NA
"FSD1",0.851805844733945
"FSD1L",0.00012594013246018
"FSD2",NA
"FSHB",NA
"FSHR",NA
"FSIP1",NA
"FSIP2",NA
"FST",NA
"FSTL1",0.314322555935341
"FSTL3",NA
"FSTL4",NA
"FSTL5",0.989454297889512
"FTCD",NA
"FTCD-AS1",NA
"FTCDNL1",NA
"FTH1",0.819255779422541
"FTH1P18",NA
"FTHL17",NA
"FTL",0.62452953728948
"FTMT",NA
"FTO",0.00291369480970598
"FTSJ1",0.762156412161029
"FTSJ3",0.988972922394804
"FUBP1",0.00118421862520692
"FUBP3",0.979621452102443
"FUCA1",0.89520992422961
"FUCA2",0.514337150367034
"FUK",0.968712905944543
"FUNDC1",NA
"FUNDC2",0.999988171387816
"FUOM",NA
"FURIN",NA
"FUS",0.234349710658242
"FUT1",NA
"FUT10",NA
"FUT11",0.9350351932842
"FUT2",NA
"FUT3",NA
"FUT4",NA
"FUT5",NA
"FUT6",NA
"FUT7",NA
"FUT8",NA
"FUT9",NA
"FUZ",NA
"FXN",0.904085811251149
"FXR1",0.0978453540407418
"FXR2",0.646012347704848
"FXYD1",0.986251561141798
"FXYD2",NA
"FXYD3",NA
"FXYD4",NA
"FXYD5",NA
"FXYD6",0.919058049513785
"FXYD6-FXYD2",NA
"FXYD7",NA
"FYB1",5.65176745112778e-08
"FYCO1",0.00629083352659794
"FYN",0.999976140758887
"FYTTD1",NA
"FZD1",NA
"FZD10",NA
"FZD2",NA
"FZD3",NA
"FZD4",NA
"FZD5",NA
"FZD6",NA
"FZD7",NA
"FZD8",NA
"FZD9",NA
"FZR1",NA
"G0S2",NA
"G2E3",NA
"G3BP1",0.998612315549009
"G3BP2",0.166980236483921
"G6PC",NA
"G6PC2",NA
"G6PC3",NA
"G6PD",0.00015936443784862
"GAA",0.0642458585419198
"GAB1",0.702655272161306
"GAB2",NA
"GAB3",NA
"GAB4",NA
"GABARAP",0.00545976965943481
"GABARAPL1",NA
"GABARAPL2",0.246791156648618
"GABBR1",0.768182484962787
"GABBR2",0.781752462801584
"GABPA",0.0965848413770462
"GABPB1",NA
"GABPB2",NA
"GABRA1",0.500169071444435
"GABRA2",NA
"GABRA3",0.904517379410899
"GABRA4",NA
"GABRA5",NA
"GABRA6",NA
"GABRB1",NA
"GABRB2",0.679242957242542
"GABRB3",NA
"GABRD",NA
"GABRE",NA
"GABRG1",NA
"GABRG2",NA
"GABRG3",NA
"GABRP",NA
"GABRQ",NA
"GABRR1",NA
"GABRR2",NA
"GABRR3",NA
"GAD1",0.451998448499026
"GAD2",0.0697659715641336
"GADD45A",NA
"GADD45B",NA
"GADD45G",NA
"GADD45GIP1",0.261801284714293
"GADL1",NA
"GAGE1",NA
"GAGE10",NA
"GAGE12B",NA
"GAGE12C",NA
"GAGE12D",NA
"GAGE12E",NA
"GAGE12F",NA
"GAGE12G",NA
"GAGE12H",NA
"GAGE12J",NA
"GAGE13",NA
"GAGE2A",NA
"GAGE2E",NA
"GAK",0.91672942276538
"GAL",NA
"GAL3ST1",NA
"GAL3ST2",NA
"GAL3ST3",NA
"GAL3ST4",NA
"GALC",0.998689941751099
"GALE",0.687440902666825
"GALK1",0.0789165578503585
"GALK2",0.802640134354473
"GALM",0.938263806567593
"GALNS",0.95088693759846
"GALNT1",NA
"GALNT10",NA
"GALNT11",NA
"GALNT12",NA
"GALNT13",NA
"GALNT14",NA
"GALNT15",NA
"GALNT16",NA
"GALNT18",NA
"GALNT2",0.383290273155657
"GALNT3",NA
"GALNT4",NA
"GALNT5",NA
"GALNT6",NA
"GALNT7",0.000182005026023438
"GALNT8",NA
"GALNT9",NA
"GALNTL5",NA
"GALNTL6",NA
"GALP",NA
"GALR1",NA
"GALR2",NA
"GALR3",NA
"GALT",0.926877820097864
"GAMT",0.0436106893129183
"GAN",0.19953209323912
"GANAB",0.558600398179241
"GANC",NA
"GAP43",0.000119871581244705
"GAPDH",0.302327470846348
"GAPDHS",NA
"GAPT",NA
"GAPVD1",0.5359777462347
"GAR1",0.527611999425989
"GARNL3",NA
"GARS",0.996508844079229
"GART",0.700668674641492
"GAS1",NA
"GAS2",NA
"GAS2L1",0.87563961620523
"GAS2L2",NA
"GAS2L3",NA
"GAS6",NA
"GAS7",0.770848001484699
"GAS8",NA
"GAST",NA
"GATA1",NA
"GATA2",NA
"GATA3",NA
"GATA4",NA
"GATA5",NA
"GATA6",NA
"GATAD1",NA
"GATAD2A",0.726870928862385
"GATAD2B",0.0443214099871988
"GATB",0.643319157001038
"GATC",NA
"GATD1",0.905060623482293
"GATD3B",0.15894332495518
"GATM",0.000550707573863454
"GBA",0.00183038116593218
"GBA2",0.99522286383948
"GBA3",NA
"GBE1",0.498183632011416
"GBF1",0.379237117614787
"GBGT1",NA
"GBP1",0.0502486624589571
"GBP2",1.39905593548404e-05
"GBP3",NA
"GBP4",0.142453570634903
"GBP5",NA
"GBP6",NA
"GBP7",NA
"GBX1",NA
"GBX2",NA
"GC",0.00382073353275252
"GCA",0.936003615581605
"GCAT",0.684416291004913
"GCC1",0.471836725674746
"GCC2",0.981420595068665
"GCDH",0.671279762106429
"GCFC2",NA
"GCG",NA
"GCGR",NA
"GCH1",NA
"GCHFR",0.000136342729753194
"GCK",NA
"GCKR",NA
"GCLC",0.356447617323943
"GCLM",0.991483414543955
"GCM1",NA
"GCM2",NA
"GCN1",0.991869329252288
"GCNT1",NA
"GCNT2",NA
"GCNT3",NA
"GCNT4",NA
"GCNT7",NA
"GCOM1",0.878591909858792
"GCSAM",NA
"GCSAML",NA
"GCSH",0.357795082267538
"GDA",0.366069595956123
"GDAP1",0.0102448203040624
"GDAP1L1",0.22819986366062
"GDAP2",0.647586137309441
"GDE1",0.533889456151143
"GDF1",NA
"GDF10",NA
"GDF11",NA
"GDF15",NA
"GDF2",NA
"GDF3",NA
"GDF5",NA
"GDF6",NA
"GDF7",NA
"GDF9",NA
"GDI1",0.972142283804254
"GDI2",0.145298102287076
"GDNF",NA
"GDPD1",0.215136725713903
"GDPD2",0.788099492448652
"GDPD3",NA
"GDPD4",NA
"GDPD5",NA
"GDPGP1",0.727424196232635
"GEM",NA
"GEMIN2",NA
"GEMIN4",0.986371830342862
"GEMIN5",0.00582139469723078
"GEMIN6",NA
"GEMIN7",NA
"GEMIN8",NA
"GEN1",NA
"GET4",0.990966172589431
"GFAP",0.958549588970075
"GFER",0.558217391468533
"GFI1",NA
"GFI1B",NA
"GFM1",0.993148047850978
"GFM2",0.367918523711266
"GFOD1",0.243792022676308
"GFOD2",NA
"GFPT1",0.960964140685162
"GFPT2",NA
"GFRA1",0.538915689647655
"GFRA2",0.89707132299502
"GFRA3",NA
"GFRA4",NA
"GFRAL",NA
"GFY",NA
"GGA1",0.409967394667911
"GGA2",0.433777488684526
"GGA3",0.851873124931869
"GGACT",0.128858969975682
"GGCT",0.988373346377671
"GGCX",NA
"GGH",0.0319935416463389
"GGN",NA
"GGNBP2",NA
"GGPS1",0.0598660788243524
"GGT1",0.937228585948019
"GGT2",NA
"GGT5",0.00816807615789043
"GGT6",NA
"GGT7",0.999066562139383
"GGTLC1",NA
"GGTLC2",NA
"GGTLC3",NA
"GH1",0.0737689309307513
"GH2",NA
"GHDC",0.00121412785188049
"GHITM",NA
"GHR",NA
"GHRH",NA
"GHRHR",NA
"GHRL",NA
"GHSR",NA
"GID4",NA
"GID8",0.993916826522681
"GIGYF1",0.127036041575397
"GIGYF2",0.971443803000707
"GIMAP1",NA
"GIMAP1-GIMAP5",NA
"GIMAP2",NA
"GIMAP4",6.12519268879131e-13
"GIMAP5",NA
"GIMAP6",NA
"GIMAP7",NA
"GIMAP8",NA
"GIMD1",NA
"GIN1",NA
"GINM1",NA
"GINS1",NA
"GINS2",NA
"GINS3",0.776166671188542
"GINS4",NA
"GIP",NA
"GIPC1",0.0152440741656805
"GIPC2",NA
"GIPC3",NA
"GIPR",NA
"GIT1",0.937162807760562
"GIT2",9.35356388314436e-08
"GJA1",0.336642858417349
"GJA10",NA
"GJA3",NA
"GJA4",NA
"GJA5",NA
"GJA8",NA
"GJA9",NA
"GJB1",NA
"GJB2",NA
"GJB3",NA
"GJB4",NA
"GJB5",NA
"GJB6",NA
"GJB7",NA
"GJC1",NA
"GJC2",NA
"GJC3",NA
"GJD2",NA
"GJD3",NA
"GJD4",NA
"GJE1",NA
"GK",0.979080153727242
"GK2",NA
"GK5",NA
"GKAP1",NA
"GKN1",NA
"GKN2",NA
"GLA",0.69211254694683
"GLB1",0.0874446831526893
"GLB1L",NA
"GLB1L2",NA
"GLB1L3",NA
"GLCCI1",0.0341154668640568
"GLCE",NA
"GLDC",0.00537898297416768
"GLDN",NA
"GLE1",0.994465549370838
"GLG1",0.393896327962059
"GLI1",NA
"GLI2",NA
"GLI3",NA
"GLI4",NA
"GLIPR1",NA
"GLIPR1L1",NA
"GLIPR1L2",NA
"GLIPR2",0.479648329200963
"GLIS1",NA
"GLIS2",NA
"GLIS3",NA
"GLMN",0.0938859149802122
"GLMP",NA
"GLO1",0.927698861335802
"GLOD4",0.453368285138292
"GLOD5",NA
"GLP1R",NA
"GLP2R",NA
"GLRA1",NA
"GLRA2",NA
"GLRA3",NA
"GLRA4",NA
"GLRB",NA
"GLRX",0.0558107289907052
"GLRX2",NA
"GLRX3",0.999390418984179
"GLRX5",NA
"GLS",0.861265752996056
"GLS2",NA
"GLT1D1",NA
"GLT6D1",NA
"GLT8D1",NA
"GLT8D2",NA
"GLTP",0.174882173279634
"GLTPD2",NA
"GLUD1",0.291008774967818
"GLUD2",0.785415220684516
"GLUL",0.942772315640117
"GLYAT",NA
"GLYATL1",NA
"GLYATL2",NA
"GLYATL3",NA
"GLYCTK",NA
"GLYR1",0.875229516580942
"GM2A",0.999911544247225
"GMCL1",NA
"GMDS",0.153467206180194
"GMEB1",NA
"GMEB2",0.00319850620299177
"GMFB",0.918090942707556
"GMFG",3.07594734633788e-06
"GMIP",6.25940929051378e-05
"GML",NA
"GMNC",NA
"GMNN",NA
"GMPPA",0.941304613831682
"GMPPB",0.991801869420251
"GMPR",0.0126566776788171
"GMPR2",0.991343914654876
"GMPS",0.01968988543457
"GNA11",0.936665139737363
"GNA12",0.195123620512665
"GNA13",0.871859938354524
"GNA14",NA
"GNA15",NA
"GNAI1",0.247057681011358
"GNAI2",0.547446663806406
"GNAI3",0.931965308032349
"GNAL",NA
"GNAO1",0.365439625780421
"GNAQ",0.999986452608863
"GNAS",0.966769852056089
"GNAT1",NA
"GNAT2",NA
"GNAT3",NA
"GNAZ",0.0103916529223474
"GNB1",0.466021061478852
"GNB1L",0.793417133307611
"GNB2",0.8438390812974
"GNB3",0.999938245530838
"GNB4",0.0674230702542763
"GNB5",0.865420272935793
"GNE",0.802612124680416
"GNG10",NA
"GNG11",NA
"GNG12",0.74722236318065
"GNG13",NA
"GNG2",0.678069103991972
"GNG3",0.332103129075883
"GNG4",1.60625558207731e-06
"GNG5",0.120000149868641
"GNG7",0.685065973531011
"GNG8",NA
"GNGT1",NA
"GNGT2",NA
"GNL1",0.987386467970551
"GNL2",NA
"GNL3",0.835180189739478
"GNL3L",NA
"GNLY",NA
"GNMT",NA
"GNPAT",0.912969049410835
"GNPDA1",0.793048987283676
"GNPDA2",0.880142785004286
"GNPNAT1",0.980879545622865
"GNPTAB",NA
"GNPTG",0.468125218386534
"GNRH1",NA
"GNRH2",NA
"GNRHR",NA
"GNS",0.992995586407016
"GOLGA1",0.858257023522421
"GOLGA2",0.876759476099638
"GOLGA3",0.803591181285616
"GOLGA4",0.673063370076517
"GOLGA5",0.17833618235993
"GOLGA6A",NA
"GOLGA6B",NA
"GOLGA6C",NA
"GOLGA6D",NA
"GOLGA6L1",NA
"GOLGA6L10",NA
"GOLGA6L2",NA
"GOLGA6L22",NA
"GOLGA6L3",NA
"GOLGA6L4",NA
"GOLGA6L6",NA
"GOLGA6L9",NA
"GOLGA7",0.281124293887598
"GOLGA7B",NA
"GOLGA8A",NA
"GOLGA8B",NA
"GOLGA8F",NA
"GOLGA8G",NA
"GOLGA8H",NA
"GOLGA8J",NA
"GOLGA8K",NA
"GOLGA8M",NA
"GOLGA8N",NA
"GOLGA8O",NA
"GOLGA8Q",NA
"GOLGA8R",NA
"GOLGA8S",NA
"GOLGA8T",NA
"GOLGB1",0.699000490760485
"GOLIM4",0.337270333613809
"GOLM1",0.939750937237192
"GOLPH3",0.218443098438022
"GOLPH3L",0.375951481114393
"GOLT1A",NA
"GOLT1B",NA
"GON4L",NA
"GON7",0.983620166455098
"GOPC",0.197991814485892
"GORAB",0.67005485727548
"GORASP1",0.971324621348347
"GORASP2",0.763218144264785
"GOSR1",0.859985072187064
"GOSR2",0.190915502633334
"GOT1",0.532153833293418
"GOT1L1",NA
"GOT2",0.0837278920013703
"GP1BA",NA
"GP1BB",0.167319566088019
"GP2",NA
"GP5",NA
"GP6",NA
"GP9",NA
"GPA33",NA
"GPAA1",NA
"GPALPP1",0.0507354911705119
"GPAM",NA
"GPANK1",NA
"GPAT2",NA
"GPATCH1",0.998065941155996
"GPATCH11",0.86534793461276
"GPATCH2",NA
"GPATCH2L",NA
"GPATCH3",NA
"GPATCH4",NA
"GPATCH8",0.307172941430508
"GPBAR1",NA
"GPBP1",NA
"GPBP1L1",NA
"GPC1",0.790782554388037
"GPC2",NA
"GPC3",NA
"GPC4",0.145711557704481
"GPC5",NA
"GPC6",0.148777818978902
"GPCPD1",0.996824295207835
"GPD1",0.99293754148313
"GPD1L",0.60701342137032
"GPD2",0.811675385141485
"GPER1",NA
"GPHA2",NA
"GPHB5",NA
"GPHN",0.370747299035009
"GPI",0.965174207635684
"GPIHBP1",NA
"GPKOW",0.169902654503336
"GPLD1",0.0255614918389234
"GPM6A",0.231377852561859
"GPM6B",0.30493386515921
"GPN1",NA
"GPN2",NA
"GPN3",NA
"GPNMB",0.304407381950212
"GPR1",NA
"GPR101",NA
"GPR107",0.729982091852277
"GPR108",NA
"GPR119",NA
"GPR12",NA
"GPR132",NA
"GPR135",NA
"GPR137",NA
"GPR137B",NA
"GPR137C",NA
"GPR139",NA
"GPR141",NA
"GPR142",NA
"GPR143",NA
"GPR146",NA
"GPR148",NA
"GPR149",NA
"GPR15",NA
"GPR150",NA
"GPR151",NA
"GPR152",NA
"GPR153",NA
"GPR155",NA
"GPR156",NA
"GPR157",NA
"GPR158",0.950123064034044
"GPR160",NA
"GPR161",NA
"GPR162",NA
"GPR17",0.388754849299677
"GPR171",NA
"GPR173",NA
"GPR174",NA
"GPR176",NA
"GPR179",NA
"GPR18",NA
"GPR180",NA
"GPR182",NA
"GPR183",NA
"GPR19",NA
"GPR20",NA
"GPR21",NA
"GPR22",NA
"GPR25",NA
"GPR26",NA
"GPR27",NA
"GPR3",NA
"GPR31",NA
"GPR32",NA
"GPR33",NA
"GPR34",NA
"GPR35",NA
"GPR37",NA
"GPR37L1",0.742036557744037
"GPR39",NA
"GPR4",NA
"GPR42",NA
"GPR45",NA
"GPR50",NA
"GPR52",NA
"GPR55",NA
"GPR6",NA
"GPR61",NA
"GPR62",NA
"GPR63",NA
"GPR65",NA
"GPR68",NA
"GPR75",NA
"GPR75-ASB3",NA
"GPR78",NA
"GPR82",NA
"GPR83",NA
"GPR84",NA
"GPR85",NA
"GPR87",NA
"GPR88",NA
"GPR89A",0.745721622824739
"GPR89B",NA
"GPRASP1",NA
"GPRASP2",0.529961106173856
"GPRC5A",NA
"GPRC5B",0.665453246211929
"GPRC5C",NA
"GPRC5D",NA
"GPRC6A",NA
"GPRIN1",0.416820959849705
"GPRIN2",NA
"GPRIN3",0.514801918460719
"GPS1",0.57276548273229
"GPS2",0.999731910198068
"GPSM1",0.13962810487117
"GPSM2",NA
"GPSM3",NA
"GPT",0.358564807775168
"GPT2",0.447384847968065
"GPX1",6.34044077644695e-06
"GPX2",NA
"GPX3",0.061897155169491
"GPX4",0.368679309853542
"GPX5",NA
"GPX6",NA
"GPX7",0.945711154357463
"GPX8",NA
"GRAMD1A",NA
"GRAMD1B",NA
"GRAMD1C",NA
"GRAMD2B",0.870003060787005
"GRAMD4",0.572366819435044
"GRAP",NA
"GRAP2",NA
"GRAPL",NA
"GRASP",NA
"GRB10",NA
"GRB14",NA
"GRB2",0.886316077220446
"GRB7",NA
"GREB1",NA
"GREB1L",NA
"GREM1",NA
"GREM2",NA
"GRHL1",NA
"GRHL2",NA
"GRHL3",NA
"GRHPR",0.843157419900024
"GRIA1",0.525873698473188
"GRIA2",0.18515306796706
"GRIA3",0.1970045882418
"GRIA4",0.659080186122426
"GRID1",0.0228615682493691
"GRID2",0.910154939758376
"GRID2IP",NA
"GRIFIN",NA
"GRIK1",NA
"GRIK2",NA
"GRIK3",0.00096666882668861
"GRIK4",NA
"GRIK5",NA
"GRIN1",0.18594892982603
"GRIN2A",NA
"GRIN2B",NA
"GRIN2C",NA
"GRIN2D",NA
"GRIN3A",NA
"GRIN3B",NA
"GRINA",NA
"GRIP1",NA
"GRIP2",NA
"GRIPAP1",0.999997114175047
"GRK1",NA
"GRK2",0.918911333713807
"GRK4",NA
"GRK5",0.66887976899935
"GRK6",NA
"GRK7",NA
"GRM1",NA
"GRM2",NA
"GRM3",0.0866584160865978
"GRM4",0.445351263169223
"GRM5",0.559763011034365
"GRM6",NA
"GRM7",NA
"GRM8",NA
"GRN",NA
"GRP",NA
"GRPEL1",0.498781651866302
"GRPEL2",NA
"GRPR",NA
"GRSF1",0.0588201995605305
"GRTP1",NA
"GRWD1",0.991305656821644
"GRXCR1",NA
"GRXCR2",NA
"GSAP",NA
"GSC",NA
"GSC2",NA
"GSDMA",NA
"GSDMB",NA
"GSDMC",NA
"GSDMD",0.753005651037654
"GSDME",0.103317371247278
"GSE1",0.986894985625782
"GSG1",NA
"GSG1L",NA
"GSK3A",0.00736844059952224
"GSK3B",0.793723568165696
"GSKIP",NA
"GSN",0.575209475636886
"GSPT1",0.929490179611179
"GSPT2",0.949530567374641
"GSR",0.774840887000256
"GSS",0.244066022874847
"GSTA1",NA
"GSTA2",NA
"GSTA3",NA
"GSTA4",0.0812529122542777
"GSTA5",NA
"GSTCD",0.973809590100259
"GSTK1",0.00170556361809739
"GSTM1",0.670623190045178
"GSTM2",0.797101919836805
"GSTM3",0.295202317516305
"GSTM4",0.830091862427748
"GSTM5",0.553736128235237
"GSTO1",0.410632169045085
"GSTO2",NA
"GSTP1",0.399614977908882
"GSTT1",0.422399838350996
"GSTT2",NA
"GSTT2B",0.532174758356661
"GSTZ1",0.911630602449618
"GSX1",NA
"GSX2",NA
"GTDC1",NA
"GTF2A1",0.27570024224682
"GTF2A1L",NA
"GTF2A2",0.102745664767053
"GTF2B",0.580626597499554
"GTF2E1",0.000140837074589538
"GTF2E2",NA
"GTF2F1",0.380256595869344
"GTF2F2",0.192695389824654
"GTF2H1",0.146666151168339
"GTF2H2",NA
"GTF2H2C",NA
"GTF2H3",NA
"GTF2H4",NA
"GTF2H5",NA
"GTF2I",0.000183614181591703
"GTF2IRD1",NA
"GTF2IRD2",NA
"GTF2IRD2B",NA
"GTF3A",NA
"GTF3C1",0.233521336334358
"GTF3C2",0.0434193303116747
"GTF3C3",0.207360902998601
"GTF3C4",0.0017910634387935
"GTF3C5",0.115683723146105
"GTF3C6",NA
"GTPBP1",0.0262177615059832
"GTPBP10",NA
"GTPBP2",NA
"GTPBP3",NA
"GTPBP4",0.256979809645206
"GTPBP6",NA
"GTPBP8",NA
"GTSE1",NA
"GTSF1",NA
"GTSF1L",NA
"GUCA1A",NA
"GUCA1B",NA
"GUCA1C",NA
"GUCA2A",NA
"GUCA2B",NA
"GUCD1",NA
"GUCY1A1",0.997063891190676
"GUCY1A2",0.160168712954714
"GUCY1B1",0.246027334950564
"GUCY2C",NA
"GUCY2D",NA
"GUCY2F",NA
"GUF1",0.279274474704252
"GUK1",0.0274688963608773
"GULP1",NA
"GUSB",0.864129704394224
"GVQW1",NA
"GXYLT1",NA
"GXYLT2",NA
"GYG1",0.964285057456851
"GYG2",0.729831607784521
"GYPA",NA
"GYPB",NA
"GYPC",0.372208218315472
"GYPE",NA
"GYS1",0.990583887961146
"GYS2",NA
"GZF1",NA
"GZMA",NA
"GZMB",NA
"GZMH",NA
"GZMK",NA
"GZMM",NA
"H1F0",0.625326795356577
"H1FNT",NA
"H1FOO",NA
"H1FX",0.418404603429822
"H2AFB1",NA
"H2AFB2",NA
"H2AFB3",NA
"H2AFJ",NA
"H2AFV",NA
"H2AFX",0.544254408943663
"H2AFY",0.303365392162127
"H2AFY2",0.593191669936612
"H2AFZ",0.0513241929633297
"H2BFM",NA
"H2BFS",NA
"H2BFWT",NA
"H3F3A",0.998907316922725
"H3F3B",NA
"H3F3C",NA
"H6PD",0.0204879825145117
"HAAO",0.971830616899133
"HABP2",0.0144764639055002
"HABP4",0.0182488949576449
"HACD1",NA
"HACD2",0.766427598757992
"HACD3",0.997300362711005
"HACD4",NA
"HACE1",0.721042424292686
"HACL1",NA
"HADH",0.609428978836693
"HADHA",0.999768848497305
"HADHB",0.98884145127918
"HAGH",0.319096107268245
"HAGHL",NA
"HAL",NA
"HAMP",NA
"HAND1",NA
"HAND2",NA
"HAO1",NA
"HAO2",NA
"HAP1",NA
"HAPLN1",0.198217120802811
"HAPLN2",0.950293892709141
"HAPLN3",NA
"HAPLN4",0.924357731118795
"HARBI1",NA
"HARS",0.0877403478016347
"HARS2",0.374823076549338
"HAS1",NA
"HAS2",NA
"HAS3",NA
"HAT1",0.195234353409334
"HAUS1",0.6897955270068
"HAUS2",NA
"HAUS3",0.965440088747767
"HAUS4",3.26813113722132e-07
"HAUS5",NA
"HAUS6",0.00999746693213743
"HAUS7",NA
"HAUS8",NA
"HAVCR1",NA
"HAVCR2",NA
"HAX1",0.046832667724306
"HBA1",NA
"HBA2",0.882530589353477
"HBB",0.933229253201992
"HBD",0.946466592466658
"HBE1",NA
"HBEGF",NA
"HBG1",0.959847203392817
"HBG2",0.955250191037073
"HBM",0.984258232263424
"HBP1",NA
"HBQ1",0.566441857029739
"HBS1L",0.908173334685862
"HBZ",0.946951534179946
"HCAR1",NA
"HCAR2",NA
"HCAR3",NA
"HCCS",0.989488528241201
"HCFC1",0.0294781063946108
"HCFC1R1",NA
"HCFC2",NA
"HCG22",NA
"HCK",2.77976582069529e-06
"HCLS1",2.07215525505952e-10
"HCN1",NA
"HCN2",NA
"HCN3",NA
"HCN4",NA
"HCRT",NA
"HCRTR1",NA
"HCRTR2",NA
"HCST",NA
"HDAC1",0.9001341581703
"HDAC10",NA
"HDAC11",NA
"HDAC2",0.00317703637926718
"HDAC3",0.0220446966481808
"HDAC4",0.95118685861746
"HDAC5",0.0476286115180136
"HDAC6",0.998019847421677
"HDAC7",NA
"HDAC8",NA
"HDAC9",NA
"HDC",NA
"HDDC2",0.000928913662419119
"HDDC3",0.932849257321115
"HDGF",0.000883560459997053
"HDGFL1",NA
"HDGFL2",0.0118905599824388
"HDGFL3",0.193862897874387
"HDHD2",0.719736421750777
"HDHD3",0.06444952969812
"HDHD5",0.396856199861744
"HDLBP",0.00775709508683946
"HDX",NA
"HEATR1",0.927204017367564
"HEATR3",0.328144761500087
"HEATR4",NA
"HEATR5A",0.906411146493647
"HEATR5B",0.910717545700626
"HEATR6",0.904268455729172
"HEATR9",NA
"HEBP1",0.891091302660814
"HEBP2",0.99997394778836
"HECA",NA
"HECTD1",0.468884546392913
"HECTD2",NA
"HECTD3",0.102989561222958
"HECTD4",0.326926194266023
"HECW1",NA
"HECW2",NA
"HEG1",NA
"HELB",NA
"HELLS",NA
"HELQ",NA
"HELT",NA
"HELZ",NA
"HELZ2",NA
"HEMGN",NA
"HEMK1",NA
"HENMT1",NA
"HEPACAM",0.944358977896375
"HEPACAM2",NA
"HEPH",NA
"HEPHL1",NA
"HEPN1",NA
"HERC1",NA
"HERC2",NA
"HERC3",NA
"HERC4",0.994041445152502
"HERC5",NA
"HERC6",NA
"HERPUD1",NA
"HERPUD2",NA
"HES1",NA
"HES2",NA
"HES3",NA
"HES4",NA
"HES5",NA
"HES6",NA
"HES7",NA
"HESX1",NA
"HEXA",0.00479701501467939
"HEXB",0.0482051385458755
"HEXIM1",0.243283631895898
"HEXIM2",NA
"HEY1",NA
"HEY2",NA
"HEYL",NA
"HFE",NA
"HFM1",NA
"HGD",NA
"HGF",NA
"HGFAC",NA
"HGH1",0.725301051175924
"HGS",0.645541722166717
"HGSNAT",NA
"HHAT",NA
"HHATL",NA
"HHEX",NA
"HHIP",NA
"HHIPL1",NA
"HHIPL2",NA
"HHLA1",NA
"HHLA2",NA
"HHLA3",NA
"HIBADH",0.558810614948552
"HIBCH",0.0157731567661788
"HIC1",NA
"HIC2",NA
"HID1",NA
"HIF1A",NA
"HIF1AN",0.648396581980798
"HIF3A",NA
"HIGD1A",0.483781066283537
"HIGD1B",NA
"HIGD1C",NA
"HIGD2A",NA
"HIGD2B",NA
"HIKESHI",0.888770694227728
"HILPDA",NA
"HINFP",NA
"HINT1",0.949325398934009
"HINT2",0.752051391805908
"HINT3",0.997930386139012
"HIP1",0.00139982959432698
"HIP1R",0.78332491288297
"HIPK1",NA
"HIPK2",NA
"HIPK3",NA
"HIPK4",NA
"HIRA",NA
"HIRIP3",NA
"HIST1H1A",NA
"HIST1H1B",0.998582124930585
"HIST1H1C",0.92934701730319
"HIST1H1D",0.999709025337576
"HIST1H1E",0.853040657736458
"HIST1H1T",NA
"HIST1H2AA",NA
"HIST1H2AB",NA
"HIST1H2AC",NA
"HIST1H2AD",NA
"HIST1H2AE",NA
"HIST1H2AG",NA
"HIST1H2AH",NA
"HIST1H2AI",NA
"HIST1H2AJ",NA
"HIST1H2AK",NA
"HIST1H2AL",NA
"HIST1H2AM",NA
"HIST1H2BA",NA
"HIST1H2BB",NA
"HIST1H2BC",NA
"HIST1H2BD",NA
"HIST1H2BE",NA
"HIST1H2BF",NA
"HIST1H2BG",NA
"HIST1H2BH",NA
"HIST1H2BI",NA
"HIST1H2BJ",NA
"HIST1H2BK",0.0900282459059873
"HIST1H2BL",NA
"HIST1H2BM",NA
"HIST1H2BN",NA
"HIST1H2BO",NA
"HIST1H3A",NA
"HIST1H3B",NA
"HIST1H3C",NA
"HIST1H3D",NA
"HIST1H3E",NA
"HIST1H3F",NA
"HIST1H3G",NA
"HIST1H3H",NA
"HIST1H3I",NA
"HIST1H3J",NA
"HIST1H4A",NA
"HIST1H4B",NA
"HIST1H4C",NA
"HIST1H4D",NA
"HIST1H4E",NA
"HIST1H4F",NA
"HIST1H4G",NA
"HIST1H4H",NA
"HIST1H4I",NA
"HIST1H4J",NA
"HIST1H4K",NA
"HIST1H4L",NA
"HIST2H2AA3",NA
"HIST2H2AA4",NA
"HIST2H2AB",0.933704175917025
"HIST2H2AC",NA
"HIST2H2BE",NA
"HIST2H2BF",NA
"HIST2H3A",0.635262728639166
"HIST2H3C",NA
"HIST2H3D",NA
"HIST2H3PS2",NA
"HIST2H4A",NA
"HIST2H4B",0.999923959207417
"HIST3H2A",NA
"HIST3H2BB",0.337200915454823
"HIST3H3",NA
"HIST4H4",NA
"HIVEP1",NA
"HIVEP2",NA
"HIVEP3",NA
"HJURP",NA
"HK1",0.761020092625898
"HK2",0.318526385013877
"HK3",0.392130694783289
"HKDC1",NA
"HLA-A",6.59662377226189e-05
"HLA-B",2.82987726856169e-06
"HLA-C",0.00400914714619674
"HLA-DMA",NA
"HLA-DMB",NA
"HLA-DOA",NA
"HLA-DOB",NA
"HLA-DPA1",0.000241745380187643
"HLA-DPB1",0.000107448173441674
"HLA-DQA1",NA
"HLA-DQA2",NA
"HLA-DQB1",0.00937295769984877
"HLA-DQB2",NA
"HLA-DQB3",NA
"HLA-DRA",3.95564097702758e-07
"HLA-DRB1",7.11260975201547e-05
"HLA-DRB5",0.00808219675266581
"HLA-E",0.612417707997625
"HLA-F",NA
"HLA-G",NA
"HLCS",0.456116156392396
"HLF",NA
"HLTF",NA
"HLX",NA
"HM13",0.108660874237062
"HMBOX1",NA
"HMBS",0.987572320932006
"HMCES",0.719295907965981
"HMCN1",NA
"HMCN2",NA
"HMG20A",0.0035149287719418
"HMG20B",NA
"HMGA1",0.000919614280180323
"HMGA2",NA
"HMGB1",0.78662749397336
"HMGB2",0.00722195308352317
"HMGB3",0.000638038606244355
"HMGB4",NA
"HMGCL",0.995550442183085
"HMGCLL1",NA
"HMGCR",NA
"HMGCS1",0.649327400412357
"HMGCS2",NA
"HMGN1",0.523135388455882
"HMGN2",0.784863028419316
"HMGN3",0.264751454222347
"HMGN4",0.670964230712623
"HMGN5",0.00549918867235246
"HMGXB3",NA
"HMGXB4",NA
"HMHB1",NA
"HMMR",NA
"HMOX1",0.000138808201391667
"HMOX2",0.996375842750217
"HMSD",NA
"HMX1",NA
"HMX2",NA
"HMX3",NA
"HNF1A",NA
"HNF1B",NA
"HNF4A",NA
"HNF4G",NA
"HNMT",0.462953735232336
"HNRNPA0",0.00380926353664442
"HNRNPA1",0.248329714551989
"HNRNPA1L2",NA
"HNRNPA2B1",0.102637120334151
"HNRNPA3",0.102889098219518
"HNRNPAB",0.0266579291643259
"HNRNPC",0.0285616040305793
"HNRNPCL1",NA
"HNRNPCL2",NA
"HNRNPCL3",NA
"HNRNPCL4",NA
"HNRNPD",0.112852098092826
"HNRNPDL",0.196359310377544
"HNRNPF",0.343833475590007
"HNRNPH1",0.235026359097707
"HNRNPH2",0.802933721626795
"HNRNPH3",0.0121249574465494
"HNRNPK",0.0586182922337073
"HNRNPL",0.127611019217458
"HNRNPLL",0.0460422015805402
"HNRNPM",0.152853472062206
"HNRNPR",0.180280340471765
"HNRNPU",0.11277862902995
"HNRNPUL1",0.330236540275715
"HNRNPUL2",0.869296603356222
"HOGA1",0.0227520667915402
"HOMER1",0.649246593584599
"HOMER2",NA
"HOMER3",0.516844209442104
"HOMEZ",NA
"HOOK1",NA
"HOOK2",NA
"HOOK3",0.926147071464377
"HOPX",NA
"HORMAD1",NA
"HORMAD2",NA
"HOXA1",NA
"HOXA10",NA
"HOXA11",NA
"HOXA13",NA
"HOXA2",NA
"HOXA3",NA
"HOXA4",NA
"HOXA5",NA
"HOXA6",NA
"HOXA7",NA
"HOXA9",NA
"HOXB1",NA
"HOXB13",NA
"HOXB2",NA
"HOXB3",NA
"HOXB4",NA
"HOXB5",NA
"HOXB6",NA
"HOXB7",NA
"HOXB8",NA
"HOXB9",NA
"HOXC10",NA
"HOXC11",NA
"HOXC12",NA
"HOXC13",NA
"HOXC4",NA
"HOXC5",NA
"HOXC6",NA
"HOXC8",NA
"HOXC9",NA
"HOXD1",NA
"HOXD10",NA
"HOXD11",NA
"HOXD12",NA
"HOXD13",NA
"HOXD3",NA
"HOXD4",NA
"HOXD8",NA
"HOXD9",NA
"HP",0.615021061337625
"HP1BP3",0.816184195929544
"HPCA",0.577795377388566
"HPCAL1",0.289005165352558
"HPCAL4",0.0475875406050641
"HPD",NA
"HPDL",NA
"HPF1",0.00165198909202258
"HPGD",NA
"HPGDS",NA
"HPN",NA
"HPR",0.553612730920556
"HPRT1",0.106788572777933
"HPS1",NA
"HPS3",NA
"HPS4",NA
"HPS5",0.992830128296391
"HPS6",0.0198906008991555
"HPSE",NA
"HPSE2",NA
"HPX",0.00129801593472413
"HR",NA
"HRAS",0.559385226555119
"HRC",NA
"HRCT1",NA
"HRG",0.0100701195811185
"HRH1",NA
"HRH2",NA
"HRH3",NA
"HRH4",NA
"HRK",NA
"HRNR",NA
"HS1BP3",0.475944177960523
"HS2ST1",0.143094829619908
"HS3ST1",NA
"HS3ST2",NA
"HS3ST3A1",NA
"HS3ST3B1",NA
"HS3ST4",NA
"HS3ST5",NA
"HS3ST6",NA
"HS6ST1",NA
"HS6ST2",NA
"HS6ST3",NA
"HSBP1",NA
"HSBP1L1",NA
"HSCB",NA
"HSD11B1",NA
"HSD11B1L",NA
"HSD11B2",NA
"HSD17B1",NA
"HSD17B10",0.683924895307137
"HSD17B11",0.000691129061930979
"HSD17B12",0.0146305418082976
"HSD17B13",NA
"HSD17B14",NA
"HSD17B2",NA
"HSD17B3",NA
"HSD17B4",0.106455915237924
"HSD17B6",NA
"HSD17B7",NA
"HSD17B8",0.0784702306710927
"HSD3B1",NA
"HSD3B2",NA
"HSD3B7",NA
"HSDL1",0.330463973512814
"HSDL2",0.796001864788821
"HSF1",0.901704361636734
"HSF2",NA
"HSF2BP",NA
"HSF4",NA
"HSF5",NA
"HSFX1",NA
"HSFX2",NA
"HSFY1",NA
"HSFY2",NA
"HSH2D",NA
"HSP90AA1",0.00419485242043095
"HSP90AB1",0.922280261851693
"HSP90B1",0.208716981060428
"HSPA12A",0.128427402550954
"HSPA12B",0.00663328392835728
"HSPA13",0.751466137526731
"HSPA14",0.779034784156699
"HSPA1A",0.443570570206392
"HSPA1B",NA
"HSPA1L",NA
"HSPA2",0.74666023982428
"HSPA4",0.00485786451089275
"HSPA4L",0.0742394545645089
"HSPA5",0.11394654557432
"HSPA6",NA
"HSPA8",0.00953667738167016
"HSPA9",0.406653664982165
"HSPB1",0.964251901109212
"HSPB11",0.213077939740832
"HSPB2",0.27653637455697
"HSPB3",NA
"HSPB6",0.801221129904074
"HSPB7",NA
"HSPB8",0.979265931995521
"HSPB9",NA
"HSPBAP1",NA
"HSPBP1",0.0237797114033203
"HSPD1",0.00162580431912495
"HSPE1",0.0299137471238837
"HSPE1-MOB4",NA
"HSPG2",0.70201922645557
"HSPH1",0.0035763263887793
"HTATIP2",0.00762137962128586
"HTATSF1",0.0435003082587356
"HTN1",NA
"HTN3",NA
"HTR1A",NA
"HTR1B",NA
"HTR1D",NA
"HTR1E",NA
"HTR1F",NA
"HTR2A",NA
"HTR2B",NA
"HTR2C",NA
"HTR3A",NA
"HTR3B",NA
"HTR3C",NA
"HTR3D",NA
"HTR3E",NA
"HTR4",NA
"HTR5A",NA
"HTR6",NA
"HTR7",NA
"HTRA1",0.429966958584624
"HTRA2",0.75303129499819
"HTRA3",NA
"HTRA4",NA
"HTT",0.0363238260943679
"HUNK",NA
"HUS1",NA
"HUS1B",NA
"HUWE1",0.0304655777512664
"HVCN1",0.288598108769058
"HYAL1",NA
"HYAL2",NA
"HYAL3",NA
"HYAL4",NA
"HYDIN",NA
"HYI",0.967719169062649
"HYKK",NA
"HYLS1",NA
"HYOU1",0.784611912347498
"HYPK",0.995679949819247
"HYPM",NA
"IAH1",0.774873519896957
"IAPP",NA
"IARS",0.887036658624743
"IARS2",0.0231955472556034
"IBA57",0.0583286638293912
"IBSP",NA
"IBTK",NA
"ICA1",NA
"ICA1L",0.988903450969292
"ICAM1",0.00283818663310488
"ICAM2",NA
"ICAM3",NA
"ICAM4",NA
"ICAM5",0.767880725371577
"ICE1",NA
"ICE2",NA
"ICK",NA
"ICMT",NA
"ICOS",NA
"ICOSLG",NA
"ID1",NA
"ID2",NA
"ID3",NA
"ID4",NA
"IDE",0.684449681929244
"IDH1",0.0483340376522365
"IDH2",0.0709382009569012
"IDH3A",0.315061802858506
"IDH3B",0.457966703068648
"IDH3G",0.366231039818244
"IDI1",0.565324969633164
"IDI2",NA
"IDNK",0.789867715352433
"IDO1",NA
"IDO2",NA
"IDS",0.467361836341151
"IDUA",0.767809715800921
"IER2",NA
"IER3",NA
"IER3IP1",NA
"IER5",NA
"IER5L",NA
"IFFO1",NA
"IFFO2",NA
"IFI16",3.30912768362743e-08
"IFI27",NA
"IFI27L1",NA
"IFI27L2",NA
"IFI30",0.399285593531309
"IFI35",4.31751849397143e-07
"IFI44",NA
"IFI44L",NA
"IFI6",NA
"IFIH1",NA
"IFIT1",0.0164082359975489
"IFIT1B",NA
"IFIT2",0.00123940382321761
"IFIT3",0.000363821340031089
"IFIT5",0.680977832702199
"IFITM1",0.358318167271303
"IFITM10",NA
"IFITM2",NA
"IFITM3",NA
"IFITM5",NA
"IFNA1",NA
"IFNA10",NA
"IFNA13",NA
"IFNA14",NA
"IFNA16",NA
"IFNA17",NA
"IFNA2",NA
"IFNA21",NA
"IFNA4",NA
"IFNA5",NA
"IFNA6",NA
"IFNA7",NA
"IFNA8",NA
"IFNAR1",NA
"IFNAR2",NA
"IFNB1",NA
"IFNE",NA
"IFNG",NA
"IFNGR1",NA
"IFNGR2",NA
"IFNK",NA
"IFNL1",NA
"IFNL2",NA
"IFNL3",NA
"IFNL4",NA
"IFNLR1",NA
"IFNW1",NA
"IFRD1",NA
"IFRD2",NA
"IFT122",0.370526324302982
"IFT140",0.0687975213785719
"IFT172",0.876840370039424
"IFT20",NA
"IFT22",0.0564642668543317
"IFT27",0.0175235778297068
"IFT43",0.94290024999398
"IFT46",NA
"IFT52",0.11080177927693
"IFT57",NA
"IFT74",0.0315355274818669
"IFT80",NA
"IFT81",0.0545858473078968
"IFT88",0.698118117384495
"IGBP1",0.595117443852771
"IGDCC3",NA
"IGDCC4",NA
"IGF1",NA
"IGF1R",0.630264295410602
"IGF2",0.999494974459319
"IGF2BP1",0.715832376991505
"IGF2BP2",0.231348180353581
"IGF2BP3",0.918595352254829
"IGF2R",0.878423302729011
"IGFALS",0.012319880215104
"IGFBP1",NA
"IGFBP2",0.995961605409477
"IGFBP3",0.200881160050156
"IGFBP4",NA
"IGFBP5",0.929577731514549
"IGFBP6",NA
"IGFBP7",0.000724388701383814
"IGFBPL1",0.00103449003141455
"IGFL1",NA
"IGFL2",NA
"IGFL3",NA
"IGFL4",NA
"IGFLR1",NA
"IGFN1",NA
"IGHMBP2",NA
"IGIP",NA
"IGLL1",NA
"IGLL5",0.0223250627871884
"IGLON5",NA
"IGSF1",0.00633568704009856
"IGSF10",NA
"IGSF11",NA
"IGSF21",0.706846110933196
"IGSF22",NA
"IGSF23",NA
"IGSF3",0.431764893370453
"IGSF5",NA
"IGSF6",NA
"IGSF8",0.445432694694583
"IGSF9",NA
"IGSF9B",NA
"IHH",NA
"IK",0.0297154003564244
"IKBIP",0.0138395996577289
"IKBKB",0.00111954859569207
"IKBKE",NA
"IKBKG",0.00117208955486424
"IKZF1",NA
"IKZF2",NA
"IKZF3",NA
"IKZF4",NA
"IKZF5",NA
"IL10",NA
"IL10RA",NA
"IL10RB",NA
"IL11",NA
"IL11RA",NA
"IL12A",NA
"IL12B",NA
"IL12RB1",NA
"IL12RB2",NA
"IL13",NA
"IL13RA1",NA
"IL13RA2",NA
"IL15",NA
"IL15RA",NA
"IL16",4.44376136124605e-05
"IL17A",NA
"IL17B",NA
"IL17C",NA
"IL17D",NA
"IL17F",NA
"IL17RA",NA
"IL17RB",NA
"IL17RC",NA
"IL17RD",NA
"IL17RE",NA
"IL17REL",NA
"IL18",0.0237171974448128
"IL18BP",NA
"IL18R1",NA
"IL18RAP",NA
"IL19",NA
"IL1A",NA
"IL1B",NA
"IL1F10",NA
"IL1R1",NA
"IL1R2",NA
"IL1RAP",0.000371104757971751
"IL1RAPL1",NA
"IL1RAPL2",NA
"IL1RL1",NA
"IL1RL2",NA
"IL1RN",NA
"IL2",NA
"IL20",NA
"IL20RA",NA
"IL20RB",NA
"IL21",NA
"IL21R",NA
"IL22",NA
"IL22RA1",NA
"IL22RA2",NA
"IL23A",NA
"IL23R",NA
"IL24",NA
"IL25",NA
"IL26",NA
"IL27",NA
"IL27RA",NA
"IL2RA",NA
"IL2RB",NA
"IL2RG",NA
"IL3",NA
"IL31",NA
"IL31RA",NA
"IL32",NA
"IL33",NA
"IL34",NA
"IL36A",NA
"IL36B",NA
"IL36G",NA
"IL36RN",NA
"IL37",NA
"IL3RA",NA
"IL4",NA
"IL4I1",0.00255104254970049
"IL4R",NA
"IL5",NA
"IL5RA",NA
"IL6",NA
"IL6R",NA
"IL6ST",NA
"IL7",NA
"IL7R",NA
"IL9",NA
"IL9R",NA
"ILDR1",NA
"ILDR2",NA
"ILF2",0.0144643612208464
"ILF3",0.0346808495365353
"ILK",3.29006332396386e-05
"ILKAP",0.005168314520952
"ILVBL",0.104989927376712
"IMMP1L",NA
"IMMP2L",NA
"IMMT",0.536542547339367
"IMP3",NA
"IMP4",NA
"IMPA1",0.206787057956399
"IMPA2",NA
"IMPACT",0.937935017622239
"IMPAD1",0.601132079269699
"IMPDH1",0.60209661036294
"IMPDH2",0.957958610589805
"IMPG1",NA
"IMPG2",NA
"INA",0.55440532245025
"INAFM1",NA
"INAFM2",NA
"INCA1",NA
"INCENP",NA
"INF2",0.000154673061774489
"ING1",0.0922822370774336
"ING2",NA
"ING3",0.980324193665797
"ING4",NA
"ING5",NA
"INHA",NA
"INHBA",NA
"INHBB",NA
"INHBC",NA
"INHBE",NA
"INIP",NA
"INMT",NA
"INO80",NA
"INO80B",NA
"INO80C",NA
"INO80D",NA
"INO80E",NA
"INPP1",0.606371153141789
"INPP4A",0.87222023345323
"INPP4B",NA
"INPP5A",0.214366132124372
"INPP5B",NA
"INPP5D",4.08023368633637e-06
"INPP5E",NA
"INPP5F",7.04079816472982e-05
"INPP5J",NA
"INPP5K",0.280927220632288
"INPPL1",0.00379727100091643
"INS",NA
"INS-IGF2",NA
"INSC",NA
"INSIG1",NA
"INSIG2",NA
"INSL3",NA
"INSL4",NA
"INSL5",NA
"INSL6",NA
"INSM1",NA
"INSM2",NA
"INSR",0.985518751832019
"INSRR",NA
"INTS1",0.995930290731136
"INTS10",0.985357380527652
"INTS12",NA
"INTS13",0.782548592345254
"INTS14",0.109672203911838
"INTS2",0.409987346284467
"INTS3",0.951979298127735
"INTS4",0.821222519978377
"INTS5",0.0169222009698716
"INTS6",NA
"INTS7",0.0865996400203818
"INTS8",0.009646283976165
"INTS9",0.914583373353716
"INTU",NA
"INVS",NA
"IP6K1",0.221872038325464
"IP6K2",NA
"IP6K3",NA
"IPCEF1",NA
"IPMK",NA
"IPO11",0.259922733266072
"IPO13",0.904490657530641
"IPO4",0.57920310513032
"IPO5",0.394801577841828
"IPO7",0.726412441593197
"IPO8",0.807835893100009
"IPO9",0.915259969223056
"IPP",NA
"IPPK",NA
"IQCA1",NA
"IQCA1L",NA
"IQCB1",NA
"IQCC",NA
"IQCD",NA
"IQCE",NA
"IQCF1",NA
"IQCF2",NA
"IQCF3",NA
"IQCF5",NA
"IQCF6",NA
"IQCG",NA
"IQCH",NA
"IQCJ",NA
"IQCJ-SCHIP1",NA
"IQCK",NA
"IQGAP1",0.0350383919087602
"IQGAP2",0.359759911008742
"IQGAP3",NA
"IQSEC1",0.962530079324785
"IQSEC2",0.997887487968402
"IQSEC3",NA
"IQUB",NA
"IRAK1",0.702734158301704
"IRAK1BP1",NA
"IRAK2",NA
"IRAK3",NA
"IRAK4",0.869975217274244
"IREB2",0.938633082344802
"IRF1",NA
"IRF2",NA
"IRF2BP1",0.0882531889164338
"IRF2BP2",0.230625952206334
"IRF2BPL",0.818097725366767
"IRF3",0.00497596836654787
"IRF4",NA
"IRF5",NA
"IRF6",NA
"IRF7",NA
"IRF8",NA
"IRF9",0.0701700654803356
"IRGC",NA
"IRGM",NA
"IRGQ",0.464686682273934
"IRS1",NA
"IRS2",0.0273173245588906
"IRS4",NA
"IRX1",NA
"IRX2",NA
"IRX3",NA
"IRX4",NA
"IRX5",NA
"IRX6",NA
"ISCA1",0.407576481070557
"ISCA2",0.6043599918442
"ISCU",0.944846448773198
"ISG15",0.29413005623383
"ISG20",NA
"ISG20L2",NA
"ISL1",NA
"ISL2",NA
"ISLR",NA
"ISLR2",NA
"ISM1",NA
"ISM2",NA
"ISOC1",0.00498337440188645
"ISOC2",0.920535934890911
"ISPD",0.354343987426109
"IST1",0.437988201779798
"ISX",NA
"ISY1",NA
"ISY1-RAB43",0.271407506042145
"ISYNA1",0.00314043675918042
"ITCH",0.785766387534129
"ITFG1",0.999374076031752
"ITFG2",NA
"ITGA1",0.926725589751688
"ITGA10",NA
"ITGA11",NA
"ITGA2",0.820697268372755
"ITGA2B",0.856172809631081
"ITGA3",1.74114508925814e-07
"ITGA4",NA
"ITGA5",0.00972619636955981
"ITGA6",0.724233231131384
"ITGA7",0.0698246120930187
"ITGA8",NA
"ITGA9",NA
"ITGAD",NA
"ITGAE",NA
"ITGAL",NA
"ITGAM",0.000994316798207987
"ITGAV",7.24229732108821e-06
"ITGAX",0.0136279189010442
"ITGB1",3.27830441560805e-06
"ITGB1BP1",NA
"ITGB1BP2",NA
"ITGB2",7.38052216411029e-07
"ITGB3",0.0496101002203981
"ITGB3BP",NA
"ITGB4",0.987666447243952
"ITGB5",0.00014387742804519
"ITGB6",NA
"ITGB7",NA
"ITGB8",0.010780011793142
"ITGBL1",NA
"ITIH1",0.0120637704123472
"ITIH2",0.00318571034563711
"ITIH3",0.00730379395097091
"ITIH4",0.00183868720654702
"ITIH5",0.442565492318669
"ITIH6",NA
"ITK",NA
"ITLN1",NA
"ITLN2",NA
"ITM2A",NA
"ITM2B",0.270695680582395
"ITM2C",0.670695406332827
"ITPA",0.784137219060132
"ITPK1",0.788667718039956
"ITPKA",0.595299852483102
"ITPKB",0.848779160143666
"ITPKC",0.00136785951069052
"ITPR1",0.669215704359725
"ITPR2",2.10962158429527e-05
"ITPR3",0.486135745253304
"ITPRID2",0.0119708374963474
"ITPRIP",NA
"ITPRIPL1",NA
"ITPRIPL2",NA
"ITSN1",0.305983262453108
"ITSN2",0.0162262726492884
"IVD",0.700964885246936
"IVL",NA
"IVNS1ABP",0.6137179711247
"IWS1",0.0211702378305554
"IYD",NA
"IZUMO1",NA
"IZUMO1R",NA
"IZUMO2",NA
"IZUMO3",NA
"IZUMO4",NA
"JADE1",NA
"JADE2",NA
"JADE3",NA
"JAG1",0.184919923394976
"JAG2",NA
"JAGN1",0.0980126306790302
"JAK1",0.0605390449559341
"JAK2",NA
"JAK3",NA
"JAKMIP1",NA
"JAKMIP2",NA
"JAKMIP3",NA
"JAM2",0.575202997853493
"JAM3",0.996603220181559
"JARID2",NA
"JAZF1",NA
"JCAD",0.511541559371447
"JCHAIN",0.574099728688688
"JDP2",NA
"JKAMP",NA
"JMJD1C",NA
"JMJD4",NA
"JMJD6",0.19550133502639
"JMJD7",0.0261514162066361
"JMJD7-PLA2G4B",NA
"JMJD8",NA
"JMY",NA
"JOSD1",NA
"JOSD2",NA
"JPH1",NA
"JPH2",NA
"JPH3",NA
"JPH4",NA
"JPT1",0.275756852212192
"JRK",NA
"JRKL",NA
"JSRP1",NA
"JTB",NA
"JUN",NA
"JUNB",NA
"JUND",NA
"JUP",0.155342749050119
"KAAG1",NA
"KALRN",0.923067324591329
"KANK1",0.14596406549249
"KANK2",0.0442351360025985
"KANK3",NA
"KANK4",NA
"KANSL1",NA
"KANSL1L",NA
"KANSL2",NA
"KANSL3",NA
"KARS",0.987630915878277
"KAT2A",NA
"KAT2B",NA
"KAT5",NA
"KAT6A",NA
"KAT6B",NA
"KAT7",NA
"KAT8",NA
"KATNA1",NA
"KATNAL1",0.959648753536984
"KATNAL2",NA
"KATNB1",0.526020542775742
"KATNBL1",NA
"KAZALD1",NA
"KAZN",0.736497794012946
"KBTBD11",0.171343964366101
"KBTBD12",NA
"KBTBD13",NA
"KBTBD2",0.676817497118663
"KBTBD3",NA
"KBTBD4",NA
"KBTBD6",0.2018802056604
"KBTBD7",NA
"KBTBD8",NA
"KCMF1",0.988732745920909
"KCNA1",NA
"KCNA10",NA
"KCNA2",NA
"KCNA3",NA
"KCNA4",NA
"KCNA5",NA
"KCNA6",NA
"KCNA7",NA
"KCNAB1",NA
"KCNAB2",0.770901191774851
"KCNAB3",NA
"KCNB1",NA
"KCNB2",NA
"KCNC1",NA
"KCNC2",NA
"KCNC3",NA
"KCNC4",NA
"KCND1",NA
"KCND2",NA
"KCND3",NA
"KCNE1",NA
"KCNE2",NA
"KCNE3",NA
"KCNE4",NA
"KCNE5",NA
"KCNF1",NA
"KCNG1",NA
"KCNG2",NA
"KCNG3",NA
"KCNG4",NA
"KCNH1",NA
"KCNH2",NA
"KCNH3",NA
"KCNH4",NA
"KCNH5",NA
"KCNH6",NA
"KCNH7",NA
"KCNH8",NA
"KCNIP1",0.000462771917921567
"KCNIP2",NA
"KCNIP3",NA
"KCNIP4",0.98005775670221
"KCNJ1",NA
"KCNJ10",NA
"KCNJ11",NA
"KCNJ12",NA
"KCNJ13",NA
"KCNJ14",NA
"KCNJ15",NA
"KCNJ16",NA
"KCNJ18",NA
"KCNJ2",NA
"KCNJ3",NA
"KCNJ4",NA
"KCNJ5",NA
"KCNJ6",NA
"KCNJ8",NA
"KCNJ9",NA
"KCNK1",NA
"KCNK10",NA
"KCNK12",NA
"KCNK13",NA
"KCNK15",NA
"KCNK16",NA
"KCNK17",NA
"KCNK18",NA
"KCNK2",NA
"KCNK3",NA
"KCNK4",NA
"KCNK5",NA
"KCNK6",NA
"KCNK7",NA
"KCNK9",NA
"KCNMA1",0.99298734234021
"KCNMB1",NA
"KCNMB2",NA
"KCNMB3",NA
"KCNMB4",NA
"KCNN1",NA
"KCNN2",NA
"KCNN3",0.963106946992673
"KCNN4",NA
"KCNQ1",NA
"KCNQ2",NA
"KCNQ3",NA
"KCNQ4",NA
"KCNQ5",NA
"KCNRG",NA
"KCNS1",NA
"KCNS2",NA
"KCNS3",NA
"KCNT1",NA
"KCNT2",NA
"KCNU1",NA
"KCNV1",NA
"KCNV2",NA
"KCP",NA
"KCTD1",NA
"KCTD10",0.557553728596837
"KCTD11",NA
"KCTD12",0.144199939677776
"KCTD13",NA
"KCTD14",NA
"KCTD15",0.00156936231634127
"KCTD16",0.855068681346953
"KCTD17",NA
"KCTD18",NA
"KCTD19",NA
"KCTD2",NA
"KCTD20",NA
"KCTD21",0.449744421983477
"KCTD3",NA
"KCTD4",NA
"KCTD5",NA
"KCTD6",NA
"KCTD7",NA
"KCTD8",NA
"KCTD9",NA
"KDELC2",0.784335369345285
"KDELR1",NA
"KDELR2",0.00559931716803251
"KDELR3",NA
"KDF1",NA
"KDM1A",1.32984711857326e-05
"KDM1B",NA
"KDM2A",NA
"KDM2B",NA
"KDM3A",NA
"KDM3B",0.000702166712505599
"KDM4A",NA
"KDM4B",NA
"KDM4C",NA
"KDM4D",NA
"KDM4E",NA
"KDM5A",NA
"KDM5B",NA
"KDM5C",0.468610003322441
"KDM5D",NA
"KDM6A",NA
"KDM6B",NA
"KDM7A",NA
"KDM8",NA
"KDR",NA
"KDSR",0.0709431302247016
"KEAP1",0.998831835724149
"KEL",NA
"KERA",NA
"KHDC1",NA
"KHDC1L",NA
"KHDC3L",NA
"KHDC4",0.998542002900796
"KHDRBS1",0.00410221930706909
"KHDRBS2",0.13015917636485
"KHDRBS3",0.241391822952667
"KHK",NA
"KHNYN",NA
"KHSRP",0.601003012658141
"KIAA0040",NA
"KIAA0100",NA
"KIAA0232",NA
"KIAA0319",NA
"KIAA0319L",0.284613231975313
"KIAA0355",NA
"KIAA0408",NA
"KIAA0513",0.589973096206873
"KIAA0556",NA
"KIAA0586",NA
"KIAA0753",NA
"KIAA0825",NA
"KIAA0895",NA
"KIAA0895L",NA
"KIAA0930",0.756943404884563
"KIAA1107",0.997494503368034
"KIAA1109",NA
"KIAA1143",0.300025009245537
"KIAA1147",NA
"KIAA1191",0.926499781304691
"KIAA1210",NA
"KIAA1211",0.947254635374431
"KIAA1211L",0.538088379634905
"KIAA1217",0.980664368822296
"KIAA1257",NA
"KIAA1324",NA
"KIAA1324L",NA
"KIAA1328",NA
"KIAA1522",NA
"KIAA1549",NA
"KIAA1549L",0.000162569393885325
"KIAA1586",NA
"KIAA1614",NA
"KIAA1671",0.902847861206406
"KIAA1755",0.618817360390154
"KIAA1841",NA
"KIAA1958",NA
"KIAA2012",NA
"KIAA2013",0.948538064453612
"KIAA2026",NA
"KIDINS220",0.09707090148473
"KIF11",0.350993632139033
"KIF12",NA
"KIF13A",0.853007808767098
"KIF13B",6.80017494048015e-06
"KIF14",NA
"KIF15",NA
"KIF16B",NA
"KIF17",NA
"KIF18A",NA
"KIF18B",NA
"KIF19",NA
"KIF1A",0.238670751207888
"KIF1B",0.93701588063081
"KIF1BP",0.992385608768942
"KIF1C",NA
"KIF20A",NA
"KIF20B",NA
"KIF21A",0.500412192340445
"KIF21B",0.0181046769088946
"KIF22",NA
"KIF23",NA
"KIF24",NA
"KIF25",NA
"KIF26A",NA
"KIF26B",NA
"KIF27",NA
"KIF2A",0.392273836807402
"KIF2B",NA
"KIF2C",NA
"KIF3A",0.473959809122382
"KIF3B",0.885609060915576
"KIF3C",0.923098249675028
"KIF4A",NA
"KIF4B",NA
"KIF5A",0.549485991027445
"KIF5B",0.494948425694354
"KIF5C",0.999863837023154
"KIF6",NA
"KIF7",0.960873029280265
"KIF9",NA
"KIFAP3",0.99727682376671
"KIFC1",NA
"KIFC2",NA
"KIFC3",NA
"KIN",NA
"KIR2DL1",NA
"KIR2DL3",NA
"KIR2DL4",NA
"KIR2DS4",NA
"KIR3DL1",NA
"KIR3DL2",NA
"KIR3DL3",NA
"KIRREL2",NA
"KIRREL3",NA
"KISS1",NA
"KISS1R",NA
"KIT",NA
"KITLG",NA
"KIZ",NA
"KL",NA
"KLB",NA
"KLC1",0.93278593898652
"KLC2",0.66215339471315
"KLC3",NA
"KLC4",0.78204349963642
"KLF1",NA
"KLF10",NA
"KLF11",NA
"KLF12",NA
"KLF13",NA
"KLF14",NA
"KLF15",NA
"KLF16",NA
"KLF17",NA
"KLF18",NA
"KLF2",NA
"KLF3",NA
"KLF4",NA
"KLF5",NA
"KLF6",NA
"KLF7",NA
"KLF8",NA
"KLF9",NA
"KLHDC1",NA
"KLHDC10",NA
"KLHDC2",NA
"KLHDC3",NA
"KLHDC4",NA
"KLHDC7A",NA
"KLHDC7B",NA
"KLHDC8A",NA
"KLHDC8B",NA
"KLHDC9",NA
"KLHL1",NA
"KLHL10",NA
"KLHL11",NA
"KLHL12",NA
"KLHL13",NA
"KLHL14",NA
"KLHL15",NA
"KLHL17",NA
"KLHL18",NA
"KLHL2",NA
"KLHL20",NA
"KLHL21",NA
"KLHL22",0.999709930029784
"KLHL23",NA
"KLHL24",NA
"KLHL25",NA
"KLHL26",NA
"KLHL28",NA
"KLHL29",NA
"KLHL3",NA
"KLHL30",NA
"KLHL31",NA
"KLHL32",NA
"KLHL33",NA
"KLHL34",NA
"KLHL35",NA
"KLHL36",NA
"KLHL38",NA
"KLHL4",NA
"KLHL40",NA
"KLHL41",NA
"KLHL42",0.00106906443383771
"KLHL5",NA
"KLHL6",NA
"KLHL7",NA
"KLHL8",NA
"KLHL9",NA
"KLK1",NA
"KLK10",NA
"KLK11",NA
"KLK12",NA
"KLK13",NA
"KLK14",NA
"KLK15",NA
"KLK2",NA
"KLK3",NA
"KLK4",NA
"KLK5",NA
"KLK6",NA
"KLK7",NA
"KLK8",NA
"KLK9",NA
"KLKB1",0.00521826011925592
"KLLN",NA
"KLRB1",NA
"KLRC1",NA
"KLRC2",NA
"KLRC3",NA
"KLRC4",NA
"KLRC4-KLRK1",NA
"KLRD1",NA
"KLRF1",NA
"KLRF2",NA
"KLRG1",NA
"KLRG2",NA
"KLRK1",NA
"KMO",NA
"KMT2A",NA
"KMT2B",NA
"KMT2C",NA
"KMT2D",NA
"KMT2E",NA
"KNCN",NA
"KNDC1",NA
"KNG1",0.00457744067624066
"KNOP1",NA
"KNSTRN",NA
"KNTC1",NA
"KPNA1",0.843795848434431
"KPNA2",0.49270321480354
"KPNA3",0.759619447370018
"KPNA4",0.346097581539698
"KPNA5",NA
"KPNA6",0.991413159434645
"KPNA7",NA
"KPNB1",0.508225929111408
"KPRP",NA
"KPTN",0.834084210980346
"KRAS",0.805113598381111
"KRBA1",NA
"KRBA2",NA
"KRBOX1",NA
"KRBOX4",NA
"KRCC1",NA
"KREMEN1",NA
"KREMEN2",NA
"KRI1",0.988443737158834
"KRIT1",NA
"KRR1",NA
"KRT1",0.985800175805786
"KRT10",0.956334313345403
"KRT12",NA
"KRT13",0.999212193141537
"KRT14",0.0276220294386269
"KRT15",0.00123443338221888
"KRT16",0.135457448157922
"KRT17",0.0520645966348426
"KRT18",0.367884128019762
"KRT19",0.0046326991250108
"KRT2",0.935191363343294
"KRT20",NA
"KRT222",NA
"KRT23",NA
"KRT24",NA
"KRT25",NA
"KRT26",NA
"KRT27",NA
"KRT28",NA
"KRT3",NA
"KRT31",0.171637155978276
"KRT32",NA
"KRT33A",NA
"KRT33B",NA
"KRT34",NA
"KRT35",NA
"KRT36",NA
"KRT37",NA
"KRT38",NA
"KRT39",NA
"KRT4",0.858400194966093
"KRT40",NA
"KRT5",0.0164747332776204
"KRT6A",0.17032447978232
"KRT6B",0.0547258055482269
"KRT6C",0.0139939693665437
"KRT7",0.0592774872772549
"KRT71",NA
"KRT72",0.000545816673826122
"KRT73",NA
"KRT74",NA
"KRT75",0.589805769563262
"KRT76",NA
"KRT77",0.73323910554072
"KRT78",0.80853614366721
"KRT79",NA
"KRT8",0.0397940346654472
"KRT80",0.74039493825042
"KRT81",NA
"KRT82",NA
"KRT83",NA
"KRT84",NA
"KRT85",0.987398435820847
"KRT86",0.954434977834394
"KRT9",0.998336376790188
"KRTAP1-1",NA
"KRTAP1-3",NA
"KRTAP1-4",NA
"KRTAP1-5",NA
"KRTAP10-1",NA
"KRTAP10-10",NA
"KRTAP10-11",NA
"KRTAP10-12",NA
"KRTAP10-2",NA
"KRTAP10-3",NA
"KRTAP10-4",NA
"KRTAP10-5",NA
"KRTAP10-6",NA
"KRTAP10-7",NA
"KRTAP10-8",NA
"KRTAP10-9",NA
"KRTAP11-1",NA
"KRTAP12-1",NA
"KRTAP12-2",NA
"KRTAP12-3",NA
"KRTAP12-4",NA
"KRTAP13-1",NA
"KRTAP13-2",NA
"KRTAP13-3",NA
"KRTAP13-4",NA
"KRTAP15-1",NA
"KRTAP16-1",NA
"KRTAP17-1",NA
"KRTAP19-1",NA
"KRTAP19-2",NA
"KRTAP19-3",NA
"KRTAP19-4",NA
"KRTAP19-5",NA
"KRTAP19-6",NA
"KRTAP19-7",NA
"KRTAP19-8",NA
"KRTAP2-1",NA
"KRTAP2-2",NA
"KRTAP2-3",NA
"KRTAP2-4",NA
"KRTAP20-1",NA
"KRTAP20-2",NA
"KRTAP20-3",NA
"KRTAP20-4",NA
"KRTAP21-1",NA
"KRTAP21-2",NA
"KRTAP21-3",NA
"KRTAP22-1",NA
"KRTAP22-2",NA
"KRTAP23-1",NA
"KRTAP24-1",NA
"KRTAP25-1",NA
"KRTAP26-1",NA
"KRTAP27-1",NA
"KRTAP29-1",NA
"KRTAP3-1",NA
"KRTAP3-2",NA
"KRTAP3-3",NA
"KRTAP4-1",NA
"KRTAP4-11",NA
"KRTAP4-12",NA
"KRTAP4-2",NA
"KRTAP4-3",NA
"KRTAP4-4",NA
"KRTAP4-5",NA
"KRTAP4-6",NA
"KRTAP4-7",NA
"KRTAP4-8",NA
"KRTAP4-9",NA
"KRTAP5-1",NA
"KRTAP5-10",NA
"KRTAP5-11",NA
"KRTAP5-2",NA
"KRTAP5-3",NA
"KRTAP5-4",NA
"KRTAP5-5",NA
"KRTAP5-6",NA
"KRTAP5-7",NA
"KRTAP5-8",NA
"KRTAP5-9",NA
"KRTAP6-1",NA
"KRTAP6-2",NA
"KRTAP6-3",NA
"KRTAP7-1",NA
"KRTAP8-1",NA
"KRTAP9-1",NA
"KRTAP9-2",NA
"KRTAP9-3",NA
"KRTAP9-4",NA
"KRTAP9-6",NA
"KRTAP9-7",NA
"KRTAP9-8",NA
"KRTAP9-9",NA
"KRTCAP2",NA
"KRTCAP3",NA
"KRTDAP",NA
"KSR1",0.81072476048331
"KSR2",NA
"KTI12",0.0157037457482155
"KTN1",0.200039070578685
"KXD1",0.00955753861553683
"KY",NA
"KYAT1",0.767860427008383
"KYAT3",0.711308712401163
"KYNU",3.86559111258251e-07
"L1CAM",0.089698885554634
"L1TD1",NA
"L2HGDH",0.049426727224384
"L3HYPDH",0.0302950598659825
"L3MBTL1",NA
"L3MBTL2",NA
"L3MBTL3",NA
"L3MBTL4",NA
"LACC1",NA
"LACRT",NA
"LACTB",0.0637810863361458
"LACTB2",0.884075588600932
"LACTBL1",NA
"LAD1",NA
"LAG3",NA
"LAGE3",0.227142150777661
"LAIR1",NA
"LAIR2",NA
"LALBA",NA
"LAMA1",0.280756644305004
"LAMA2",0.838245201750763
"LAMA3",NA
"LAMA4",0.780912768426644
"LAMA5",0.560074560637197
"LAMB1",0.590257848025948
"LAMB2",0.978062237564506
"LAMB3",NA
"LAMB4",NA
"LAMC1",0.90954061115284
"LAMC2",NA
"LAMC3",0.646967446646225
"LAMP1",0.000848594449692291
"LAMP2",0.440453540664366
"LAMP3",NA
"LAMP5",NA
"LAMTOR1",0.204331171065
"LAMTOR2",0.497336538397342
"LAMTOR3",0.659941545230394
"LAMTOR4",0.333487530138535
"LAMTOR5",NA
"LANCL1",0.794401390729763
"LANCL2",0.0229986475410318
"LANCL3",NA
"LAP3",0.00343524745835673
"LAPTM4A",NA
"LAPTM4B",NA
"LAPTM5",NA
"LARP1",0.344177255880738
"LARP1B",NA
"LARP4",NA
"LARP4B",0.974990470731485
"LARP6",NA
"LARP7",0.0600082101730249
"LARS",0.963622326292232
"LARS2",0.852879109795201
"LAS1L",0.588036993179571
"LASP1",0.493431380501341
"LAT",NA
"LAT2",NA
"LATS1",NA
"LATS2",NA
"LAX1",NA
"LAYN",NA
"LBH",NA
"LBHD1",NA
"LBP",0.00436323660926476
"LBR",0.625929656291047
"LBX1",NA
"LBX2",NA
"LCA5",NA
"LCA5L",NA
"LCAT",5.60940459523733e-06
"LCE1A",NA
"LCE1B",NA
"LCE1C",NA
"LCE1D",NA
"LCE1E",NA
"LCE1F",NA
"LCE2A",NA
"LCE2B",NA
"LCE2C",NA
"LCE2D",NA
"LCE3A",NA
"LCE3B",NA
"LCE3C",NA
"LCE3D",NA
"LCE3E",NA
"LCE4A",NA
"LCE5A",NA
"LCE6A",NA
"LCK",NA
"LCLAT1",0.698125351226228
"LCMT1",0.244228856172561
"LCMT2",NA
"LCN1",NA
"LCN10",NA
"LCN12",NA
"LCN15",NA
"LCN2",0.978826283546093
"LCN6",NA
"LCN8",NA
"LCN9",NA
"LCNL1",NA
"LCOR",NA
"LCORL",NA
"LCP1",0.000623269039297212
"LCP2",6.06559931091106e-05
"LCT",NA
"LCTL",NA
"LDAH",0.995469989685546
"LDB1",0.0159069118906728
"LDB2",NA
"LDB3",NA
"LDHA",0.994637730112714
"LDHAL6A",NA
"LDHAL6B",NA
"LDHB",0.918785495303657
"LDHC",NA
"LDHD",NA
"LDLR",NA
"LDLRAD1",NA
"LDLRAD2",NA
"LDLRAD3",NA
"LDLRAD4",NA
"LDLRAP1",NA
"LDOC1",NA
"LEAP2",NA
"LECT2",NA
"LEF1",NA
"LEFTY1",NA
"LEFTY2",NA
"LEKR1",NA
"LELP1",NA
"LEMD1",NA
"LEMD2",0.0671151976474745
"LEMD3",0.341861285747779
"LENEP",NA
"LENG1",NA
"LENG8",NA
"LENG9",NA
"LEO1",0.00369597912126986
"LEP",NA
"LEPR",NA
"LEPROT",NA
"LEPROTL1",NA
"LETM1",0.644286656683157
"LETM2",NA
"LETMD1",NA
"LEUTX",NA
"LFNG",NA
"LGALS1",0.161804655515757
"LGALS12",NA
"LGALS13",NA
"LGALS14",NA
"LGALS16",NA
"LGALS2",NA
"LGALS3",0.000861432410726978
"LGALS3BP",0.826326553604963
"LGALS4",NA
"LGALS7",NA
"LGALS7B",0.3872081826294
"LGALS8",0.180954400066585
"LGALS9",6.06731239707041e-11
"LGALS9B",NA
"LGALS9C",NA
"LGALSL",0.602507838099669
"LGI1",0.0968783515083953
"LGI2",NA
"LGI3",NA
"LGI4",NA
"LGMN",0.0216837192742931
"LGR4",NA
"LGR5",NA
"LGR6",NA
"LGSN",NA
"LHB",NA
"LHCGR",NA
"LHFPL1",NA
"LHFPL2",NA
"LHFPL3",NA
"LHFPL4",NA
"LHFPL5",NA
"LHPP",0.989800061546584
"LHX1",NA
"LHX2",NA
"LHX3",NA
"LHX4",NA
"LHX5",NA
"LHX6",NA
"LHX8",NA
"LHX9",NA
"LIAS",NA
"LIF",NA
"LIFR",NA
"LIG1",0.0391073261012314
"LIG3",0.0522112942050289
"LIG4",NA
"LILRA1",NA
"LILRA2",NA
"LILRA4",NA
"LILRA5",NA
"LILRA6",NA
"LILRB1",NA
"LILRB2",NA
"LILRB3",NA
"LILRB4",NA
"LILRB5",NA
"LIM2",NA
"LIMA1",0.0029333372045977
"LIMCH1",0.22763176353335
"LIMD1",0.227881646693322
"LIMD2",NA
"LIME1",NA
"LIMK1",0.675373007591968
"LIMK2",0.997729958595595
"LIMS1",0.000145158840636169
"LIMS2",NA
"LIMS3",NA
"LIN28A",NA
"LIN28B",NA
"LIN37",NA
"LIN52",NA
"LIN54",NA
"LIN7A",0.942351816052539
"LIN7B",NA
"LIN7C",0.835704237667161
"LIN9",NA
"LINC00452",NA
"LINGO1",0.97718879262413
"LINGO2",NA
"LINGO3",NA
"LINGO4",NA
"LIPA",0.733066014927719
"LIPC",NA
"LIPE",0.00237803961129871
"LIPF",NA
"LIPG",NA
"LIPH",NA
"LIPI",NA
"LIPJ",NA
"LIPK",NA
"LIPM",NA
"LIPN",NA
"LIPT1",NA
"LIPT2",NA
"LITAF",NA
"LIX1",NA
"LIX1L",0.944239901089226
"LKAAEAR1",NA
"LLGL1",0.266855505831589
"LLGL2",NA
"LLPH",NA
"LMAN1",0.891449017664446
"LMAN1L",NA
"LMAN2",0.220569609188246
"LMAN2L",0.999878792823302
"LMBR1",NA
"LMBR1L",NA
"LMBRD1",0.0214221286108247
"LMBRD2",NA
"LMCD1",0.418303416791882
"LMF1",0.999470633205375
"LMF2",0.198427138019292
"LMLN",NA
"LMNA",0.712138555106872
"LMNB1",0.908519157003817
"LMNB2",0.616881606273666
"LMNTD1",NA
"LMNTD2",NA
"LMO1",NA
"LMO2",NA
"LMO3",NA
"LMO4",NA
"LMO7",0.826332165042114
"LMO7DN",NA
"LMOD1",0.313152963591871
"LMOD2",NA
"LMOD3",NA
"LMTK2",NA
"LMTK3",NA
"LMX1A",NA
"LMX1B",NA
"LNP1",NA
"LNPEP",0.572897660799262
"LNPK",0.999358413370046
"LNX1",NA
"LNX2",NA
"LOC110384692",0.0157837960307315
"LONP1",0.263788364760602
"LONP2",NA
"LONRF1",NA
"LONRF2",NA
"LONRF3",NA
"LOR",NA
"LOX",NA
"LOXHD1",NA
"LOXL1",NA
"LOXL2",0.395937998898578
"LOXL3",NA
"LOXL4",NA
"LPA",NA
"LPAR1",NA
"LPAR2",NA
"LPAR3",NA
"LPAR4",NA
"LPAR5",NA
"LPAR6",NA
"LPCAT1",0.986130615804632
"LPCAT2",6.57333049663774e-06
"LPCAT3",0.99701641340343
"LPCAT4",NA
"LPGAT1",0.504323104800699
"LPIN1",0.999615450113011
"LPIN2",0.988370138568802
"LPIN3",NA
"LPL",0.472284149185144
"LPO",NA
"LPP",0.00610491610981046
"LPXN",5.40171229488765e-06
"LRAT",NA
"LRBA",0.578293636004129
"LRCH1",0.663744682302699
"LRCH2",0.391447761546937
"LRCH3",0.00612279304766365
"LRCH4",NA
"LRCOL1",NA
"LRFN1",NA
"LRFN2",NA
"LRFN3",NA
"LRFN4",NA
"LRFN5",NA
"LRG1",0.0147285016430393
"LRGUK",NA
"LRIF1",NA
"LRIG1",0.178004055327651
"LRIG2",NA
"LRIG3",NA
"LRIT1",NA
"LRIT2",NA
"LRIT3",NA
"LRMP",NA
"LRP1",6.54713129887316e-05
"LRP10",NA
"LRP11",NA
"LRP12",NA
"LRP1B",0.0371581297392779
"LRP2",NA
"LRP2BP",NA
"LRP3",NA
"LRP4",0.770216881701125
"LRP5",NA
"LRP5L",NA
"LRP6",NA
"LRP8",NA
"LRPAP1",3.59509564449353e-05
"LRPPRC",0.251470386703213
"LRR1",NA
"LRRC1",0.991123276398865
"LRRC10",NA
"LRRC10B",NA
"LRRC14",0.972971488405185
"LRRC14B",NA
"LRRC15",NA
"LRRC17",NA
"LRRC18",NA
"LRRC19",NA
"LRRC2",NA
"LRRC20",0.0749023920721806
"LRRC23",NA
"LRRC24",NA
"LRRC25",NA
"LRRC26",NA
"LRRC27",NA
"LRRC28",NA
"LRRC29",NA
"LRRC3",NA
"LRRC30",NA
"LRRC31",NA
"LRRC32",NA
"LRRC34",NA
"LRRC36",NA
"LRRC37A",NA
"LRRC37A2",NA
"LRRC37A3",NA
"LRRC37B",NA
"LRRC38",NA
"LRRC39",NA
"LRRC3B",NA
"LRRC3C",NA
"LRRC4",NA
"LRRC40",0.08506575954129
"LRRC41",NA
"LRRC42",NA
"LRRC43",NA
"LRRC45",NA
"LRRC46",NA
"LRRC47",0.049674818761574
"LRRC49",NA
"LRRC4B",0.998710034668816
"LRRC4C",NA
"LRRC52",NA
"LRRC53",NA
"LRRC55",NA
"LRRC56",NA
"LRRC57",1.49519888903839e-05
"LRRC58",NA
"LRRC59",0.574564295301005
"LRRC6",NA
"LRRC61",NA
"LRRC63",NA
"LRRC66",NA
"LRRC69",NA
"LRRC7",NA
"LRRC70",NA
"LRRC71",NA
"LRRC72",NA
"LRRC73",NA
"LRRC74A",NA
"LRRC74B",NA
"LRRC75A",NA
"LRRC75B",NA
"LRRC8A",0.980780478980793
"LRRC8B",NA
"LRRC8C",NA
"LRRC8D",NA
"LRRC8E",NA
"LRRC9",NA
"LRRCC1",NA
"LRRD1",NA
"LRRFIP1",0.829137834238163
"LRRFIP2",0.898658488545105
"LRRIQ1",NA
"LRRIQ3",NA
"LRRIQ4",NA
"LRRK1",NA
"LRRK2",NA
"LRRN1",0.326539996165395
"LRRN2",NA
"LRRN3",NA
"LRRN4",NA
"LRRN4CL",NA
"LRRTM1",NA
"LRRTM2",NA
"LRRTM3",NA
"LRRTM4",NA
"LRSAM1",0.794883733436855
"LRTM1",NA
"LRTM2",NA
"LRTOMT",NA
"LRWD1",0.000248595837357438
"LSAMP",0.996086547517214
"LSG1",0.919594647340559
"LSM1",0.934306801137761
"LSM10",NA
"LSM11",NA
"LSM12",0.700671953504112
"LSM14A",0.483589064030021
"LSM14B",0.0508933121592192
"LSM2",0.276839281114714
"LSM3",0.776766816003478
"LSM4",0.197963043852452
"LSM5",0.760866206256144
"LSM6",0.0352686052387881
"LSM7",0.225734523446378
"LSM8",0.183608508259344
"LSMEM1",NA
"LSMEM2",NA
"LSP1",0.0864455528422347
"LSR",NA
"LSS",0.982010554096735
"LST1",NA
"LTA",NA
"LTA4H",0.911729249296493
"LTB",NA
"LTB4R",NA
"LTB4R2",NA
"LTBP1",0.781163693700843
"LTBP2",0.95932864656037
"LTBP3",0.255669978464529
"LTBP4",0.789217069561426
"LTBR",NA
"LTC4S",NA
"LTF",0.982477948613329
"LTK",NA
"LTN1",0.571921099316751
"LTV1",NA
"LUC7L",0.0224958093185159
"LUC7L2",0.21285469251523
"LUC7L3",0.150840507429232
"LUM",0.799259332346228
"LURAP1",NA
"LURAP1L",NA
"LUZP1",0.848351908372651
"LUZP2",NA
"LUZP4",NA
"LUZP6",NA
"LVRN",NA
"LXN",0.888411564051984
"LY6D",NA
"LY6E",NA
"LY6G5B",NA
"LY6G5C",NA
"LY6G6C",NA
"LY6G6D",NA
"LY6G6F",NA
"LY6H",0.118604817428051
"LY6K",NA
"LY75",NA
"LY75-CD302",NA
"LY86",NA
"LY9",NA
"LY96",NA
"LYAR",0.99772247265107
"LYG1",NA
"LYG2",NA
"LYL1",NA
"LYN",0.087508146675715
"LYNX1",0.722653679623949
"LYPD1",NA
"LYPD2",NA
"LYPD3",NA
"LYPD4",NA
"LYPD5",NA
"LYPD6",NA
"LYPD6B",NA
"LYPD8",NA
"LYPLA1",0.446457768675581
"LYPLA2",0.999040570638581
"LYPLAL1",0.902219850849138
"LYRM1",NA
"LYRM2",NA
"LYRM4",0.998260955475579
"LYRM7",0.417090817975891
"LYRM9",NA
"LYSMD1",NA
"LYSMD2",0.713776034869247
"LYSMD3",NA
"LYSMD4",NA
"LYST",NA
"LYVE1",0.0660721608453244
"LYZ",0.250517925525197
"LYZL1",NA
"LYZL2",NA
"LYZL4",NA
"LYZL6",NA
"LZIC",0.703262060654081
"LZTFL1",0.00118977273801015
"LZTR1",NA
"LZTS1",0.0111655835687008
"LZTS2",NA
"LZTS3",NA
"M1AP",NA
"M6PR",0.000402226835722197
"MAATS1",NA
"MAB21L1",0.101983127355598
"MAB21L2",NA
"MAB21L3",NA
"MACC1",NA
"MACF1",0.859453579199587
"MACROD1",0.59033343418781
"MACROD2",0.994217661959828
"MAD1L1",0.12281338029044
"MAD2L1",0.0265463773590606
"MAD2L1BP",NA
"MAD2L2",NA
"MADCAM1",NA
"MADD",0.24211621938101
"MAEA",0.922282924009864
"MAEL",NA
"MAF",NA
"MAF1",NA
"MAFA",NA
"MAFB",NA
"MAFF",NA
"MAFG",NA
"MAFK",NA
"MAG",0.675730306748442
"MAGEA1",NA
"MAGEA10",NA
"MAGEA11",NA
"MAGEA12",NA
"MAGEA2",NA
"MAGEA2B",NA
"MAGEA3",NA
"MAGEA4",NA
"MAGEA5",NA
"MAGEA6",NA
"MAGEA8",NA
"MAGEA9",NA
"MAGEA9B",NA
"MAGEB1",NA
"MAGEB10",NA
"MAGEB16",NA
"MAGEB17",NA
"MAGEB18",NA
"MAGEB2",NA
"MAGEB3",NA
"MAGEB4",NA
"MAGEB5",NA
"MAGEB6",NA
"MAGEC1",NA
"MAGEC2",NA
"MAGEC3",NA
"MAGED1",0.959906000717774
"MAGED2",0.5758767452021
"MAGED4",NA
"MAGED4B",NA
"MAGEE1",NA
"MAGEE2",NA
"MAGEF1",NA
"MAGEH1",NA
"MAGEL2",NA
"MAGI1",0.0285701041165103
"MAGI2",0.998586838887795
"MAGI3",0.361318202900632
"MAGIX",NA
"MAGOH",NA
"MAGOHB",0.117141550950507
"MAGT1",0.00475657075668277
"MAIP1",0.294169210131843
"MAK",NA
"MAK16",0.96320024131864
"MAL",NA
"MAL2",0.920533085579959
"MALL",NA
"MALRD1",NA
"MALSU1",NA
"MALT1",0.848195557135351
"MAMDC2",NA
"MAMDC4",NA
"MAML1",NA
"MAML2",NA
"MAML3",NA
"MAMLD1",NA
"MAMSTR",NA
"MAN1A1",NA
"MAN1A2",NA
"MAN1B1",0.913798434781367
"MAN1C1",NA
"MAN2A1",0.215994214027528
"MAN2A2",NA
"MAN2B1",0.507582127011339
"MAN2B2",0.0195809473123183
"MAN2C1",0.21595470028325
"MANBA",0.154244144704514
"MANBAL",NA
"MANEA",NA
"MANEAL",NA
"MANF",0.601159235847396
"MANSC1",NA
"MANSC4",NA
"MAOA",0.999998051195207
"MAOB",0.764891616776621
"MAP10",NA
"MAP1A",0.769912206755076
"MAP1B",0.250514453387172
"MAP1LC3A",0.926567921837641
"MAP1LC3B",NA
"MAP1LC3B2",0.566716268754005
"MAP1LC3C",NA
"MAP1S",0.286028150462085
"MAP2",0.840601318987927
"MAP2K1",0.999989074075051
"MAP2K2",0.601454286179774
"MAP2K3",0.158087564938354
"MAP2K4",0.203794123915095
"MAP2K5",NA
"MAP2K6",7.98324278616185e-06
"MAP2K7",NA
"MAP3K1",NA
"MAP3K10",NA
"MAP3K11",NA
"MAP3K12",NA
"MAP3K13",NA
"MAP3K14",NA
"MAP3K15",NA
"MAP3K19",NA
"MAP3K2",NA
"MAP3K20",0.528880552965161
"MAP3K3",0.0856694933108296
"MAP3K4",NA
"MAP3K5",0.486713970626697
"MAP3K6",NA
"MAP3K7",0.869529019405039
"MAP3K7CL",NA
"MAP3K8",NA
"MAP3K9",NA
"MAP4",0.0907736825153614
"MAP4K1",NA
"MAP4K2",NA
"MAP4K3",0.015968621606629
"MAP4K4",0.994012811114296
"MAP4K5",0.633273880707926
"MAP6",0.266334283243225
"MAP6D1",0.819803177830757
"MAP7",0.514464941719846
"MAP7D1",0.518147166847966
"MAP7D2",0.305347793728372
"MAP7D3",NA
"MAP9",NA
"MAPK1",0.887293042448761
"MAPK10",0.528435236664467
"MAPK11",NA
"MAPK12",0.997250534888653
"MAPK13",NA
"MAPK14",0.47427590398726
"MAPK15",NA
"MAPK1IP1L",NA
"MAPK3",0.615255427653329
"MAPK4",NA
"MAPK6",NA
"MAPK7",0.394863209380735
"MAPK8",NA
"MAPK8IP1",NA
"MAPK8IP2",NA
"MAPK8IP3",0.717943586467644
"MAPK9",0.52927157740552
"MAPKAP1",NA
"MAPKAPK2",0.154110442307024
"MAPKAPK3",NA
"MAPKAPK5",NA
"MAPKBP1",NA
"MAPRE1",0.93618776405074
"MAPRE2",0.988891469742377
"MAPRE3",0.501311643790971
"MAPT",0.352042308977745
"MARC1",0.971322578282422
"MARC2",0.979400429770656
"MARCKS",0.984360633426584
"MARCKSL1",0.851881334633069
"MARCO",NA
"MARK1",NA
"MARK2",0.984292468892227
"MARK3",0.873843313160038
"MARK4",0.98441765666559
"MARS",0.660172752851883
"MARS2",NA
"MARVELD1",NA
"MARVELD2",NA
"MARVELD3",NA
"MAS1",NA
"MAS1L",NA
"MASP1",0.995575938407292
"MASP2",NA
"MAST1",NA
"MAST2",NA
"MAST3",NA
"MAST4",NA
"MASTL",NA
"MAT1A",NA
"MAT2A",0.104133984851284
"MAT2B",0.00645484388607574
"MATK",NA
"MATN1",NA
"MATN2",0.984585783094401
"MATN3",NA
"MATN4",NA
"MATR3",0.0287144512577216
"MAU2",NA
"MAVS",0.176283250372709
"MAX",0.621359753493071
"MAZ",NA
"MB",NA
"MB21D2",NA
"MBD1",0.0276265655276329
"MBD2",NA
"MBD3",0.00562677347553894
"MBD3L1",NA
"MBD3L2",NA
"MBD3L3",NA
"MBD3L4",NA
"MBD3L5",NA
"MBD4",NA
"MBD5",NA
"MBD6",NA
"MBIP",NA
"MBL2",NA
"MBLAC1",0.0788131640623392
"MBLAC2",0.180496038259597
"MBNL1",0.000706502767992356
"MBNL2",NA
"MBNL3",NA
"MBOAT1",NA
"MBOAT2",NA
"MBOAT4",NA
"MBOAT7",0.301657804319203
"MBP",0.689989327417606
"MBTD1",NA
"MBTPS1",NA
"MBTPS2",NA
"MC1R",NA
"MC2R",NA
"MC3R",NA
"MC4R",NA
"MC5R",NA
"MCAM",0.385724427799872
"MCAT",NA
"MCC",0.707801837152996
"MCCC1",0.93918613363232
"MCCC2",0.228592339201133
"MCCD1",NA
"MCEE",0.916075181662026
"MCEMP1",NA
"MCF2",NA
"MCF2L",0.998545558071747
"MCF2L2",NA
"MCFD2",NA
"MCHR1",NA
"MCHR2",NA
"MCIDAS",NA
"MCL1",NA
"MCM10",NA
"MCM2",0.0447093121981743
"MCM3",0.0542420487922958
"MCM3AP",NA
"MCM4",0.0801641097928354
"MCM5",0.329013465081669
"MCM6",0.0814747076112795
"MCM7",0.152993792933774
"MCM8",NA
"MCM9",NA
"MCMBP",0.870969706755598
"MCMDC2",NA
"MCOLN1",NA
"MCOLN2",NA
"MCOLN3",NA
"MCPH1",NA
"MCRIP1",0.978488614448213
"MCRS1",NA
"MCTP1",NA
"MCTP2",NA
"MCTS1",0.972727766035745
"MCU",0.414650113838262
"MCUR1",0.0975799469453174
"MDC1",0.80269566378213
"MDFI",NA
"MDFIC",NA
"MDGA1",0.40068180959488
"MDGA2",NA
"MDH1",0.864185593637454
"MDH1B",NA
"MDH2",0.242328783018236
"MDK",0.998980770075134
"MDM1",NA
"MDM2",NA
"MDM4",NA
"MDN1",0.217185185082716
"MDP1",NA
"MDS2",NA
"ME1",0.0116071751878448
"ME2",0.947315711600022
"ME3",0.732077888216754
"MEA1",NA
"MEAF6",0.814775451770031
"MECOM",NA
"MECP2",0.999966753617873
"MECR",0.796968901390151
"MED1",0.254120415021681
"MED10",NA
"MED11",NA
"MED12",NA
"MED12L",NA
"MED13",NA
"MED13L",NA
"MED14",0.999530403205545
"MED14OS",NA
"MED15",0.862356497690072
"MED16",0.00557056567048466
"MED17",0.244024707578467
"MED18",NA
"MED19",NA
"MED20",0.0953099796968379
"MED21",NA
"MED22",NA
"MED23",0.0546174137600844
"MED24",0.627304288761451
"MED25",NA
"MED26",NA
"MED27",NA
"MED28",NA
"MED29",NA
"MED30",NA
"MED31",NA
"MED4",0.107621681460368
"MED6",0.99980498815106
"MED7",NA
"MED8",5.03751757502381e-05
"MED9",NA
"MEDAG",NA
"MEF2A",NA
"MEF2B",NA
"MEF2C",NA
"MEF2D",0.0791375160715475
"MEFV",NA
"MEGF10",0.498567744141763
"MEGF11",NA
"MEGF6",NA
"MEGF8",NA
"MEGF9",0.998778310320821
"MEI1",NA
"MEI4",NA
"MEIG1",NA
"MEIKIN",NA
"MEIOB",NA
"MEIS1",NA
"MEIS2",NA
"MEIS3",NA
"MELK",NA
"MEMO1",0.00708093997888303
"MEN1",0.0019287303431077
"MEOX1",NA
"MEOX2",NA
"MEP1A",NA
"MEP1B",NA
"MEPCE",0.00875713008917892
"MEPE",NA
"MERTK",NA
"MESD",0.215112530293694
"MESP1",NA
"MESP2",NA
"MEST",0.572805752089262
"MET",NA
"METAP1",0.760099344235639
"METAP1D",NA
"METAP2",0.783069892636275
"METRN",NA
"METRNL",NA
"METTL1",0.996322708086656
"METTL11B",NA
"METTL13",0.802114811975406
"METTL14",0.0738614214994481
"METTL15",NA
"METTL16",0.440185721555199
"METTL17",NA
"METTL18",NA
"METTL21A",NA
"METTL21C",NA
"METTL22",NA
"METTL23",NA
"METTL24",NA
"METTL25",NA
"METTL26",0.170841548589061
"METTL2A",NA
"METTL2B",0.995809269180128
"METTL3",0.0136210994580648
"METTL4",NA
"METTL5",NA
"METTL6",NA
"METTL7A",0.28073661184881
"METTL7B",0.212972750044735
"METTL8",NA
"METTL9",NA
"MEX3A",0.2807767557247
"MEX3B",NA
"MEX3C",NA
"MEX3D",NA
"MFAP1",0.0346422858500629
"MFAP2",0.569464003498893
"MFAP3",NA
"MFAP3L",NA
"MFAP4",0.47551848688062
"MFAP5",NA
"MFF",0.900692600375534
"MFGE8",0.657522939641765
"MFHAS1",NA
"MFN1",0.548054637990921
"MFN2",0.239682405784832
"MFNG",NA
"MFRP",NA
"MFSD1",0.597978467966949
"MFSD10",0.679185059825344
"MFSD11",NA
"MFSD12",NA
"MFSD2A",NA
"MFSD2B",NA
"MFSD3",NA
"MFSD5",NA
"MFSD6",0.703922409019371
"MFSD6L",NA
"MFSD8",NA
"MFSD9",NA
"MGA",NA
"MGAM",NA
"MGAM2",0.924911285333165
"MGARP",NA
"MGAT1",NA
"MGAT2",NA
"MGAT3",NA
"MGAT4A",NA
"MGAT4B",NA
"MGAT4C",NA
"MGAT4D",NA
"MGAT5",NA
"MGAT5B",NA
"MGLL",0.523332126533449
"MGME1",NA
"MGMT",0.0378605577032922
"MGP",NA
"MGRN1",0.308249780847594
"MGST1",0.982022519742449
"MGST2",0.00124410170069191
"MGST3",0.649931704778276
"MIA",NA
"MIA2",0.774247668639479
"MIA3",0.978676445704606
"MIB1",0.753934903110069
"MIB2",NA
"MICA",NA
"MICAL1",0.356550579625743
"MICAL2",NA
"MICAL3",0.974571235403488
"MICALCL",NA
"MICALL1",0.984748192083641
"MICALL2",0.00229756920921202
"MICB",NA
"MICU1",0.900827456843364
"MICU2",NA
"MICU3",NA
"MID1",0.888617971842437
"MID1IP1",NA
"MID2",NA
"MIDN",NA
"MIEF1",NA
"MIEF2",NA
"MIEN1",0.974276216426548
"MIER1",0.967816664751824
"MIER2",NA
"MIER3",NA
"MIF",0.772344270542608
"MIF4GD",0.101131535725014
"MIIP",NA
"MILR1",NA
"MINDY1",0.0948633796546593
"MINDY3",0.999000878931704
"MINK1",0.979232242838313
"MINOS1",0.930139126686734
"MINPP1",0.983286965514092
"MIOS",0.833844302551731
"MIOX",NA
"MIP",NA
"MIPEP",0.603857960180481
"MIPOL1",NA
"MIR1-1HG",NA
"MIS12",0.988626019820688
"MIS18A",NA
"MIS18BP1",NA
"MISP",NA
"MITD1",NA
"MITF",NA
"MIXL1",NA
"MKI67",NA
"MKKS",NA
"MKLN1",NA
"MKNK1",NA
"MKNK2",NA
"MKRN1",0.999506337918092
"MKRN2",0.908470088898993
"MKRN2OS",NA
"MKRN3",NA
"MKS1",NA
"MKX",NA
"MLANA",NA
"MLC1",0.163282493035163
"MLEC",0.000818006539426582
"MLF1",NA
"MLF2",0.225925975370843
"MLH1",0.000284080605445463
"MLH3",NA
"MLIP",0.994964305800601
"MLKL",NA
"MLLT1",0.0123371366830038
"MLLT10",NA
"MLLT11",NA
"MLLT3",NA
"MLLT6",NA
"MLN",NA
"MLNR",NA
"MLPH",NA
"MLST8",0.841982178918104
"MLX",NA
"MLXIP",NA
"MLXIPL",NA
"MLYCD",0.447393462589102
"MMAA",0.999759338393017
"MMAB",0.863465753866514
"MMACHC",NA
"MMADHC",NA
"MMD",NA
"MMD2",NA
"MME",NA
"MMEL1",NA
"MMGT1",0.112721602751055
"MMP1",NA
"MMP10",NA
"MMP11",NA
"MMP12",NA
"MMP13",NA
"MMP14",0.939907360647368
"MMP15",NA
"MMP16",NA
"MMP17",NA
"MMP19",NA
"MMP2",0.93831271034923
"MMP20",NA
"MMP21",NA
"MMP23B",NA
"MMP24",NA
"MMP25",NA
"MMP26",NA
"MMP27",NA
"MMP28",NA
"MMP3",NA
"MMP7",NA
"MMP8",NA
"MMP9",0.999743303500641
"MMRN1",0.79326133976156
"MMRN2",0.437400060891159
"MMS19",0.359359826703685
"MMS22L",NA
"MN1",NA
"MNAT1",0.975203239891801
"MND1",NA
"MNDA",0.00103504829086511
"MNS1",NA
"MNT",NA
"MNX1",NA
"MOAP1",NA
"MOB1A",0.254049396486858
"MOB1B",NA
"MOB2",0.769247164605664
"MOB3A",0.999263085552801
"MOB3B",NA
"MOB3C",NA
"MOB4",0.954228988511209
"MOBP",NA
"MOCOS",NA
"MOCS1",0.00269544895600766
"MOCS2",0.982868129645438
"MOCS3",0.826521247036876
"MOG",0.95724385929603
"MOGAT1",NA
"MOGAT2",NA
"MOGAT3",NA
"MOGS",0.0227235049900323
"MOK",NA
"MON1A",NA
"MON1B",0.798985797163528
"MON2",0.901821907837583
"MORC1",NA
"MORC2",NA
"MORC3",0.998891604111414
"MORC4",NA
"MORF4L1",0.00292751568507893
"MORF4L2",NA
"MORN1",NA
"MORN2",NA
"MORN3",NA
"MORN4",NA
"MORN5",NA
"MOS",NA
"MOSPD1",NA
"MOSPD2",0.150723784307295
"MOSPD3",NA
"MOV10",0.999994726807966
"MOV10L1",NA
"MOXD1",0.992226722543973
"MPC1",NA
"MPC1L",NA
"MPC2",0.957926472819073
"MPDU1",0.000599630401664345
"MPDZ",0.621742480499445
"MPEG1",NA
"MPG",NA
"MPHOSPH10",0.670960105772032
"MPHOSPH6",0.159164191402171
"MPHOSPH8",NA
"MPHOSPH9",NA
"MPI",0.522623309506365
"MPL",NA
"MPLKIP",NA
"MPND",NA
"MPO",0.995864657109773
"MPP1",0.312189424375458
"MPP2",0.885209787212943
"MPP3",NA
"MPP4",NA
"MPP5",0.874925035881789
"MPP6",0.74912196918992
"MPP7",0.478643148451947
"MPPE1",NA
"MPPED1",NA
"MPPED2",NA
"MPRIP",0.993874512577202
"MPST",0.214026887256433
"MPV17",0.955165980613123
"MPV17L",NA
"MPV17L2",NA
"MPZ",NA
"MPZL1",0.997568363067237
"MPZL2",NA
"MPZL3",NA
"MR1",NA
"MRAP",NA
"MRAP2",NA
"MRAS",0.819010691696124
"MRC1",NA
"MRC2",0.0561744545999825
"MRE11",0.0208714503131017
"MREG",NA
"MRFAP1",0.344802131769996
"MRFAP1L1",NA
"MRGBP",NA
"MRGPRD",NA
"MRGPRE",NA
"MRGPRF",NA
"MRGPRG",NA
"MRGPRX1",NA
"MRGPRX2",NA
"MRGPRX3",NA
"MRGPRX4",NA
"MRI1",0.885423047485235
"MRLN",NA
"MRM1",NA
"MRO",NA
"MROH1",0.916502549611079
"MROH2A",NA
"MROH2B",NA
"MROH5",NA
"MROH6",NA
"MROH7",NA
"MROH8",NA
"MROH9",NA
"MRPL1",0.811011829728981
"MRPL10",0.995498934233742
"MRPL11",0.486428060167699
"MRPL12",0.947735627140489
"MRPL13",0.971325274075683
"MRPL14",0.7944422570902
"MRPL15",0.778804683155536
"MRPL16",NA
"MRPL17",0.341489333840458
"MRPL18",NA
"MRPL19",0.9799873795032
"MRPL2",0.808440702944464
"MRPL20",NA
"MRPL21",0.996779985342371
"MRPL22",NA
"MRPL23",NA
"MRPL24",0.994090153677203
"MRPL27",NA
"MRPL28",NA
"MRPL3",NA
"MRPL30",NA
"MRPL32",NA
"MRPL33",NA
"MRPL34",NA
"MRPL35",NA
"MRPL36",NA
"MRPL37",0.984698707683226
"MRPL38",0.960756155637245
"MRPL39",0.92066469777848
"MRPL4",0.787777261626498
"MRPL40",0.858108531331608
"MRPL41",0.884366762722105
"MRPL42",0.98400309890738
"MRPL43",0.999979161689834
"MRPL44",0.927673243638184
"MRPL45",0.835257932332828
"MRPL46",0.86623725407885
"MRPL47",0.71294574483602
"MRPL48",0.799857848210626
"MRPL49",0.77290603483808
"MRPL50",NA
"MRPL51",NA
"MRPL52",NA
"MRPL53",0.948312959868169
"MRPL54",0.620991008922483
"MRPL55",NA
"MRPL57",0.470133596086927
"MRPL58",0.705436336111687
"MRPL9",0.893934045399565
"MRPS10",0.986020553437982
"MRPS11",0.987142869844425
"MRPS12",NA
"MRPS14",NA
"MRPS15",NA
"MRPS16",NA
"MRPS17",0.996063263247133
"MRPS18A",NA
"MRPS18B",0.979868553034432
"MRPS18C",NA
"MRPS2",0.498143800412005
"MRPS21",NA
"MRPS22",0.841540343610135
"MRPS23",0.870541642309731
"MRPS24",NA
"MRPS25",0.813690372461115
"MRPS26",0.840066602305481
"MRPS27",0.499730990369196
"MRPS28",0.896043369620189
"MRPS30",0.833524448836746
"MRPS31",0.997458033941895
"MRPS33",NA
"MRPS34",NA
"MRPS35",0.987416627350536
"MRPS36",0.749513819059489
"MRPS5",0.924319095745371
"MRPS6",0.665809860829333
"MRPS7",0.440078313036209
"MRPS9",0.994334492573132
"MRRF",0.91135497942327
"MRS2",NA
"MRTFA",0.81848174257452
"MRTFB",0.956769168652111
"MRTO4",0.64903505535899
"MRVI1",0.762013665472878
"MS4A1",NA
"MS4A10",NA
"MS4A12",NA
"MS4A13",NA
"MS4A14",NA
"MS4A15",NA
"MS4A18",NA
"MS4A2",NA
"MS4A3",NA
"MS4A4A",NA
"MS4A4E",NA
"MS4A5",NA
"MS4A6A",NA
"MS4A6E",NA
"MS4A7",NA
"MS4A8",NA
"MSANTD1",NA
"MSANTD2",NA
"MSANTD3",NA
"MSANTD3-TMEFF1",NA
"MSANTD4",NA
"MSC",NA
"MSGN1",NA
"MSH2",2.09285059683343e-05
"MSH3",NA
"MSH4",NA
"MSH5",NA
"MSH6",7.73250042452737e-05
"MSI1",4.08816723134698e-06
"MSI2",0.950470138255236
"MSL1",0.961359385676631
"MSL2",NA
"MSL3",NA
"MSLN",NA
"MSMB",NA
"MSMO1",NA
"MSMP",NA
"MSN",0.346855521701849
"MSR1",0.489848021767677
"MSRA",0.689873486665118
"MSRB1",NA
"MSRB2",0.840691229836648
"MSRB3",0.335139040451799
"MSS51",NA
"MST1",0.000764098242009348
"MST1L",NA
"MST1R",NA
"MSTN",NA
"MSTO1",0.980116244980432
"MSX1",NA
"MSX2",NA
"MT-ATP6",0.875371408200734
"MT-CO2",0.847123675965832
"MT-ND1",0.900027824640764
"MT-ND5",0.973885932051693
"MT1A",NA
"MT1B",NA
"MT1E",0.895068856652363
"MT1F",0.489833109963257
"MT1G",0.496462554058647
"MT1H",NA
"MT1HL1",NA
"MT1M",0.948009396148011
"MT1X",0.984089265030346
"MT2A",0.0224039988436525
"MT3",0.014579239053673
"MT4",NA
"MTA1",0.00043715205579656
"MTA2",0.726445639177579
"MTA3",NA
"MTAP",0.616113561464748
"MTBP",NA
"MTCH1",0.89959310086996
"MTCH2",0.996972446041316
"MTCL1",NA
"MTCP1",NA
"MTDH",0.00179060440234899
"MTERF1",NA
"MTERF2",NA
"MTERF3",NA
"MTERF4",NA
"MTF1",NA
"MTF2",NA
"MTFMT",NA
"MTFP1",NA
"MTFR1",NA
"MTFR1L",0.0116883039264069
"MTFR2",NA
"MTG1",NA
"MTG2",NA
"MTHFD1",0.731159490990169
"MTHFD1L",0.161109201761826
"MTHFD2",0.996054711633994
"MTHFD2L",NA
"MTHFR",0.689930502889921
"MTHFS",0.153166417109824
"MTHFSD",NA
"MTIF2",0.99998411232064
"MTIF3",0.997693640133605
"MTM1",0.972476374850055
"MTMR1",0.906108311923462
"MTMR10",0.63383158596608
"MTMR11",NA
"MTMR12",0.848666589053488
"MTMR14",NA
"MTMR2",0.973401698663431
"MTMR3",0.987655026706129
"MTMR4",NA
"MTMR6",0.0874422735627616
"MTMR7",NA
"MTMR8",NA
"MTMR9",0.20687568870107
"MTNR1A",NA
"MTNR1B",NA
"MTO1",NA
"MTOR",0.999999049016577
"MTPAP",0.886611007666613
"MTPN",0.853767433835889
"MTR",0.240612442157679
"MTREX",0.546518984677125
"MTRF1",NA
"MTRF1L",NA
"MTRNR2L1",NA
"MTRNR2L10",NA
"MTRNR2L2",NA
"MTRNR2L3",NA
"MTRNR2L4",NA
"MTRNR2L5",NA
"MTRNR2L6",NA
"MTRNR2L7",NA
"MTRNR2L8",NA
"MTRNR2L9",NA
"MTRR",NA
"MTSS1",0.904464127982915
"MTSS1L",0.930781548843212
"MTTP",NA
"MTURN",0.0935861007081693
"MTUS1",NA
"MTUS2",NA
"MTX1",0.999209685710448
"MTX2",0.00901630976097973
"MTX3",0.065242237860566
"MUC1",NA
"MUC12",NA
"MUC13",NA
"MUC15",NA
"MUC16",NA
"MUC17",NA
"MUC19",NA
"MUC2",NA
"MUC20",NA
"MUC21",NA
"MUC22",NA
"MUC3A",NA
"MUC4",NA
"MUC5AC",NA
"MUC5B",NA
"MUC6",NA
"MUC7",NA
"MUCL1",NA
"MUL1",NA
"MUS81",NA
"MUSK",NA
"MUSTN1",NA
"MUT",0.637849116416241
"MUTYH",NA
"MVB12A",0.715630171558616
"MVB12B",0.196233087858507
"MVD",0.996221386079125
"MVK",0.907120230596502
"MVP",7.2405273326698e-07
"MX1",0.379749641650111
"MX2",NA
"MXD1",NA
"MXD3",NA
"MXD4",NA
"MXI1",NA
"MXRA5",0.973008594802949
"MXRA7",0.0164967255626069
"MXRA8",NA
"MYADM",0.980264669689648
"MYADML2",NA
"MYB",NA
"MYBBP1A",0.749359993168073
"MYBL1",NA
"MYBL2",NA
"MYBPC1",NA
"MYBPC2",NA
"MYBPC3",NA
"MYBPH",NA
"MYBPHL",NA
"MYC",NA
"MYCBP",NA
"MYCBP2",0.625701390458416
"MYCBPAP",NA
"MYCL",NA
"MYCN",NA
"MYCT1",NA
"MYD88",7.90694092478633e-05
"MYDGF",0.0476377657810214
"MYEF2",0.101276335634534
"MYEOV",NA
"MYF5",NA
"MYF6",NA
"MYH1",NA
"MYH10",0.0276460405731781
"MYH11",0.980904154364278
"MYH13",NA
"MYH14",0.311461724625629
"MYH15",NA
"MYH2",NA
"MYH3",NA
"MYH4",NA
"MYH6",NA
"MYH7",NA
"MYH7B",NA
"MYH8",NA
"MYH9",0.000713010030716454
"MYL1",NA
"MYL10",NA
"MYL12A",NA
"MYL12B",0.188356573352154
"MYL2",NA
"MYL3",NA
"MYL4",NA
"MYL5",NA
"MYL6",0.578947358205472
"MYL6B",0.224664636740519
"MYL7",NA
"MYL9",0.919972721662729
"MYLIP",NA
"MYLK",0.835835782716025
"MYLK2",NA
"MYLK3",NA
"MYLK4",NA
"MYLPF",NA
"MYNN",NA
"MYO10",NA
"MYO15A",NA
"MYO15B",NA
"MYO16",NA
"MYO18A",0.953874886574707
"MYO18B",NA
"MYO19",NA
"MYO1A",NA
"MYO1B",0.998053371717582
"MYO1C",0.0521124605549477
"MYO1D",0.673966305415812
"MYO1E",0.966450527398061
"MYO1F",2.26731412860881e-05
"MYO1G",NA
"MYO1H",NA
"MYO3A",NA
"MYO3B",NA
"MYO5A",0.895350273340752
"MYO5B",NA
"MYO5C",NA
"MYO6",0.473690287496722
"MYO7A",NA
"MYO7B",NA
"MYO9A",NA
"MYO9B",1.5717402565264e-05
"MYOC",NA
"MYOCD",NA
"MYOD1",NA
"MYOF",0.43332887344597
"MYOG",NA
"MYOM1",NA
"MYOM2",NA
"MYOM3",NA
"MYOT",NA
"MYOZ1",NA
"MYOZ2",NA
"MYOZ3",NA
"MYPN",NA
"MYPOP",NA
"MYRF",NA
"MYRFL",NA
"MYRIP",NA
"MYSM1",NA
"MYT1",0.244833003772672
"MYT1L",NA
"MYZAP",NA
"MZB1",NA
"MZF1",NA
"MZT1",NA
"MZT2A",NA
"MZT2B",0.341399126159461
"N4BP1",0.366663583870375
"N4BP2",NA
"N4BP2L1",NA
"N4BP2L2",NA
"N4BP3",NA
"N6AMT1",0.336413336741099
"NAA10",0.979762162932107
"NAA11",NA
"NAA15",0.577758611089949
"NAA16",NA
"NAA20",0.210876798946664
"NAA25",0.319092650749725
"NAA30",0.878116033249649
"NAA35",0.922732383001262
"NAA38",NA
"NAA40",0.733421018454266
"NAA50",0.935380941426107
"NAA60",NA
"NAAA",0.000516398423966627
"NAALAD2",NA
"NAALADL1",NA
"NAALADL2",NA
"NAB1",NA
"NAB2",0.591720858696424
"NABP1",NA
"NABP2",0.176880241266959
"NACA",0.79683725566863
"NACA2",NA
"NACAD",0.792205187111512
"NACC1",0.795745381091662
"NACC2",0.159235594504069
"NADK",NA
"NADK2",0.00887084425280228
"NADSYN1",0.189055361838885
"NAE1",0.0636774651552802
"NAF1",NA
"NAGA",0.92543685540081
"NAGK",0.00839995457305797
"NAGLU",0.515426079870079
"NAGPA",NA
"NAGS",NA
"NAIF1",NA
"NAIP",NA
"NALCN",NA
"NAMPT",0.141069495623832
"NANOG",NA
"NANOGNB",NA
"NANOGP8",NA
"NANOS1",NA
"NANOS2",NA
"NANOS3",NA
"NANP",0.996512413623788
"NANS",0.199017235730888
"NAP1L1",0.448520319635414
"NAP1L2",NA
"NAP1L3",NA
"NAP1L4",0.0171675529399901
"NAP1L5",0.999974326965072
"NAPA",0.246825003492838
"NAPB",0.0715819282391062
"NAPEPLD",0.591218747550685
"NAPG",0.596645947741965
"NAPRT",0.726149491851016
"NAPSA",NA
"NARF",NA
"NARS",0.676119379282174
"NARS2",0.825610595487122
"NASP",0.00725539044189775
"NAT1",0.462811604276356
"NAT10",0.978389082641573
"NAT14",0.902086510451533
"NAT16",NA
"NAT2",NA
"NAT8",NA
"NAT8B",NA
"NAT8L",0.0205555403235851
"NAT9",NA
"NATD1",NA
"NAV1",0.476885636850897
"NAV2",NA
"NAV3",NA
"NAXD",0.976908347501639
"NAXE",0.981718579996522
"NBAS",0.184420650113641
"NBEA",0.996457340434532
"NBEAL1",NA
"NBEAL2",NA
"NBL1",NA
"NBN",0.640635030216719
"NBPF1",NA
"NBPF10",NA
"NBPF11",NA
"NBPF12",NA
"NBPF14",NA
"NBPF15",NA
"NBPF19",NA
"NBPF20",NA
"NBPF26",NA
"NBPF3",NA
"NBPF4",NA
"NBPF6",NA
"NBPF7",NA
"NBPF8",NA
"NBPF9",NA
"NBR1",NA
"NCALD",0.837951238314347
"NCAM1",0.858897591076723
"NCAM2",0.554773541384211
"NCAN",0.796050431875142
"NCAPD2",0.998789547869654
"NCAPD3",NA
"NCAPG",0.910150299973618
"NCAPG2",NA
"NCAPH",0.530446685656006
"NCAPH2",NA
"NCBP1",0.0484168358148471
"NCBP2",0.0588382608359237
"NCBP2L",NA
"NCBP3",0.997792111524181
"NCCRP1",NA
"NCDN",0.877933042684845
"NCEH1",0.82558133359131
"NCF1",1.05541443713271e-05
"NCF2",0.345091559929926
"NCF4",NA
"NCK1",0.828855043796792
"NCK2",0.843873674294043
"NCKAP1",0.999212254060503
"NCKAP1L",1.37068688944364e-10
"NCKAP5",NA
"NCKAP5L",NA
"NCKIPSD",0.969815959742224
"NCL",0.0156219828625189
"NCLN",0.0547862645683278
"NCMAP",NA
"NCOA1",NA
"NCOA2",NA
"NCOA3",0.716221610662048
"NCOA4",NA
"NCOA5",0.0179858712612983
"NCOA6",NA
"NCOA7",0.681917237434807
"NCOR1",0.646578569802362
"NCOR2",0.998215803773892
"NCR1",NA
"NCR2",NA
"NCR3",NA
"NCR3LG1",NA
"NCS1",0.303969677115406
"NCSTN",0.889266424122218
"NDC1",NA
"NDC80",NA
"NDE1",0.983794395185532
"NDEL1",0.998534266505296
"NDFIP1",NA
"NDFIP2",NA
"NDN",NA
"NDNF",NA
"NDOR1",NA
"NDP",NA
"NDRG1",0.387058821233824
"NDRG2",0.710209077553481
"NDRG3",0.957291517541525
"NDRG4",0.427182078804436
"NDST1",NA
"NDST2",NA
"NDST3",NA
"NDST4",NA
"NDUFA1",NA
"NDUFA10",0.342566697304737
"NDUFA11",0.783418796235954
"NDUFA12",0.461834010349109
"NDUFA13",0.932332360867102
"NDUFA2",0.589464895375483
"NDUFA3",NA
"NDUFA4",0.690331900237151
"NDUFA4L2",NA
"NDUFA5",0.477898949354823
"NDUFA6",0.58723880216216
"NDUFA7",0.396850425631508
"NDUFA8",0.63469839954022
"NDUFA9",0.699591572336926
"NDUFAB1",0.955042862355028
"NDUFAF1",NA
"NDUFAF2",0.950710095484954
"NDUFAF3",0.921167024099816
"NDUFAF4",0.867879597881357
"NDUFAF5",NA
"NDUFAF6",0.772955680848818
"NDUFAF7",NA
"NDUFB1",0.996228455303981
"NDUFB10",0.723154933591534
"NDUFB11",0.950607972122857
"NDUFB2",NA
"NDUFB3",0.860295576634904
"NDUFB4",0.98908885859645
"NDUFB5",0.725888258422354
"NDUFB6",0.982073061988966
"NDUFB7",0.9643925007189
"NDUFB8",NA
"NDUFB9",0.635968885590348
"NDUFC1",NA
"NDUFC2",0.897128124494351
"NDUFC2-KCTD14",NA
"NDUFS1",0.280639615915999
"NDUFS2",0.644527953837523
"NDUFS3",0.681234625008693
"NDUFS4",0.39517346459977
"NDUFS5",0.913973065222786
"NDUFS6",0.406825514198385
"NDUFS7",0.724159130851227
"NDUFS8",0.53287900566205
"NDUFV1",0.289821281685346
"NDUFV2",0.545631490201288
"NDUFV3",0.524794377210108
"NEB",NA
"NEBL",0.485720549007883
"NECAB1",0.945995181563923
"NECAB2",0.53583927156581
"NECAB3",NA
"NECAP1",0.211419021830646
"NECAP2",0.0709057680296791
"NECTIN1",0.205978128047239
"NECTIN2",0.346671228632098
"NEDD1",0.870753622198214
"NEDD4",0.00161358144454803
"NEDD4L",0.0489282172265083
"NEDD8",NA
"NEDD8-MDP1",0.93061277350062
"NEDD9",NA
"NEFH",0.766050576102451
"NEFL",0.738539922762269
"NEFM",0.696528640928791
"NEGR1",0.0219840793107837
"NEIL1",NA
"NEIL2",0.911503482114879
"NEIL3",NA
"NEK1",0.558372980202328
"NEK10",NA
"NEK11",NA
"NEK2",NA
"NEK3",NA
"NEK4",NA
"NEK5",NA
"NEK6",0.0107512028294911
"NEK7",0.597064238739178
"NEK8",NA
"NEK9",0.597249456353356
"NELFA",0.0586005462036522
"NELFB",0.0484085197732886
"NELFCD",0.122042339235705
"NELFE",0.0460165556508217
"NELL1",NA
"NELL2",0.170782230806182
"NEMF",0.961981124284545
"NEMP1",NA
"NEMP2",NA
"NENF",0.628466789875849
"NEO1",0.0598954158794037
"NES",0.00134601288094877
"NET1",NA
"NETO1",NA
"NETO2",NA
"NEU1",NA
"NEU2",NA
"NEU3",NA
"NEU4",0.898790169101964
"NEURL1",NA
"NEURL1B",NA
"NEURL2",NA
"NEURL3",NA
"NEURL4",NA
"NEUROD1",NA
"NEUROD2",NA
"NEUROD4",NA
"NEUROD6",NA
"NEUROG1",NA
"NEUROG2",NA
"NEUROG3",NA
"NEXN",0.944115363322188
"NF1",0.265874812662653
"NF2",0.119591533160555
"NFAM1",NA
"NFASC",0.10698765946707
"NFAT5",NA
"NFATC1",0.0028225833309521
"NFATC2",NA
"NFATC2IP",0.00387311874868997
"NFATC3",NA
"NFATC4",NA
"NFE2",NA
"NFE2L1",NA
"NFE2L2",NA
"NFE2L3",NA
"NFE4",NA
"NFIA",2.88122116612184e-05
"NFIB",1.8542570247494e-06
"NFIC",0.912696995586321
"NFIL3",NA
"NFIX",4.46437420829475e-06
"NFKB1",0.000326584509882217
"NFKB2",0.0057252289267274
"NFKBIA",0.406913739345691
"NFKBIB",0.85286277272466
"NFKBID",NA
"NFKBIE",NA
"NFKBIL1",NA
"NFKBIZ",NA
"NFRKB",NA
"NFS1",0.941782831532803
"NFU1",0.979274865093727
"NFX1",NA
"NFXL1",0.869819753062877
"NFYA",0.0786351972700661
"NFYB",0.0211165792650563
"NFYC",0.0477245272537952
"NGB",NA
"NGDN",NA
"NGEF",0.993014423967364
"NGF",NA
"NGFR",NA
"NGLY1",0.599227954429289
"NGRN",NA
"NHEJ1",0.127081161004581
"NHLH1",NA
"NHLH2",NA
"NHLRC1",NA
"NHLRC2",0.792679039566509
"NHLRC3",0.014396755880692
"NHLRC4",NA
"NHP2",0.415553098846507
"NHS",NA
"NHSL1",NA
"NHSL2",NA
"NICN1",NA
"NID1",0.630043710837924
"NID2",0.696093031823178
"NIF3L1",0.185291305428532
"NIFK",0.858518387836927
"NIM1K",NA
"NIN",NA
"NINJ1",NA
"NINJ2",NA
"NINL",NA
"NIP7",0.563633910347724
"NIPA1",NA
"NIPA2",NA
"NIPAL1",NA
"NIPAL2",NA
"NIPAL3",NA
"NIPAL4",NA
"NIPBL",0.351685842138013
"NIPSNAP1",0.0577830077019478
"NIPSNAP2",0.0922330805118884
"NIPSNAP3A",0.502352852143928
"NIPSNAP3B",0.916955160178002
"NISCH",0.884924176334962
"NIT1",0.625680852172944
"NIT2",0.784296184078614
"NKAIN1",NA
"NKAIN2",NA
"NKAIN3",NA
"NKAIN4",NA
"NKAP",NA
"NKAPL",NA
"NKD1",NA
"NKD2",NA
"NKG7",NA
"NKIRAS1",0.71019331091003
"NKIRAS2",0.160159683763485
"NKPD1",NA
"NKRF",0.975977586325997
"NKTR",NA
"NKX1-1",NA
"NKX1-2",NA
"NKX2-1",NA
"NKX2-2",NA
"NKX2-3",NA
"NKX2-4",NA
"NKX2-5",NA
"NKX2-6",NA
"NKX2-8",NA
"NKX3-1",NA
"NKX3-2",NA
"NKX6-1",NA
"NKX6-2",NA
"NKX6-3",NA
"NLE1",0.117459694236254
"NLGN1",0.104747382336775
"NLGN2",0.722367152990865
"NLGN3",0.0952370521313903
"NLGN4X",0.0159959797111073
"NLGN4Y",NA
"NLK",NA
"NLN",0.989737124919436
"NLRC3",NA
"NLRC4",NA
"NLRC5",NA
"NLRP1",NA
"NLRP10",NA
"NLRP11",NA
"NLRP12",NA
"NLRP13",NA
"NLRP14",NA
"NLRP2",NA
"NLRP3",NA
"NLRP4",NA
"NLRP5",NA
"NLRP6",NA
"NLRP7",NA
"NLRP8",NA
"NLRP9",NA
"NLRX1",0.995476518564629
"NMB",NA
"NMBR",NA
"NMD3",0.610590535264646
"NME1",0.871398391936725
"NME1-NME2",0.727895665743571
"NME2",NA
"NME3",0.996463537979995
"NME4",NA
"NME5",0.959287509111578
"NME6",NA
"NME7",0.0116378366935789
"NME8",NA
"NME9",NA
"NMI",2.70929415477656e-08
"NMNAT1",0.967169560840833
"NMNAT2",NA
"NMNAT3",0.0142771771000463
"NMRAL1",0.997542768359367
"NMRK1",NA
"NMRK2",NA
"NMS",NA
"NMT1",0.414262792268438
"NMT2",0.0877580904286885
"NMU",NA
"NMUR1",NA
"NMUR2",NA
"NNAT",NA
"NNMT",0.557606464061067
"NNT",0.618210464720336
"NOA1",NA
"NOB1",0.905741346278393
"NOBOX",NA
"NOC2L",0.988520672094639
"NOC3L",0.247524858058466
"NOC4L",NA
"NOD1",NA
"NOD2",NA
"NODAL",NA
"NOG",NA
"NOL10",0.65749381432356
"NOL11",0.604155301715542
"NOL12",NA
"NOL3",0.851436153575664
"NOL4",NA
"NOL4L",0.00131809987943551
"NOL6",0.671504304800685
"NOL7",0.198701382422395
"NOL8",NA
"NOL9",0.00465922090405313
"NOLC1",0.000153869719409748
"NOM1",NA
"NOMO1",NA
"NOMO2",0.00253089659318365
"NOMO3",NA
"NONO",0.0562237481823177
"NOP10",0.793840406334102
"NOP14",NA
"NOP16",0.98353326327217
"NOP2",0.892875167638622
"NOP56",0.96417329339471
"NOP58",0.735482721516008
"NOP9",0.120335910646556
"NOS1",0.681322689534732
"NOS1AP",0.295473635363197
"NOS2",NA
"NOS3",NA
"NOSIP",0.983230176186264
"NOSTRIN",NA
"NOTCH1",NA
"NOTCH2",0.823418121896559
"NOTCH3",NA
"NOTCH4",NA
"NOTO",NA
"NOTUM",NA
"NOVA1",0.934202792895855
"NOVA2",0.822051652338838
"NOX1",NA
"NOX3",NA
"NOX4",NA
"NOX5",NA
"NOXA1",NA
"NOXO1",NA
"NOXRED1",NA
"NPAP1",NA
"NPAS1",NA
"NPAS2",NA
"NPAS3",0.335439755667369
"NPAS4",NA
"NPAT",NA
"NPB",NA
"NPBWR1",NA
"NPBWR2",NA
"NPC1",0.152541878720438
"NPC1L1",NA
"NPC2",0.102060092211734
"NPDC1",NA
"NPEPL1",0.625233369052863
"NPEPPS",0.624803531286323
"NPFF",NA
"NPFFR1",NA
"NPFFR2",NA
"NPHP1",NA
"NPHP3",NA
"NPHP4",NA
"NPHS1",NA
"NPHS2",NA
"NPIPA1",NA
"NPIPA2",NA
"NPIPA3",NA
"NPIPA5",NA
"NPIPA7",NA
"NPIPA8",NA
"NPIPB11",NA
"NPIPB15",NA
"NPIPB3",NA
"NPIPB4",NA
"NPIPB5",NA
"NPIPB6",NA
"NPIPB8",NA
"NPIPB9",NA
"NPL",0.00782263189793203
"NPLOC4",0.975995211383948
"NPM1",0.0138500772290371
"NPM2",NA
"NPM3",0.770450334139287
"NPNT",NA
"NPPA",NA
"NPPB",NA
"NPPC",NA
"NPR1",NA
"NPR2",NA
"NPR3",NA
"NPRL2",NA
"NPRL3",0.991219394870295
"NPS",NA
"NPSR1",NA
"NPTN",0.790226164036501
"NPTX1",0.309568455298718
"NPTX2",0.998651440079627
"NPTXR",0.864875459605035
"NPVF",NA
"NPW",NA
"NPY",NA
"NPY1R",NA
"NPY2R",NA
"NPY4R",NA
"NPY5R",NA
"NQO1",0.976383984665764
"NQO2",0.888976469054588
"NR0B1",NA
"NR0B2",NA
"NR1D1",NA
"NR1D2",NA
"NR1H2",NA
"NR1H3",NA
"NR1H4",NA
"NR1I2",NA
"NR1I3",NA
"NR2C1",NA
"NR2C2",NA
"NR2C2AP",0.987157444344937
"NR2E1",NA
"NR2E3",NA
"NR2F1",NA
"NR2F2",NA
"NR2F6",NA
"NR3C1",0.198100663804396
"NR3C2",NA
"NR4A1",NA
"NR4A2",NA
"NR4A3",NA
"NR5A1",NA
"NR5A2",NA
"NR6A1",NA
"NRAP",NA
"NRARP",NA
"NRAS",0.516781725807498
"NRBF2",NA
"NRBP1",0.953678386923314
"NRBP2",0.967792958886133
"NRCAM",0.999751129973129
"NRDC",0.956958654126686
"NRDE2",NA
"NREP",NA
"NRF1",0.000665194260955975
"NRG1",NA
"NRG2",NA
"NRG3",NA
"NRG4",NA
"NRGN",0.202558764695104
"NRIP1",NA
"NRIP2",0.675172743254462
"NRIP3",NA
"NRK",NA
"NRL",NA
"NRM",0.922626888787082
"NRN1",NA
"NRN1L",NA
"NRP1",0.0176182667442088
"NRP2",0.0253719648564837
"NRROS",NA
"NRSN1",NA
"NRSN2",NA
"NRTN",NA
"NRXN1",0.708782195226318
"NRXN2",0.953649014439972
"NRXN3",0.613206889704274
"NSA2",NA
"NSD1",NA
"NSDHL",0.673321381030014
"NSF",0.882516369464332
"NSFL1C",0.190514453405837
"NSL1",7.42757043578005e-06
"NSMAF",NA
"NSMCE1",NA
"NSMCE2",NA
"NSMCE3",0.0985317468450437
"NSMCE4A",0.946436497488371
"NSMF",NA
"NSRP1",0.85663156600277
"NSUN2",0.115626450647308
"NSUN3",NA
"NSUN4",NA
"NSUN5",NA
"NSUN6",NA
"NSUN7",NA
"NT5C",0.134666826787225
"NT5C1A",NA
"NT5C1B",NA
"NT5C1B-RDH14",NA
"NT5C2",0.133160722453447
"NT5C3A",0.405849362925799
"NT5C3B",0.584762048619724
"NT5DC1",0.244122930324075
"NT5DC2",0.0399027493837333
"NT5DC3",0.936010602899119
"NT5DC4",NA
"NT5E",6.30744867724547e-05
"NT5M",NA
"NTAN1",NA
"NTF3",NA
"NTF4",NA
"NTHL1",NA
"NTM",0.634106017122989
"NTMT1",0.932002548078687
"NTN1",0.875069143991265
"NTN3",NA
"NTN4",NA
"NTN5",NA
"NTNG1",0.404705006325028
"NTNG2",NA
"NTPCR",0.449834582957868
"NTRK1",NA
"NTRK2",0.992446517414427
"NTRK3",0.92743144065566
"NTS",NA
"NTSR1",NA
"NTSR2",NA
"NUAK1",NA
"NUAK2",NA
"NUB1",0.993197240988391
"NUBP1",0.964671585424557
"NUBP2",0.964359337387471
"NUBPL",0.236777662863973
"NUCB1",0.484852153431739
"NUCB2",0.815300005083668
"NUCKS1",0.424321167206903
"NUDC",0.000248255003018748
"NUDCD1",0.197054351030737
"NUDCD2",0.277179626467062
"NUDCD3",0.98968328855253
"NUDT1",0.0958209517660428
"NUDT10",NA
"NUDT11",0.981380185687704
"NUDT12",0.726887007235685
"NUDT13",NA
"NUDT14",NA
"NUDT15",3.31503003910821e-05
"NUDT16",0.992029050870972
"NUDT16L1",0.0625611622196509
"NUDT17",NA
"NUDT18",NA
"NUDT19",NA
"NUDT2",0.688375728399028
"NUDT21",0.00486105862856509
"NUDT22",NA
"NUDT3",0.887377123052333
"NUDT4",0.995030139629299
"NUDT5",0.979495944209362
"NUDT6",NA
"NUDT7",NA
"NUDT8",NA
"NUDT9",0.842741053841175
"NUF2",NA
"NUFIP1",NA
"NUFIP2",0.978919115215427
"NUGGC",NA
"NUMA1",0.326352448903953
"NUMB",0.54856613445022
"NUMBL",0.417582444903777
"NUP107",0.368477039513734
"NUP133",0.470062221604691
"NUP153",0.150273812570623
"NUP155",0.472432940335695
"NUP160",0.785736962322567
"NUP188",0.735598527580641
"NUP205",0.368904423937637
"NUP210",0.982996600844167
"NUP210L",NA
"NUP214",0.783186314143894
"NUP35",0.228021799527036
"NUP37",0.161528581485771
"NUP43",0.191350155845119
"NUP50",0.304978110363734
"NUP54",0.443692471878315
"NUP58",0.241402632662907
"NUP62",0.498415308964543
"NUP62CL",NA
"NUP85",0.235138157104085
"NUP88",0.84286578919142
"NUP93",0.513082861143137
"NUP98",0.245295682188639
"NUPL2",0.260364961076015
"NUPR1",NA
"NUS1",NA
"NUSAP1",NA
"NUTF2",0.996674973680329
"NUTM1",NA
"NUTM2A",NA
"NUTM2B",NA
"NUTM2D",NA
"NUTM2E",NA
"NUTM2F",NA
"NUTM2G",NA
"NVL",0.990272393020557
"NWD1",NA
"NWD2",NA
"NXF1",0.19433250155875
"NXF2",NA
"NXF2B",NA
"NXF3",NA
"NXF5",NA
"NXN",5.30092307595579e-05
"NXNL1",NA
"NXNL2",NA
"NXPE1",NA
"NXPE2",NA
"NXPE3",NA
"NXPE4",NA
"NXPH1",NA
"NXPH2",NA
"NXPH3",NA
"NXPH4",NA
"NXT1",0.294117511790299
"NXT2",NA
"NYAP1",NA
"NYAP2",NA
"NYNRIN",NA
"NYX",NA
"OAF",NA
"OARD1",0.0230101398034814
"OAS1",NA
"OAS2",0.135912287397425
"OAS3",0.285542637312282
"OASL",NA
"OAT",0.962990127026609
"OAZ1",NA
"OAZ2",NA
"OAZ3",NA
"OBP2A",NA
"OBP2B",NA
"OBSCN",NA
"OBSL1",NA
"OC90",NA
"OCA2",NA
"OCEL1",NA
"OCIAD1",0.998414990562524
"OCIAD2",0.611292474704326
"OCLM",NA
"OCLN",0.992945610002758
"OCM",NA
"OCM2",NA
"OCRL",0.00536615337962685
"OCSTAMP",NA
"ODAM",NA
"ODC1",NA
"ODF1",NA
"ODF2",NA
"ODF2L",NA
"ODF3",NA
"ODF3B",NA
"ODF3L1",NA
"ODF3L2",NA
"ODF4",NA
"ODR4",0.491048414566943
"OFCC1",NA
"OFD1",NA
"OGA",0.0303031558991912
"OGDH",0.826999102663597
"OGDHL",0.248001407435802
"OGFOD1",0.645011110189653
"OGFOD2",NA
"OGFOD3",NA
"OGFR",0.847467382902423
"OGFRL1",0.795990140282106
"OGG1",NA
"OGN",0.985517668236683
"OGT",0.00835691407559385
"OIP5",NA
"OIT3",NA
"OLA1",0.0250727651312443
"OLAH",NA
"OLFM1",0.795877705935778
"OLFM2",0.910726072438709
"OLFM3",NA
"OLFM4",NA
"OLFML1",0.783001488653305
"OLFML2A",NA
"OLFML2B",NA
"OLFML3",0.811990277557634
"OLIG1",NA
"OLIG2",NA
"OLIG3",NA
"OLR1",NA
"OMA1",NA
"OMD",0.43874571401541
"OMG",0.996365617801109
"OMP",NA
"ONECUT1",NA
"ONECUT2",NA
"ONECUT3",NA
"OOEP",NA
"OOSP2",NA
"OPA1",0.144310547976471
"OPA3",0.828390117463792
"OPALIN",0.948178450247174
"OPCML",0.725103241896055
"OPHN1",0.983362693583264
"OPLAH",0.582121081657945
"OPN1LW",NA
"OPN1MW",NA
"OPN1MW2",NA
"OPN1SW",NA
"OPN3",NA
"OPN4",NA
"OPN5",NA
"OPRD1",NA
"OPRK1",NA
"OPRL1",NA
"OPRM1",NA
"OPTC",NA
"OPTN",0.290836702503256
"OR10A2",NA
"OR10A3",NA
"OR10A4",NA
"OR10A5",NA
"OR10A6",NA
"OR10A7",NA
"OR10AC1",NA
"OR10AD1",NA
"OR10AG1",NA
"OR10C1",NA
"OR10D3",NA
"OR10G2",NA
"OR10G3",NA
"OR10G4",NA
"OR10G6",NA
"OR10G7",NA
"OR10G8",NA
"OR10G9",NA
"OR10H1",NA
"OR10H2",NA
"OR10H3",NA
"OR10H4",NA
"OR10H5",NA
"OR10J1",NA
"OR10J3",NA
"OR10J4",NA
"OR10J5",NA
"OR10K1",NA
"OR10K2",NA
"OR10P1",NA
"OR10Q1",NA
"OR10R2",NA
"OR10S1",NA
"OR10T2",NA
"OR10V1",NA
"OR10W1",NA
"OR10X1",NA
"OR10Z1",NA
"OR11A1",NA
"OR11G2",NA
"OR11H1",NA
"OR11H12",NA
"OR11H2",NA
"OR11H4",NA
"OR11H6",NA
"OR11H7",NA
"OR11L1",NA
"OR12D1",NA
"OR12D2",NA
"OR12D3",NA
"OR13A1",NA
"OR13C2",NA
"OR13C3",NA
"OR13C4",NA
"OR13C5",NA
"OR13C8",NA
"OR13C9",NA
"OR13D1",NA
"OR13F1",NA
"OR13G1",NA
"OR13H1",NA
"OR13J1",NA
"OR14A16",NA
"OR14A2",NA
"OR14C36",NA
"OR14I1",NA
"OR14J1",NA
"OR14K1",NA
"OR1A1",NA
"OR1A2",NA
"OR1B1",NA
"OR1C1",NA
"OR1D2",NA
"OR1D4",NA
"OR1D5",NA
"OR1E1",NA
"OR1E2",NA
"OR1E3",NA
"OR1F1",NA
"OR1F12",NA
"OR1G1",NA
"OR1I1",NA
"OR1J1",NA
"OR1J2",NA
"OR1J4",NA
"OR1K1",NA
"OR1L1",NA
"OR1L3",NA
"OR1L4",NA
"OR1L6",NA
"OR1L8",NA
"OR1M1",NA
"OR1N1",NA
"OR1N2",NA
"OR1Q1",NA
"OR1S1",NA
"OR1S2",NA
"OR2A1",NA
"OR2A12",NA
"OR2A14",NA
"OR2A2",NA
"OR2A25",NA
"OR2A4",NA
"OR2A42",NA
"OR2A5",NA
"OR2A7",NA
"OR2AE1",NA
"OR2AG1",NA
"OR2AG2",NA
"OR2AJ1",NA
"OR2AK2",NA
"OR2AP1",NA
"OR2AT4",NA
"OR2B11",NA
"OR2B2",NA
"OR2B3",NA
"OR2B6",NA
"OR2C1",NA
"OR2C3",NA
"OR2D2",NA
"OR2D3",NA
"OR2F1",NA
"OR2F2",NA
"OR2G2",NA
"OR2G3",NA
"OR2G6",NA
"OR2H1",NA
"OR2H2",NA
"OR2J1",NA
"OR2J2",NA
"OR2J3",NA
"OR2K2",NA
"OR2L13",NA
"OR2L2",NA
"OR2L3",NA
"OR2L5",NA
"OR2L8",NA
"OR2M2",NA
"OR2M3",NA
"OR2M4",NA
"OR2M5",NA
"OR2M7",NA
"OR2S2",NA
"OR2T1",NA
"OR2T10",NA
"OR2T11",NA
"OR2T12",NA
"OR2T2",NA
"OR2T27",NA
"OR2T29",NA
"OR2T3",NA
"OR2T33",NA
"OR2T34",NA
"OR2T35",NA
"OR2T4",NA
"OR2T5",NA
"OR2T6",NA
"OR2T7",NA
"OR2T8",NA
"OR2V1",NA
"OR2V2",NA
"OR2W1",NA
"OR2W3",NA
"OR2W5",NA
"OR2Y1",NA
"OR2Z1",NA
"OR3A1",NA
"OR3A2",NA
"OR3A3",NA
"OR4A15",NA
"OR4A16",NA
"OR4A47",NA
"OR4A5",NA
"OR4B1",NA
"OR4C11",NA
"OR4C12",NA
"OR4C13",NA
"OR4C15",NA
"OR4C16",NA
"OR4C3",NA
"OR4C45",NA
"OR4C46",NA
"OR4C5",NA
"OR4C6",NA
"OR4D1",NA
"OR4D10",NA
"OR4D11",NA
"OR4D2",NA
"OR4D5",NA
"OR4D6",NA
"OR4D9",NA
"OR4E1",NA
"OR4E2",NA
"OR4F15",NA
"OR4F16",NA
"OR4F17",NA
"OR4F21",NA
"OR4F29",NA
"OR4F3",NA
"OR4F4",NA
"OR4F5",NA
"OR4F6",NA
"OR4K1",NA
"OR4K13",NA
"OR4K14",NA
"OR4K15",NA
"OR4K17",NA
"OR4K2",NA
"OR4K3",NA
"OR4K5",NA
"OR4L1",NA
"OR4M1",NA
"OR4M2",NA
"OR4N2",NA
"OR4N4",NA
"OR4N5",NA
"OR4P4",NA
"OR4Q2",NA
"OR4Q3",NA
"OR4S1",NA
"OR4S2",NA
"OR4X1",NA
"OR4X2",NA
"OR51A2",NA
"OR51A4",NA
"OR51A7",NA
"OR51B2",NA
"OR51B4",NA
"OR51B5",NA
"OR51B6",NA
"OR51D1",NA
"OR51E1",NA
"OR51E2",NA
"OR51F1",NA
"OR51F2",NA
"OR51G1",NA
"OR51G2",NA
"OR51H1",NA
"OR51I1",NA
"OR51I2",NA
"OR51J1",NA
"OR51L1",NA
"OR51M1",NA
"OR51Q1",NA
"OR51S1",NA
"OR51T1",NA
"OR51V1",NA
"OR52A1",NA
"OR52A5",NA
"OR52B2",NA
"OR52B4",NA
"OR52B6",NA
"OR52D1",NA
"OR52E1",NA
"OR52E2",NA
"OR52E4",NA
"OR52E5",NA
"OR52E6",NA
"OR52E8",NA
"OR52H1",NA
"OR52I1",NA
"OR52I2",NA
"OR52J3",NA
"OR52K1",NA
"OR52K2",NA
"OR52L1",NA
"OR52M1",NA
"OR52N1",NA
"OR52N2",NA
"OR52N4",NA
"OR52N5",NA
"OR52R1",NA
"OR52W1",NA
"OR52Z1",NA
"OR56A1",NA
"OR56A3",NA
"OR56A4",NA
"OR56A5",NA
"OR56B1",NA
"OR56B4",NA
"OR5A1",NA
"OR5A2",NA
"OR5AC2",NA
"OR5AK2",NA
"OR5AL1",NA
"OR5AN1",NA
"OR5AP2",NA
"OR5AR1",NA
"OR5AS1",NA
"OR5AU1",NA
"OR5B12",NA
"OR5B17",NA
"OR5B2",NA
"OR5B21",NA
"OR5B3",NA
"OR5C1",NA
"OR5D13",NA
"OR5D14",NA
"OR5D16",NA
"OR5D18",NA
"OR5F1",NA
"OR5H1",NA
"OR5H14",NA
"OR5H15",NA
"OR5H2",NA
"OR5H6",NA
"OR5I1",NA
"OR5J2",NA
"OR5K1",NA
"OR5K2",NA
"OR5K3",NA
"OR5K4",NA
"OR5L1",NA
"OR5L2",NA
"OR5M1",NA
"OR5M10",NA
"OR5M11",NA
"OR5M3",NA
"OR5M8",NA
"OR5M9",NA
"OR5P2",NA
"OR5P3",NA
"OR5R1",NA
"OR5T1",NA
"OR5T2",NA
"OR5T3",NA
"OR5V1",NA
"OR5W2",NA
"OR6A2",NA
"OR6B1",NA
"OR6B2",NA
"OR6B3",NA
"OR6C1",NA
"OR6C2",NA
"OR6C3",NA
"OR6C4",NA
"OR6C6",NA
"OR6C65",NA
"OR6C68",NA
"OR6C70",NA
"OR6C74",NA
"OR6C75",NA
"OR6C76",NA
"OR6F1",NA
"OR6J1",NA
"OR6K2",NA
"OR6K3",NA
"OR6K6",NA
"OR6M1",NA
"OR6N1",NA
"OR6N2",NA
"OR6P1",NA
"OR6Q1",NA
"OR6S1",NA
"OR6T1",NA
"OR6V1",NA
"OR6X1",NA
"OR6Y1",NA
"OR7A10",NA
"OR7A17",NA
"OR7A5",NA
"OR7C1",NA
"OR7C2",NA
"OR7D2",NA
"OR7D4",NA
"OR7E24",NA
"OR7G1",NA
"OR7G2",NA
"OR7G3",NA
"OR8A1",NA
"OR8B12",NA
"OR8B2",NA
"OR8B3",NA
"OR8B4",NA
"OR8B8",NA
"OR8D1",NA
"OR8D2",NA
"OR8D4",NA
"OR8G1",NA
"OR8G5",NA
"OR8H1",NA
"OR8H2",NA
"OR8H3",NA
"OR8I2",NA
"OR8J1",NA
"OR8J3",NA
"OR8K1",NA
"OR8K3",NA
"OR8K5",NA
"OR8S1",NA
"OR8U1",NA
"OR9A2",NA
"OR9A4",NA
"OR9G1",NA
"OR9G4",NA
"OR9I1",NA
"OR9K2",NA
"OR9Q1",NA
"OR9Q2",NA
"ORAI1",NA
"ORAI2",NA
"ORAI3",NA
"ORC1",NA
"ORC2",1.23647933609363e-06
"ORC3",0.208718579232896
"ORC4",0.0173281518753229
"ORC5",NA
"ORC6",NA
"ORM1",0.049688160242236
"ORM2",0.0271048870701215
"ORMDL1",0.479566100919273
"ORMDL2",NA
"ORMDL3",NA
"OS9",0.0148673161557608
"OSBP",0.14375004294033
"OSBP2",0.983298581416152
"OSBPL10",NA
"OSBPL11",0.974298179661025
"OSBPL1A",0.344916767303303
"OSBPL2",0.504936241278824
"OSBPL3",0.133336827897041
"OSBPL5",NA
"OSBPL6",0.68452159005385
"OSBPL7",NA
"OSBPL8",0.387231565677221
"OSBPL9",0.985963849942467
"OSCAR",NA
"OSCP1",0.055279221837402
"OSER1",NA
"OSGEP",0.538990415339461
"OSGEPL1",2.29547680304348e-05
"OSGIN1",NA
"OSGIN2",NA
"OSM",NA
"OSMR",NA
"OSR1",NA
"OSR2",NA
"OST4",NA
"OSTC",NA
"OSTF1",1.09916562213975e-06
"OSTM1",NA
"OSTN",NA
"OTC",0.546474208018506
"OTOA",NA
"OTOF",NA
"OTOG",NA
"OTOGL",NA
"OTOL1",NA
"OTOP1",NA
"OTOP2",NA
"OTOP3",NA
"OTOR",NA
"OTOS",NA
"OTP",NA
"OTUB1",0.0793284683085019
"OTUB2",NA
"OTUD1",NA
"OTUD3",NA
"OTUD4",0.110940738277469
"OTUD5",NA
"OTUD6A",NA
"OTUD6B",0.85564757100498
"OTUD7A",NA
"OTUD7B",0.504729588614811
"OTULIN",0.00295780083083022
"OTX1",NA
"OTX2",0.0980096697660071
"OVCA2",0.0356863360435437
"OVCH1",NA
"OVCH2",NA
"OVGP1",NA
"OVOL1",NA
"OVOL2",NA
"OVOL3",NA
"OXA1L",0.343772989733274
"OXCT1",0.400163041903305
"OXCT2",NA
"OXER1",NA
"OXGR1",NA
"OXLD1",NA
"OXNAD1",NA
"OXR1",0.898125697634128
"OXSM",0.0323660842687697
"OXSR1",0.61050605038014
"OXT",NA
"OXTR",NA
"P2RX1",NA
"P2RX2",NA
"P2RX3",NA
"P2RX4",NA
"P2RX5",NA
"P2RX6",NA
"P2RX7",0.683329085167286
"P2RY1",NA
"P2RY10",NA
"P2RY11",NA
"P2RY12",NA
"P2RY13",NA
"P2RY14",NA
"P2RY2",NA
"P2RY4",NA
"P2RY6",NA
"P2RY8",NA
"P3H1",0.979122790654941
"P3H2",NA
"P3H3",0.978568345603515
"P3H4",NA
"P4HA1",0.948354276434352
"P4HA2",0.873412619245445
"P4HA3",NA
"P4HB",0.204191242081199
"P4HTM",NA
"PA2G4",0.900061837247266
"PAAF1",0.969697849490598
"PABPC1",0.931279856236618
"PABPC1L",NA
"PABPC1L2A",NA
"PABPC1L2B",NA
"PABPC3",NA
"PABPC4",0.866494383062445
"PABPC4L",NA
"PABPC5",NA
"PABPN1",0.0721969676592028
"PABPN1L",NA
"PACRG",NA
"PACRGL",NA
"PACS1",0.95571612334366
"PACS2",0.263124289714804
"PACSIN1",0.277055914834609
"PACSIN2",0.118727454291882
"PACSIN3",0.995463224833155
"PADI1",NA
"PADI2",0.995686171937526
"PADI3",NA
"PADI4",NA
"PADI6",NA
"PAEP",NA
"PAF1",0.0941203891427772
"PAFAH1B1",0.999219500423147
"PAFAH1B2",0.272477268957101
"PAFAH1B3",0.0176723287078736
"PAFAH2",NA
"PAG1",0.516735097624506
"PAGE1",NA
"PAGE2",NA
"PAGE2B",NA
"PAGE3",NA
"PAGE4",NA
"PAGE5",NA
"PAGR1",NA
"PAH",NA
"PAICS",0.644276826301237
"PAIP1",0.983015947577005
"PAIP2",0.656887158779785
"PAIP2B",NA
"PAK1",0.169277389935282
"PAK1IP1",NA
"PAK2",0.929831467467211
"PAK3",0.998167705940228
"PAK4",0.618881022919586
"PAK6",NA
"PALB2",NA
"PALD1",0.000877828635521217
"PALLD",0.159603136874906
"PALM",0.761838210997933
"PALM2",0.446742854986097
"PALM2-AKAP2",0.983331680864807
"PALM3",NA
"PALMD",0.997865190404882
"PAM",0.417397200312411
"PAM16",NA
"PAMR1",NA
"PAN2",0.759230915718914
"PAN3",NA
"PANK1",NA
"PANK2",0.658950169801983
"PANK3",NA
"PANK4",0.777288381080489
"PANO1",NA
"PANX1",0.0172148137634727
"PANX2",NA
"PANX3",NA
"PAOX",NA
"PAPLN",NA
"PAPOLA",0.140367979512934
"PAPOLB",NA
"PAPOLG",NA
"PAPPA",NA
"PAPPA2",NA
"PAPSS1",0.385389919347909
"PAPSS2",0.00979747753916833
"PAQR3",NA
"PAQR4",NA
"PAQR5",NA
"PAQR6",NA
"PAQR7",NA
"PAQR8",NA
"PAQR9",NA
"PARD3",0.821747823574072
"PARD3B",NA
"PARD6A",NA
"PARD6B",NA
"PARD6G",NA
"PARG",0.036979118497419
"PARK7",0.127397829668613
"PARL",NA
"PARM1",NA
"PARN",0.860054283715098
"PARP1",0.542483575189184
"PARP10",0.00107480204984936
"PARP11",NA
"PARP12",NA
"PARP14",3.00371716518468e-06
"PARP15",NA
"PARP16",NA
"PARP2",NA
"PARP3",NA
"PARP4",9.49611287281217e-08
"PARP6",NA
"PARP8",NA
"PARP9",4.07556070348378e-07
"PARPBP",NA
"PARS2",0.223732883041532
"PARVA",0.000390960253235585
"PARVB",0.958221583353237
"PARVG",3.58492386391301e-09
"PASD1",NA
"PASK",0.21416902186617
"PATE1",NA
"PATE2",NA
"PATE3",NA
"PATE4",NA
"PATL1",0.526957851617913
"PATL2",NA
"PATZ1",NA
"PAWR",0.28897413689371
"PAX1",NA
"PAX2",NA
"PAX3",NA
"PAX4",NA
"PAX5",NA
"PAX6",NA
"PAX7",NA
"PAX8",NA
"PAX9",NA
"PAXBP1",0.675123684665034
"PAXIP1",NA
"PAXX",0.0658816007944563
"PBDC1",0.99550456983763
"PBK",0.999938208360633
"PBLD",0.986777929646511
"PBOV1",NA
"PBRM1",0.672764690516877
"PBX1",0.122808682491985
"PBX2",NA
"PBX3",NA
"PBX4",NA
"PBXIP1",0.770408600220834
"PC",0.826645333270854
"PCBD1",0.995149133485948
"PCBD2",0.91288480011373
"PCBP1",0.382126063771147
"PCBP2",0.00959640284472886
"PCBP3",0.022399267634959
"PCBP4",0.951315765784533
"PCCA",0.174397021316373
"PCCB",0.143558540319524
"PCDH1",0.051619828339177
"PCDH10",NA
"PCDH11X",NA
"PCDH11Y",NA
"PCDH12",NA
"PCDH15",NA
"PCDH17",0.966442480278706
"PCDH18",NA
"PCDH19",NA
"PCDH20",NA
"PCDH7",0.982445816939595
"PCDH8",NA
"PCDH9",0.340943424301899
"PCDHA1",NA
"PCDHA10",NA
"PCDHA11",NA
"PCDHA12",NA
"PCDHA13",NA
"PCDHA2",NA
"PCDHA3",NA
"PCDHA4",NA
"PCDHA5",NA
"PCDHA6",NA
"PCDHA7",NA
"PCDHA8",NA
"PCDHA9",NA
"PCDHAC1",NA
"PCDHAC2",NA
"PCDHB1",NA
"PCDHB10",NA
"PCDHB11",NA
"PCDHB12",NA
"PCDHB13",NA
"PCDHB14",NA
"PCDHB15",NA
"PCDHB16",NA
"PCDHB2",NA
"PCDHB3",0.956551467966389
"PCDHB4",NA
"PCDHB5",NA
"PCDHB6",NA
"PCDHB7",NA
"PCDHB8",NA
"PCDHB9",NA
"PCDHGA1",NA
"PCDHGA10",NA
"PCDHGA11",NA
"PCDHGA12",NA
"PCDHGA2",NA
"PCDHGA3",NA
"PCDHGA4",NA
"PCDHGA5",NA
"PCDHGA6",NA
"PCDHGA7",NA
"PCDHGA8",NA
"PCDHGA9",NA
"PCDHGB1",NA
"PCDHGB2",0.950140049952443
"PCDHGB3",NA
"PCDHGB4",NA
"PCDHGB5",NA
"PCDHGB6",NA
"PCDHGB7",NA
"PCDHGC3",0.0292572930135148
"PCDHGC4",NA
"PCDHGC5",NA
"PCED1A",NA
"PCED1B",NA
"PCF11",0.123396560012971
"PCGF1",NA
"PCGF2",NA
"PCGF3",NA
"PCGF5",NA
"PCGF6",NA
"PCID2",0.758153268488537
"PCIF1",0.234365631093752
"PCK1",NA
"PCK2",0.918439412722616
"PCLO",0.239250503756123
"PCM1",0.388618122130167
"PCMT1",0.993586814150289
"PCMTD1",NA
"PCMTD2",NA
"PCNA",0.0117794705617911
"PCNP",0.0636427826112462
"PCNT",0.869690610083975
"PCOLCE",0.5563953710381
"PCOLCE2",NA
"PCP2",NA
"PCP4",NA
"PCP4L1",0.5542741658259
"PCSK1",NA
"PCSK1N",0.700636632215442
"PCSK2",NA
"PCSK4",NA
"PCSK5",NA
"PCSK6",NA
"PCSK7",NA
"PCSK9",NA
"PCTP",0.148216495618197
"PCYOX1",0.178768881377498
"PCYOX1L",0.590784767019052
"PCYT1A",0.0285416858089815
"PCYT1B",NA
"PCYT2",0.996912182759695
"PDAP1",0.343997961119271
"PDC",NA
"PDCD1",NA
"PDCD10",0.925199782502189
"PDCD11",0.840077637264534
"PDCD1LG2",NA
"PDCD2",NA
"PDCD2L",NA
"PDCD4",0.144602310110433
"PDCD5",0.7474390319116
"PDCD6",0.916038953451104
"PDCD6IP",0.999305773634003
"PDCD7",NA
"PDCL",0.0915079386972067
"PDCL2",NA
"PDCL3",0.257229449602954
"PDE10A",NA
"PDE11A",NA
"PDE12",0.975390706809712
"PDE1A",0.65794980995448
"PDE1B",NA
"PDE1C",0.597221096884093
"PDE2A",0.737463640715947
"PDE3A",NA
"PDE3B",NA
"PDE4A",NA
"PDE4B",0.00720135380139264
"PDE4C",NA
"PDE4D",0.724973186618976
"PDE4DIP",0.242613303173446
"PDE5A",0.413092555993622
"PDE6A",NA
"PDE6B",NA
"PDE6C",NA
"PDE6D",0.603837897080783
"PDE6G",NA
"PDE6H",NA
"PDE7A",NA
"PDE7B",NA
"PDE8A",NA
"PDE8B",NA
"PDE9A",NA
"PDF",NA
"PDGFA",NA
"PDGFB",NA
"PDGFC",NA
"PDGFD",NA
"PDGFRA",0.717361366118338
"PDGFRB",0.913803789567162
"PDGFRL",NA
"PDHA1",0.116769324383557
"PDHA2",NA
"PDHB",0.0558182780514245
"PDHX",0.0620661973642823
"PDIA2",NA
"PDIA3",0.248632298561282
"PDIA4",0.993246453881453
"PDIA5",0.991812804200496
"PDIA6",0.0422669868468397
"PDIK1L",NA
"PDILT",NA
"PDK1",0.759816311056223
"PDK2",0.51850164814009
"PDK3",0.832885987030174
"PDK4",NA
"PDLIM1",0.935325477028768
"PDLIM2",0.0578368425987659
"PDLIM3",0.985319372666689
"PDLIM4",0.321339946565693
"PDLIM5",0.553877098244075
"PDLIM7",0.993228858790974
"PDP1",0.914543029261816
"PDP2",NA
"PDPK1",0.63992891564827
"PDPN",0.17959451698981
"PDPR",0.941211287997333
"PDRG1",0.600888604276626
"PDS5A",0.209998466016669
"PDS5B",0.837557828412646
"PDSS1",NA
"PDSS2",NA
"PDX1",NA
"PDXDC1",0.864845955260056
"PDXK",0.967557483731668
"PDXP",0.0439800418901521
"PDYN",NA
"PDZD11",0.0155075229235431
"PDZD2",NA
"PDZD3",NA
"PDZD4",NA
"PDZD7",NA
"PDZD8",0.731593363199878
"PDZD9",NA
"PDZK1",NA
"PDZK1IP1",NA
"PDZRN3",NA
"PDZRN4",NA
"PEA15",0.970063347895304
"PEAK1",0.019141069734636
"PEAR1",NA
"PEBP1",0.984561116588329
"PEBP4",NA
"PECAM1",0.117475860933704
"PECR",0.93904783658974
"PEF1",0.996587426133763
"PEG10",0.351544124957842
"PEG3",NA
"PELI1",NA
"PELI2",NA
"PELI3",NA
"PELO",0.982118712676028
"PELP1",0.713033552606154
"PEMT",NA
"PENK",NA
"PEPD",0.000105696490061668
"PER1",NA
"PER2",NA
"PER3",NA
"PERM1",NA
"PERP",NA
"PES1",0.910170334275256
"PET100",NA
"PET117",NA
"PEX1",NA
"PEX10",NA
"PEX11A",NA
"PEX11B",0.0277887662021213
"PEX11G",NA
"PEX12",NA
"PEX13",NA
"PEX14",0.999998230747367
"PEX16",NA
"PEX19",0.999881944768462
"PEX2",NA
"PEX26",NA
"PEX3",NA
"PEX5",0.982932590386717
"PEX5L",0.149321465563006
"PEX6",0.948597748670405
"PEX7",NA
"PF4",0.902722798180257
"PF4V1",NA
"PFAS",0.996562903243548
"PFDN1",0.954160221601857
"PFDN2",0.535431197146787
"PFDN4",0.973162336596368
"PFDN5",0.971336911453965
"PFDN6",0.939404978060251
"PFKFB1",NA
"PFKFB2",0.271271752908157
"PFKFB3",NA
"PFKFB4",NA
"PFKL",0.937880109211394
"PFKM",0.949888245245571
"PFKP",0.542349213138343
"PFN1",0.00640314799136632
"PFN2",0.0697532790798318
"PFN3",NA
"PFN4",NA
"PGA3",NA
"PGA4",NA
"PGA5",NA
"PGAM1",0.764035765349312
"PGAM2",0.126800182969068
"PGAM4",NA
"PGAM5",0.173772682411341
"PGAP1",0.404189204953116
"PGAP2",NA
"PGAP3",NA
"PGBD1",NA
"PGBD2",NA
"PGBD3",NA
"PGBD4",NA
"PGBD5",NA
"PGC",NA
"PGD",0.915235505410349
"PGF",NA
"PGGT1B",0.929378301375316
"PGK1",0.980282631940681
"PGK2",0.944957349200277
"PGLS",0.779014066329951
"PGLYRP1",NA
"PGLYRP2",0.00221271274699618
"PGLYRP3",NA
"PGLYRP4",NA
"PGM1",0.90188987803565
"PGM2",0.00486950279063453
"PGM2L1",0.262896928132789
"PGM3",0.171616401199057
"PGM5",0.306179575860466
"PGP",0.905373795270521
"PGPEP1",0.190351510657534
"PGPEP1L",NA
"PGR",NA
"PGRMC1",0.768813122695577
"PGRMC2",0.999955852896978
"PGS1",0.998995716342696
"PHACTR1",0.34775842901122
"PHACTR2",0.977839812573202
"PHACTR3",NA
"PHACTR4",0.141450030793392
"PHAX",0.0810563837807575
"PHB",0.588251616797933
"PHB2",0.821711333386943
"PHC1",NA
"PHC2",0.926695545876221
"PHC3",0.292955255623552
"PHEX",NA
"PHF1",NA
"PHF10",0.0516260217583039
"PHF11",NA
"PHF12",NA
"PHF13",NA
"PHF14",NA
"PHF19",NA
"PHF2",NA
"PHF20",NA
"PHF20L1",3.69403298061194e-06
"PHF21A",NA
"PHF21B",NA
"PHF23",NA
"PHF24",0.366601334206644
"PHF3",NA
"PHF5A",0.154144931051682
"PHF6",0.798302686804617
"PHF7",NA
"PHF8",NA
"PHGDH",0.000873860420240136
"PHGR1",NA
"PHIP",NA
"PHKA1",0.758599923693059
"PHKA2",0.869154906579521
"PHKB",0.845359769803773
"PHKG1",0.812161816485233
"PHKG2",NA
"PHLDA1",0.00220503002238333
"PHLDA2",NA
"PHLDA3",0.763252665105699
"PHLDB1",0.000216403735344416
"PHLDB2",NA
"PHLDB3",NA
"PHLPP1",0.0467246701529055
"PHLPP2",NA
"PHOSPHO1",NA
"PHOSPHO2",NA
"PHOX2A",NA
"PHOX2B",NA
"PHPT1",0.980018498243041
"PHRF1",0.974847100058153
"PHTF1",NA
"PHTF2",NA
"PHYH",0.970780428463567
"PHYHD1",0.743052193637457
"PHYHIP",0.750729281103488
"PHYHIPL",0.999981523050931
"PHYKPL",0.938815079791575
"PI15",NA
"PI16",0.0315449422122015
"PI3",NA
"PI4K2A",0.000379683262255268
"PI4K2B",NA
"PI4KA",0.969484364237964
"PI4KB",0.756830984453887
"PIANP",NA
"PIAS1",NA
"PIAS2",NA
"PIAS3",NA
"PIAS4",NA
"PIBF1",NA
"PICALM",7.67990666675646e-06
"PICK1",0.40584316964958
"PID1",0.313650381401375
"PIDD1",NA
"PIEZO1",0.000305697760277018
"PIEZO2",NA
"PIF1",NA
"PIFO",NA
"PIGA",NA
"PIGB",NA
"PIGBOS1",NA
"PIGC",NA
"PIGF",NA
"PIGG",0.986510580127932
"PIGH",NA
"PIGK",NA
"PIGL",NA
"PIGM",NA
"PIGN",0.87943198417819
"PIGO",NA
"PIGP",NA
"PIGQ",NA
"PIGR",NA
"PIGS",0.658006448137496
"PIGT",0.523673607631384
"PIGU",NA
"PIGV",NA
"PIGW",NA
"PIGX",NA
"PIGY",NA
"PIGZ",NA
"PIH1D1",0.0353947236645314
"PIH1D2",NA
"PIH1D3",NA
"PIK3AP1",NA
"PIK3C2A",0.902877079045813
"PIK3C2B",NA
"PIK3C2G",NA
"PIK3C3",0.991040284290476
"PIK3CA",0.339482031698892
"PIK3CB",0.385925482549412
"PIK3CD",NA
"PIK3CG",NA
"PIK3IP1",NA
"PIK3R1",0.0283680303191863
"PIK3R2",0.908062094773636
"PIK3R3",NA
"PIK3R4",0.435832505128479
"PIK3R5",NA
"PIK3R6",NA
"PIKFYVE",0.638842137886349
"PILRA",NA
"PILRB",NA
"PIM1",NA
"PIM2",NA
"PIM3",NA
"PIN1",0.187353882272849
"PIN4",0.118374477092687
"PINK1",NA
"PINLYP",NA
"PINX1",NA
"PIP",0.511686170733643
"PIP4K2A",0.331376996153433
"PIP4K2B",0.393162324151013
"PIP4K2C",0.769635396515707
"PIP4P1",0.999974300065333
"PIP4P2",0.0866958128652286
"PIP5K1A",0.716852473082521
"PIP5K1B",NA
"PIP5K1C",0.947407903620527
"PIP5KL1",NA
"PIPOX",0.962871291707787
"PIR",0.969564641278255
"PIRT",NA
"PISD",NA
"PITHD1",0.157690202271057
"PITPNA",0.176553964953888
"PITPNB",0.997228184440397
"PITPNC1",0.997605470082737
"PITPNM1",0.807974660089645
"PITPNM2",NA
"PITPNM3",NA
"PITRM1",0.832122413858869
"PITX1",NA
"PITX2",NA
"PITX3",NA
"PIWIL1",NA
"PIWIL2",NA
"PIWIL3",NA
"PIWIL4",NA
"PJA1",NA
"PJA2",0.133370652459263
"PKD1",NA
"PKD1L1",NA
"PKD1L2",NA
"PKD1L3",NA
"PKD2",NA
"PKD2L1",NA
"PKD2L2",NA
"PKDCC",NA
"PKDREJ",NA
"PKHD1",NA
"PKHD1L1",NA
"PKIA",NA
"PKIB",NA
"PKIG",NA
"PKLR",0.800226088638344
"PKM",0.854465093825772
"PKMYT1",NA
"PKN1",0.00806249763641912
"PKN2",0.00805980719167222
"PKN3",NA
"PKNOX1",NA
"PKNOX2",NA
"PKP1",0.41732764279713
"PKP2",0.635158105245731
"PKP3",NA
"PKP4",0.915396196045159
"PLA1A",NA
"PLA2G10",NA
"PLA2G12A",NA
"PLA2G12B",NA
"PLA2G15",0.00187331015123884
"PLA2G16",0.391687875357421
"PLA2G1B",NA
"PLA2G2A",NA
"PLA2G2C",NA
"PLA2G2D",NA
"PLA2G2E",NA
"PLA2G2F",NA
"PLA2G3",NA
"PLA2G4A",0.974406620988808
"PLA2G4B",NA
"PLA2G4C",NA
"PLA2G4D",NA
"PLA2G4E",NA
"PLA2G4F",NA
"PLA2G5",NA
"PLA2G6",0.576916854367544
"PLA2G7",NA
"PLA2R1",NA
"PLAA",0.987199810676026
"PLAC1",NA
"PLAC8",NA
"PLAC8L1",NA
"PLAC9",NA
"PLAG1",NA
"PLAGL1",NA
"PLAGL2",NA
"PLAT",2.31173883233204e-05
"PLAU",NA
"PLAUR",NA
"PLB1",NA
"PLBD1",0.108219223780758
"PLBD2",0.0618844943131811
"PLCB1",0.999810331920972
"PLCB2",1.39553582093458e-07
"PLCB3",0.683865970684351
"PLCB4",0.0149444741590865
"PLCD1",0.963013448649351
"PLCD3",0.777099241594308
"PLCD4",NA
"PLCE1",NA
"PLCG1",0.590979737001942
"PLCG2",5.44887976770142e-07
"PLCH1",0.0646118873593687
"PLCH2",NA
"PLCL1",0.927904146386263
"PLCL2",0.146688608809947
"PLCXD1",NA
"PLCXD2",NA
"PLCXD3",0.865917388454103
"PLCZ1",NA
"PLD1",NA
"PLD2",0.39408948535069
"PLD3",0.00972107049410673
"PLD4",NA
"PLD5",NA
"PLD6",NA
"PLEC",0.998153416765874
"PLEK",0.00318151705647071
"PLEK2",NA
"PLEKHA1",2.95690302172379e-05
"PLEKHA2",0.000802709777738387
"PLEKHA3",NA
"PLEKHA4",NA
"PLEKHA5",0.0637970712951055
"PLEKHA6",0.990397401153596
"PLEKHA7",0.12916260167035
"PLEKHA8",NA
"PLEKHB1",0.919211208159342
"PLEKHB2",NA
"PLEKHD1",NA
"PLEKHF1",NA
"PLEKHF2",0.777394309518591
"PLEKHG1",NA
"PLEKHG2",NA
"PLEKHG3",NA
"PLEKHG4",NA
"PLEKHG4B",NA
"PLEKHG5",NA
"PLEKHG6",NA
"PLEKHG7",NA
"PLEKHH1",NA
"PLEKHH2",NA
"PLEKHH3",NA
"PLEKHJ1",NA
"PLEKHM1",NA
"PLEKHM2",0.0457319414578318
"PLEKHM3",NA
"PLEKHN1",NA
"PLEKHO1",NA
"PLEKHO2",5.60764701680423e-07
"PLEKHS1",NA
"PLET1",NA
"PLG",0.00769973137384486
"PLGLB1",NA
"PLGLB2",NA
"PLGRKT",0.932019122713178
"PLIN1",NA
"PLIN2",0.970554054764415
"PLIN3",0.0743328825446824
"PLIN4",NA
"PLIN5",NA
"PLK1",NA
"PLK2",NA
"PLK3",NA
"PLK4",NA
"PLK5",NA
"PLLP",0.111594005678885
"PLN",NA
"PLOD1",0.648623810638444
"PLOD2",0.17012815368926
"PLOD3",0.000286654925929814
"PLP1",0.685022978991997
"PLP2",0.56431544416793
"PLPBP",0.785408325299904
"PLPP1",0.874382733219373
"PLPP3",0.940130391103932
"PLPPR4",0.179190793203337
"PLRG1",0.947761046197955
"PLS1",0.977224637338457
"PLS3",0.182629937594488
"PLSCR1",0.00356220501870388
"PLSCR2",NA
"PLSCR3",0.880426510881425
"PLSCR4",0.862960175076315
"PLSCR5",NA
"PLTP",0.995767409543822
"PLVAP",NA
"PLXDC1",NA
"PLXDC2",0.184195227009235
"PLXNA1",0.354577392623288
"PLXNA2",0.190215033791918
"PLXNA3",0.0710492254163735
"PLXNA4",0.785114915114604
"PLXNB1",0.952533843639793
"PLXNB2",0.90649484691544
"PLXNB3",0.540120803281418
"PLXNC1",0.151081258724646
"PLXND1",NA
"PM20D1",NA
"PM20D2",0.72940135916567
"PMAIP1",NA
"PMCH",NA
"PMEL",NA
"PMEPA1",NA
"PMF1",NA
"PMF1-BGLAP",0.218667384406261
"PMFBP1",NA
"PML",0.0101347536494792
"PMM1",0.887611080264536
"PMM2",0.15456520193156
"PMP2",0.0363232246023187
"PMP22",NA
"PMPCA",0.393178267023479
"PMPCB",0.443601262842749
"PMS1",NA
"PMS2",NA
"PMVK",0.909815944119794
"PNCK",NA
"PNISR",0.00351207033178083
"PNKD",NA
"PNKP",0.53664321487979
"PNLDC1",NA
"PNLIP",NA
"PNLIPRP1",NA
"PNLIPRP2",NA
"PNLIPRP3",NA
"PNMA1",0.76814727086813
"PNMA2",0.996539104574209
"PNMA3",NA
"PNMA5",NA
"PNMA6A",NA
"PNMA8B",0.233460375897077
"PNMT",NA
"PNN",0.00330301378535843
"PNO1",NA
"PNOC",NA
"PNP",0.825909288406997
"PNPLA1",NA
"PNPLA2",NA
"PNPLA3",NA
"PNPLA4",NA
"PNPLA5",NA
"PNPLA6",0.0077686986271446
"PNPLA7",NA
"PNPLA8",0.98598391275721
"PNPO",0.398754684570993
"PNPT1",0.5088186000422
"PNRC1",NA
"PNRC2",NA
"POC1A",NA
"POC1B",NA
"POC1B-GALNT4",NA
"POC5",NA
"PODN",NA
"PODNL1",NA
"PODXL",3.80103154174736e-05
"PODXL2",0.472800800666251
"POF1B",NA
"POFUT1",0.00802088821379108
"POFUT2",0.133217831444883
"POGK",NA
"POGLUT1",0.0655534994895764
"POGZ",0.000171919427707483
"POLA1",NA
"POLA2",NA
"POLB",0.00623111450591777
"POLD1",0.00590017480549546
"POLD2",0.00359083670844023
"POLD3",0.548243570191769
"POLD4",NA
"POLDIP2",0.529477708029964
"POLDIP3",0.999806043619441
"POLE",NA
"POLE2",NA
"POLE3",0.954744062249176
"POLE4",NA
"POLG",NA
"POLG2",NA
"POLH",NA
"POLI",0.137635589277238
"POLK",NA
"POLL",NA
"POLM",NA
"POLN",NA
"POLQ",NA
"POLR1A",NA
"POLR1B",0.782787169155435
"POLR1C",0.844885088207347
"POLR1D",0.891195064878892
"POLR1E",NA
"POLR2A",0.0768768730525481
"POLR2B",0.223918604085047
"POLR2C",0.654220344808331
"POLR2D",NA
"POLR2E",0.0699443005159471
"POLR2F",NA
"POLR2G",0.605763976024812
"POLR2H",0.233712274504474
"POLR2I",NA
"POLR2J",NA
"POLR2J2",NA
"POLR2J3",NA
"POLR2K",NA
"POLR2L",0.998990304188963
"POLR2M",NA
"POLR3A",0.0667848000804566
"POLR3B",NA
"POLR3C",0.0456053009167142
"POLR3D",0.673373775384484
"POLR3E",0.895991145241494
"POLR3F",0.00147084048611282
"POLR3G",NA
"POLR3GL",0.109070425839259
"POLR3H",NA
"POLR3K",NA
"POLRMT",NA
"POM121",NA
"POM121C",NA
"POM121L12",NA
"POM121L2",NA
"POMC",NA
"POMGNT1",NA
"POMGNT2",0.290697961911233
"POMK",NA
"POMP",NA
"POMT1",NA
"POMT2",NA
"POMZP3",NA
"PON1",0.0100383526855748
"PON2",0.0736814329558213
"PON3",NA
"POP1",0.0101579768759736
"POP4",NA
"POP5",NA
"POP7",0.595127023031067
"POPDC2",NA
"POPDC3",NA
"POR",0.903187857154672
"PORCN",NA
"POSTN",0.316581551179006
"POT1",NA
"POTEA",NA
"POTEB",NA
"POTEB2",NA
"POTEB3",NA
"POTEC",NA
"POTED",NA
"POTEE",NA
"POTEF",0.0136183946499641
"POTEG",NA
"POTEH",NA
"POTEI",0.942032365526066
"POTEJ",NA
"POTEM",NA
"POU1F1",NA
"POU2AF1",NA
"POU2F1",NA
"POU2F2",NA
"POU2F3",NA
"POU3F1",NA
"POU3F2",NA
"POU3F3",NA
"POU3F4",NA
"POU4F1",NA
"POU4F2",NA
"POU4F3",NA
"POU5F1",NA
"POU5F1B",NA
"POU5F2",NA
"POU6F1",NA
"POU6F2",NA
"PP2D1",NA
"PPA1",0.726619575885757
"PPA2",0.121694858300258
"PPAN",NA
"PPAN-P2RY11",NA
"PPARA",NA
"PPARD",NA
"PPARG",NA
"PPARGC1A",NA
"PPARGC1B",NA
"PPAT",0.36095345008988
"PPBP",0.958290720436479
"PPCDC",0.983718677660505
"PPCS",0.997638265011732
"PPDPF",NA
"PPEF1",NA
"PPEF2",NA
"PPFIA1",0.997301138131216
"PPFIA2",0.968842331831997
"PPFIA3",0.323967760026214
"PPFIA4",NA
"PPFIBP1",0.00107860322438855
"PPFIBP2",0.957201391921253
"PPHLN1",0.0694960504632508
"PPIA",0.964665042298402
"PPIAL4A",NA
"PPIAL4C",NA
"PPIAL4D",NA
"PPIAL4E",NA
"PPIAL4F",NA
"PPIAL4G",NA
"PPIB",0.0210600419042638
"PPIC",0.350691621391917
"PPID",0.0427495746343749
"PPIE",0.196893218401169
"PPIF",0.0332473966116476
"PPIG",0.586359510721006
"PPIH",0.011399553938825
"PPIL1",0.322705053668318
"PPIL2",0.999995609709768
"PPIL3",0.997210294290328
"PPIL4",0.013935540405848
"PPIL6",NA
"PPIP5K1",0.77533037672006
"PPIP5K2",NA
"PPL",0.107075074628081
"PPM1A",0.88799043535776
"PPM1B",0.737927966328713
"PPM1D",NA
"PPM1E",0.00160920017294199
"PPM1F",0.0682213083306471
"PPM1G",0.0151407866160997
"PPM1H",0.311470081429304
"PPM1J",NA
"PPM1K",NA
"PPM1L",0.999523087603815
"PPM1M",NA
"PPM1N",NA
"PPME1",0.00267753622515907
"PPOX",0.0634423337103348
"PPP1CA",0.199722700780795
"PPP1CB",0.979918025623306
"PPP1CC",0.517328599377929
"PPP1R10",0.716146890183414
"PPP1R11",0.97196009889036
"PPP1R12A",0.143724940625213
"PPP1R12B",0.000354550362906065
"PPP1R12C",0.000859054301484105
"PPP1R13B",NA
"PPP1R13L",0.793550456974172
"PPP1R14A",0.995834250363815
"PPP1R14B",0.780542625859263
"PPP1R14C",0.749828165650765
"PPP1R14D",NA
"PPP1R15A",NA
"PPP1R15B",NA
"PPP1R16A",0.998032204252158
"PPP1R16B",NA
"PPP1R17",NA
"PPP1R18",9.18118749321994e-06
"PPP1R1A",NA
"PPP1R1B",0.00174271060387432
"PPP1R1C",NA
"PPP1R2",0.997407649660292
"PPP1R21",0.960576725444472
"PPP1R26",NA
"PPP1R27",NA
"PPP1R32",NA
"PPP1R35",NA
"PPP1R36",NA
"PPP1R37",NA
"PPP1R3A",NA
"PPP1R3B",NA
"PPP1R3C",NA
"PPP1R3D",NA
"PPP1R3E",NA
"PPP1R3F",0.960368497041198
"PPP1R3G",NA
"PPP1R42",NA
"PPP1R7",0.996946987117301
"PPP1R8",0.20608070529028
"PPP1R9A",0.563317258279744
"PPP1R9B",0.864898771365794
"PPP2CA",0.629882273057132
"PPP2CB",0.803132205138689
"PPP2R1A",0.584463666778793
"PPP2R1B",0.981434474786699
"PPP2R2A",0.826101438186786
"PPP2R2B",0.999648830072217
"PPP2R2C",NA
"PPP2R2D",0.53204933694103
"PPP2R3A",NA
"PPP2R3B",NA
"PPP2R3C",NA
"PPP2R5A",0.931984678312451
"PPP2R5B",0.993895200589564
"PPP2R5C",0.697109113705772
"PPP2R5D",0.699167412961834
"PPP2R5E",0.673347493728339
"PPP3CA",0.377797537118172
"PPP3CB",0.0781877744914256
"PPP3CC",0.89556545779386
"PPP3R1",0.463693451591929
"PPP3R2",NA
"PPP4C",0.594717334111968
"PPP4R1",0.121707945477013
"PPP4R2",0.0474957893670278
"PPP4R3A",0.0970177091431698
"PPP4R4",NA
"PPP5C",0.00284955743741648
"PPP5D1",NA
"PPP6C",0.560216167597933
"PPP6R1",0.00322337765260416
"PPP6R2",0.995219601164688
"PPP6R3",0.620827994369657
"PPRC1",NA
"PPT1",0.321187890358828
"PPT2",NA
"PPTC7",0.687558048195721
"PPWD1",0.238024994169366
"PPY",NA
"PQBP1",0.121308214653835
"PRAC1",NA
"PRAC2",NA
"PRADC1",NA
"PRAF2",0.0293827929106093
"PRAM1",NA
"PRAME",NA
"PRAMEF1",NA
"PRAMEF10",NA
"PRAMEF11",NA
"PRAMEF12",NA
"PRAMEF13",NA
"PRAMEF14",NA
"PRAMEF15",NA
"PRAMEF17",NA
"PRAMEF18",NA
"PRAMEF19",NA
"PRAMEF2",NA
"PRAMEF20",NA
"PRAMEF25",NA
"PRAMEF26",NA
"PRAMEF4",NA
"PRAMEF5",NA
"PRAMEF6",NA
"PRAMEF7",NA
"PRAMEF8",NA
"PRAP1",NA
"PRB1",NA
"PRB2",NA
"PRB3",NA
"PRB4",NA
"PRC1",NA
"PRCC",0.0416791108927319
"PRCD",NA
"PRCP",0.973898901589167
"PRDM1",NA
"PRDM10",NA
"PRDM11",NA
"PRDM12",NA
"PRDM13",NA
"PRDM14",NA
"PRDM15",NA
"PRDM16",NA
"PRDM2",NA
"PRDM4",NA
"PRDM5",NA
"PRDM6",NA
"PRDM7",NA
"PRDM8",NA
"PRDM9",NA
"PRDX1",0.35883490347647
"PRDX2",0.948260741976038
"PRDX3",0.166178212637802
"PRDX4",0.300304732298649
"PRDX5",0.00296978671024968
"PRDX6",0.264774589143698
"PREB",0.37138462416647
"PRELID1",NA
"PRELID2",NA
"PRELP",0.990680283802359
"PREP",0.993305362105369
"PREPL",0.670080483144428
"PREX1",0.00644721687980057
"PREX2",0.485185218934966
"PRF1",NA
"PRG2",NA
"PRG3",NA
"PRG4",0.0709553351176944
"PRH1",NA
"PRH2",NA
"PRICKLE1",NA
"PRICKLE2",0.902355226260707
"PRICKLE3",NA
"PRICKLE4",NA
"PRIM1",0.711636164780781
"PRIM2",0.303891718127617
"PRIMA1",NA
"PRIMPOL",NA
"PRKAA1",0.000123802757371359
"PRKAA2",0.988460675882449
"PRKAB1",0.0508043638815667
"PRKAB2",0.170237987433341
"PRKACA",0.209841510223441
"PRKACB",0.380625887788486
"PRKACG",NA
"PRKAG1",0.0199780633944358
"PRKAG2",NA
"PRKAG3",NA
"PRKAR1A",0.517142360870693
"PRKAR1B",0.627655542718388
"PRKAR2A",0.97763337646634
"PRKAR2B",0.104941109820541
"PRKCA",0.214499928012066
"PRKCB",0.957603883534362
"PRKCD",0.323928214949561
"PRKCE",0.830802077804152
"PRKCG",0.420984896000074
"PRKCH",NA
"PRKCI",0.0584577591912192
"PRKCQ",NA
"PRKCSH",0.921468810723177
"PRKCZ",NA
"PRKD1",0.105548214543905
"PRKD2",NA
"PRKD3",NA
"PRKDC",0.504502089698319
"PRKG1",0.285302147156298
"PRKG2",NA
"PRKRA",0.00387169712734046
"PRKRIP1",0.425197082326034
"PRKX",NA
"PRL",NA
"PRLH",NA
"PRLHR",NA
"PRLR",0.816120259005918
"PRM1",NA
"PRM2",NA
"PRM3",NA
"PRMT1",0.539487621369305
"PRMT2",0.181894513938601
"PRMT3",0.421921240947905
"PRMT5",0.325661334516083
"PRMT6",0.00639565231628936
"PRMT7",NA
"PRMT8",NA
"PRMT9",NA
"PRND",NA
"PRNP",0.200560791640937
"PROB1",NA
"PROC",0.178901639988956
"PROCA1",NA
"PROCR",NA
"PRODH",0.305635830229318
"PRODH2",NA
"PROK1",NA
"PROK2",NA
"PROKR1",NA
"PROKR2",NA
"PROM1",NA
"PROM2",NA
"PROP1",NA
"PRORY",NA
"PROS1",0.0537330186314606
"PROSER1",NA
"PROSER2",NA
"PROSER3",NA
"PROX1",NA
"PROX2",NA
"PROZ",0.16352468220623
"PRPF18",NA
"PRPF19",0.022499125557846
"PRPF3",0.866219073049489
"PRPF31",0.39853601012405
"PRPF38A",0.0837622272704618
"PRPF38B",0.82473819635283
"PRPF39",0.543400272918448
"PRPF4",0.011129163858336
"PRPF40A",0.0177090294670231
"PRPF40B",0.122034070389568
"PRPF4B",0.0881842124238657
"PRPF6",0.0680928347080854
"PRPF8",0.055955559363187
"PRPH",0.997195731147689
"PRPH2",NA
"PRPS1",0.000251482854245823
"PRPS1L1",NA
"PRPS2",0.857597886849466
"PRPSAP1",0.0149549331627669
"PRPSAP2",0.000110310763640739
"PRR11",NA
"PRR12",NA
"PRR13",NA
"PRR14",NA
"PRR14L",NA
"PRR15",NA
"PRR15L",NA
"PRR16",NA
"PRR18",NA
"PRR19",NA
"PRR20A",NA
"PRR20B",NA
"PRR20C",NA
"PRR20D",NA
"PRR20E",NA
"PRR21",NA
"PRR22",NA
"PRR23A",NA
"PRR23B",NA
"PRR23C",NA
"PRR23D1",NA
"PRR23D2",NA
"PRR25",NA
"PRR26",NA
"PRR27",NA
"PRR29",NA
"PRR3",NA
"PRR30",NA
"PRR32",NA
"PRR33",NA
"PRR34",NA
"PRR35",NA
"PRR36",0.270631287688074
"PRR4",NA
"PRR5",NA
"PRR5-ARHGAP8",NA
"PRR5L",NA
"PRR7",NA
"PRR9",NA
"PRRC1",0.849290002969063
"PRRC2A",0.999995010403588
"PRRC2B",0.955426898137448
"PRRC2C",0.990471630810122
"PRRG1",NA
"PRRG2",NA
"PRRG3",NA
"PRRG4",NA
"PRRT1",NA
"PRRT2",0.110034708767948
"PRRT3",0.954864422613911
"PRRT4",NA
"PRRX1",NA
"PRRX2",NA
"PRSS1",NA
"PRSS12",NA
"PRSS16",NA
"PRSS2",NA
"PRSS21",NA
"PRSS22",NA
"PRSS23",NA
"PRSS27",NA
"PRSS3",NA
"PRSS33",NA
"PRSS35",NA
"PRSS36",NA
"PRSS37",NA
"PRSS38",NA
"PRSS41",NA
"PRSS48",NA
"PRSS50",NA
"PRSS51",NA
"PRSS53",NA
"PRSS54",NA
"PRSS55",NA
"PRSS56",NA
"PRSS57",NA
"PRSS58",NA
"PRSS8",NA
"PRTFDC1",0.996904009788342
"PRTG",NA
"PRTN3",0.852921791740129
"PRUNE1",0.00156293485779176
"PRUNE2",0.0121445842132611
"PRX",NA
"PRY",NA
"PRY2",NA
"PSAP",0.174632520293972
"PSAPL1",NA
"PSAT1",0.4687948049697
"PSCA",NA
"PSD",NA
"PSD2",0.0584026094567964
"PSD3",0.369202642829806
"PSD4",NA
"PSEN1",0.287132883680339
"PSEN2",NA
"PSENEN",NA
"PSG1",NA
"PSG11",NA
"PSG2",NA
"PSG3",NA
"PSG4",NA
"PSG5",NA
"PSG6",NA
"PSG7",NA
"PSG8",NA
"PSG9",NA
"PSIP1",0.241347341484815
"PSKH1",NA
"PSKH2",NA
"PSMA1",0.759412226399932
"PSMA2",0.576543433342752
"PSMA3",0.934408067156501
"PSMA4",0.733217294635234
"PSMA5",0.921501032881725
"PSMA6",0.821572910714424
"PSMA7",0.752163242338813
"PSMA8",NA
"PSMB1",0.722324081428973
"PSMB10",1.58795448514494e-09
"PSMB11",NA
"PSMB2",0.900557987669968
"PSMB3",0.706905626721179
"PSMB4",0.953378548637245
"PSMB5",5.54981430710232e-06
"PSMB6",0.00162759964456314
"PSMB7",0.00898226869542268
"PSMB8",2.18260489850712e-08
"PSMB9",0.00361283198422444
"PSMC1",0.886459282256449
"PSMC2",0.634013662688167
"PSMC3",0.338929288838875
"PSMC3IP",NA
"PSMC4",0.589371159428105
"PSMC5",0.525732159439776
"PSMC6",0.17438328888959
"PSMD1",0.625187332735206
"PSMD10",0.718871829695864
"PSMD11",0.30945846941833
"PSMD12",0.756524788676465
"PSMD13",0.554867962219069
"PSMD14",0.609331987310889
"PSMD2",0.499405474158652
"PSMD3",0.372356987968956
"PSMD4",0.594903945564188
"PSMD5",0.860086451271206
"PSMD6",0.746964467412757
"PSMD7",0.473513673700562
"PSMD8",0.552799195476908
"PSMD9",0.990489733722632
"PSME1",0.0843527038835688
"PSME2",0.0210155323409051
"PSME3",0.996190448941225
"PSME4",0.656055584129696
"PSMF1",0.935019101022963
"PSMG1",0.292157785624786
"PSMG2",0.227915295189032
"PSMG3",0.833188294726053
"PSMG4",0.994990607447946
"PSORS1C1",NA
"PSORS1C2",NA
"PSPC1",0.0053998214983272
"PSPH",0.869682280264109
"PSPN",NA
"PSRC1",NA
"PSTK",NA
"PSTPIP1",5.68816019999061e-05
"PSTPIP2",0.993364325972943
"PTAFR",NA
"PTAR1",0.036702920161858
"PTBP1",0.821541498418223
"PTBP2",0.0191582631937744
"PTBP3",0.980731883006076
"PTCD1",NA
"PTCD2",NA
"PTCD3",0.999989225868965
"PTCH1",NA
"PTCH2",NA
"PTCHD1",NA
"PTCHD3",NA
"PTCHD4",NA
"PTCRA",NA
"PTDSS1",NA
"PTDSS2",0.356009285389663
"PTEN",0.984175549343093
"PTER",0.828470797804814
"PTF1A",NA
"PTGDR",NA
"PTGDR2",NA
"PTGDS",0.656533429145174
"PTGER1",NA
"PTGER2",NA
"PTGER3",NA
"PTGER4",NA
"PTGES",NA
"PTGES2",0.993198314616354
"PTGES3",0.0560390205920969
"PTGES3L",NA
"PTGES3L-AARSD1",NA
"PTGFR",NA
"PTGFRN",0.0143253095360069
"PTGIR",NA
"PTGIS",0.0355986069091018
"PTGR1",0.990327065442285
"PTGR2",0.734519673559881
"PTGS1",1.03147020604494e-07
"PTGS2",NA
"PTH",NA
"PTH1R",NA
"PTH2",NA
"PTH2R",NA
"PTHLH",NA
"PTK2",0.999994207162571
"PTK2B",0.864238148446249
"PTK6",NA
"PTK7",0.558760440630098
"PTMA",0.00199308578827529
"PTMS",0.0320683748656959
"PTN",0.252650057831269
"PTOV1",NA
"PTP4A1",0.980193569343335
"PTP4A2",0.996404542569038
"PTP4A3",NA
"PTPA",0.893294660787195
"PTPDC1",NA
"PTPMT1",0.762035484985344
"PTPN1",0.000648286766025189
"PTPN11",0.986172762762829
"PTPN12",0.000205231488949199
"PTPN13",0.0761950355571524
"PTPN14",NA
"PTPN18",NA
"PTPN2",0.00637031507642922
"PTPN20",NA
"PTPN21",NA
"PTPN22",NA
"PTPN23",0.402213898749192
"PTPN3",NA
"PTPN4",NA
"PTPN5",NA
"PTPN6",2.29961514338087e-05
"PTPN7",NA
"PTPN9",0.000295036894659742
"PTPRA",0.71824761568847
"PTPRB",NA
"PTPRC",1.11331404655745e-10
"PTPRCAP",NA
"PTPRD",0.917840619870646
"PTPRE",1.25411906970981e-05
"PTPRF",0.23812329773094
"PTPRG",0.862822175068156
"PTPRH",NA
"PTPRJ",0.000241079689676635
"PTPRK",NA
"PTPRM",0.217147822957967
"PTPRN",NA
"PTPRN2",NA
"PTPRO",0.088424021763595
"PTPRQ",NA
"PTPRR",NA
"PTPRS",0.00706307066153878
"PTPRT",NA
"PTPRU",NA
"PTPRZ1",0.595284436604621
"PTRH1",0.082333497203361
"PTRH2",0.201544040645025
"PTRHD1",0.704368939161313
"PTS",0.696072591980597
"PTTG1",NA
"PTTG1IP",NA
"PTTG2",NA
"PTX3",0.245259846611249
"PTX4",NA
"PUDP",0.249904045217433
"PUF60",0.000483326542176718
"PUM1",0.000319028887877303
"PUM2",0.990082672516144
"PURA",0.999666620292326
"PURB",0.420857505020421
"PURG",NA
"PUS1",0.892045983228653
"PUS10",NA
"PUS3",NA
"PUS7",0.176946646783898
"PUS7L",NA
"PUSL1",NA
"PVALB",0.0389241318967574
"PVR",0.0216454879861302
"PVRIG",NA
"PWP1",0.799699106743362
"PWP2",0.998793011595769
"PWWP2A",NA
"PWWP2B",NA
"PXDC1",NA
"PXDN",0.979667925577954
"PXDNL",NA
"PXK",0.582974922025529
"PXMP2",NA
"PXMP4",NA
"PXN",0.0170891969004515
"PXT1",NA
"PXYLP1",NA
"PYCARD",4.55737567999486e-06
"PYCR1",0.238876629411722
"PYCR2",0.54517154531126
"PYCR3",0.142612830893489
"PYDC1",NA
"PYDC2",NA
"PYGB",0.961533753329549
"PYGL",7.49340772242049e-06
"PYGM",0.000758190052103163
"PYGO1",NA
"PYGO2",NA
"PYHIN1",NA
"PYM1",0.992810007915065
"PYROXD1",NA
"PYROXD2",NA
"PYURF",NA
"PYY",NA
"PZP",0.893739581640494
"QARS",0.129864573365373
"QDPR",0.977137638017544
"QKI",0.0844025013698202
"QPCT",NA
"QPCTL",0.98047922283706
"QPRT",0.930606726052945
"QRFP",NA
"QRFPR",NA
"QRICH1",0.577800684349522
"QRICH2",NA
"QRSL1",0.830346086491711
"QSER1",0.00269573740708568
"QSOX1",0.0051404890136789
"QSOX2",0.476662817883332
"QTRT1",0.354912679316152
"QTRT2",0.854244467099352
"R3HCC1",NA
"R3HCC1L",NA
"R3HDM1",NA
"R3HDM2",NA
"R3HDM4",NA
"R3HDML",NA
"RAB10",0.505100671424597
"RAB11A",0.996418729629788
"RAB11B",0.905418758022284
"RAB11FIP1",NA
"RAB11FIP2",NA
"RAB11FIP3",NA
"RAB11FIP4",NA
"RAB11FIP5",0.923226193052507
"RAB12",0.611018162630335
"RAB13",3.58307191381876e-05
"RAB14",0.883322850310233
"RAB15",NA
"RAB17",NA
"RAB18",0.298532161345501
"RAB19",NA
"RAB1A",0.820278292500247
"RAB1B",0.0297392297848266
"RAB20",NA
"RAB21",0.0634493467891915
"RAB22A",0.914366231675031
"RAB23",0.67838398721062
"RAB24",0.982713710518603
"RAB25",NA
"RAB26",NA
"RAB27A",0.493227400204824
"RAB27B",0.693304480794155
"RAB28",0.693765095783536
"RAB29",0.00685656087435658
"RAB2A",0.919104271189579
"RAB2B",0.319740731692815
"RAB30",0.700995162666635
"RAB31",0.000544960706122625
"RAB32",0.00102889288591785
"RAB33A",0.994156281094222
"RAB33B",0.77110763589344
"RAB34",0.0481019907272981
"RAB35",0.955051429793254
"RAB36",NA
"RAB37",NA
"RAB38",NA
"RAB39A",NA
"RAB39B",0.988134952010186
"RAB3A",0.262390532746535
"RAB3B",0.0579661703279124
"RAB3C",0.867730342077446
"RAB3D",NA
"RAB3GAP1",0.325631231433836
"RAB3GAP2",0.365075965685645
"RAB3IL1",NA
"RAB3IP",0.0137527118504996
"RAB40A",NA
"RAB40AL",NA
"RAB40B",NA
"RAB40C",NA
"RAB41",NA
"RAB42",NA
"RAB43",NA
"RAB44",NA
"RAB4A",0.935733089246714
"RAB4B",0.0254120763387809
"RAB5A",0.0121898613179938
"RAB5B",0.826060240210814
"RAB5C",0.0085161372044819
"RAB6A",0.605996047853356
"RAB6B",0.807146951473603
"RAB6C",NA
"RAB6D",0.0472491305940961
"RAB7A",0.108917929045605
"RAB7B",NA
"RAB8A",0.731064430661517
"RAB8B",0.128903126326036
"RAB9A",0.0213366005121976
"RAB9B",0.861757798721517
"RABAC1",NA
"RABEP1",0.85426401025155
"RABEP2",0.0260480654165544
"RABEPK",0.999384946898547
"RABGAP1",0.999632416631132
"RABGAP1L",0.870158721700032
"RABGEF1",0.40061787906312
"RABGGTA",0.46719677667464
"RABGGTB",0.446893323289547
"RABIF",0.946272192220626
"RABL2A",NA
"RABL2B",0.00228609489289434
"RABL3",0.991762859231213
"RABL6",0.999724504113022
"RAC1",0.784833468790713
"RAC2",0.00310471584578489
"RAC3",0.998966700410292
"RACGAP1",NA
"RACK1",0.960795613372146
"RAD1",NA
"RAD17",NA
"RAD18",NA
"RAD21",0.0109873958926695
"RAD21L1",NA
"RAD23A",0.904303005656255
"RAD23B",0.327116308930652
"RAD50",0.0588827420647618
"RAD51",NA
"RAD51AP1",NA
"RAD51AP2",NA
"RAD51B",NA
"RAD51C",NA
"RAD51D",NA
"RAD52",NA
"RAD54B",NA
"RAD54L",NA
"RAD54L2",NA
"RAD9A",NA
"RAD9B",NA
"RADIL",NA
"RAE1",0.00804023114215029
"RAET1E",NA
"RAET1G",NA
"RAET1L",NA
"RAF1",0.690247611397844
"RAG1",NA
"RAG2",NA
"RAI1",NA
"RAI14",0.412354131854951
"RAI2",NA
"RALA",0.979057653729361
"RALB",0.0431622481518925
"RALBP1",0.991790704595631
"RALGAPA1",0.251254230840629
"RALGAPA2",NA
"RALGAPB",0.172935188968239
"RALGDS",NA
"RALGPS1",NA
"RALGPS2",NA
"RALY",0.473846443660721
"RALYL",0.182343216763663
"RAMP1",NA
"RAMP2",NA
"RAMP3",NA
"RAN",0.0011983505690384
"RANBP1",0.0404566056291864
"RANBP10",0.979594851410496
"RANBP17",NA
"RANBP2",0.30064057453736
"RANBP3",0.237006011032227
"RANBP3L",NA
"RANBP6",0.459712776438452
"RANBP9",0.667405077475135
"RANGAP1",0.363774439417875
"RANGRF",NA
"RAP1A",0.0111819363825219
"RAP1B",0.190861815587399
"RAP1GAP",0.843623834216537
"RAP1GAP2",0.249836854877728
"RAP1GDS1",0.770335811743171
"RAP2A",0.992039724121128
"RAP2B",0.839532071968647
"RAP2C",0.0654042544819625
"RAPGEF1",0.997941259748018
"RAPGEF2",0.947851747713728
"RAPGEF3",NA
"RAPGEF4",0.992894457467238
"RAPGEF5",NA
"RAPGEF6",NA
"RAPGEFL1",NA
"RAPH1",0.0106399863760947
"RAPSN",NA
"RARA",NA
"RARB",NA
"RARG",NA
"RARRES1",NA
"RARRES2",0.651756687452215
"RARS",0.944368510867385
"RARS2",0.954136334562243
"RASA1",0.96732671646147
"RASA2",0.99457423991902
"RASA3",0.073157197126906
"RASA4",0.603095669720965
"RASA4B",NA
"RASAL1",0.300414563057431
"RASAL2",NA
"RASAL3",NA
"RASD1",NA
"RASD2",NA
"RASEF",NA
"RASGEF1A",NA
"RASGEF1B",NA
"RASGEF1C",NA
"RASGRF1",NA
"RASGRF2",NA
"RASGRP1",NA
"RASGRP2",NA
"RASGRP3",NA
"RASGRP4",NA
"RASIP1",NA
"RASL10A",NA
"RASL10B",NA
"RASL11A",NA
"RASL11B",NA
"RASL12",NA
"RASSF1",NA
"RASSF10",NA
"RASSF2",0.0391668026356304
"RASSF3",NA
"RASSF4",0.815422994382605
"RASSF5",NA
"RASSF6",NA
"RASSF7",NA
"RASSF8",NA
"RASSF9",NA
"RAVER1",0.28036343047595
"RAVER2",NA
"RAX",NA
"RAX2",NA
"RB1",0.554018836866387
"RB1CC1",0.999873888807793
"RBAK",NA
"RBAK-RBAKDN",NA
"RBBP4",0.0118192657862643
"RBBP5",0.0484114451762024
"RBBP6",0.205079470900033
"RBBP7",0.624423006860201
"RBBP8",NA
"RBBP8NL",NA
"RBBP9",0.660249769057163
"RBCK1",0.00152613148169584
"RBFA",NA
"RBFOX1",NA
"RBFOX2",0.538692507531625
"RBFOX3",NA
"RBKS",0.0581054099277132
"RBL1",NA
"RBL2",NA
"RBM10",0.0675174005625578
"RBM11",NA
"RBM12",0.0246727300397068
"RBM12B",0.0151561819434405
"RBM14",0.0141390511988404
"RBM14-RBM4",NA
"RBM15",0.997598086104894
"RBM15B",NA
"RBM17",0.000970219357208615
"RBM18",NA
"RBM19",NA
"RBM20",NA
"RBM22",0.128349118709805
"RBM23",NA
"RBM24",NA
"RBM25",0.0237212300791564
"RBM26",0.364492522362912
"RBM27",0.466025877183183
"RBM28",NA
"RBM3",0.982668361706301
"RBM33",0.982938994454193
"RBM34",NA
"RBM38",NA
"RBM39",0.046039448305302
"RBM4",0.00655797698004286
"RBM41",NA
"RBM42",0.0726256568762684
"RBM43",NA
"RBM44",NA
"RBM45",0.618596848313346
"RBM46",NA
"RBM47",NA
"RBM48",NA
"RBM4B",0.111571738202451
"RBM5",0.401157841462592
"RBM6",0.078851226372311
"RBM7",0.950002935812366
"RBM8A",0.0372742712036081
"RBMS1",0.0450009652685247
"RBMS2",NA
"RBMS3",NA
"RBMX",0.203144751116219
"RBMX2",NA
"RBMXL1",0.901759320812991
"RBMXL2",NA
"RBMXL3",NA
"RBMY1A1",NA
"RBMY1B",NA
"RBMY1D",NA
"RBMY1E",NA
"RBMY1F",NA
"RBMY1J",NA
"RBP1",0.468221571351337
"RBP2",NA
"RBP3",NA
"RBP4",0.0120461751842877
"RBP5",NA
"RBP7",NA
"RBPJ",0.964988700590885
"RBPJL",NA
"RBPMS",NA
"RBPMS2",NA
"RBSN",0.950811632346765
"RBX1",0.348809257906572
"RC3H1",NA
"RC3H2",NA
"RCAN1",0.662790833600417
"RCAN2",NA
"RCAN3",NA
"RCBTB1",NA
"RCBTB2",0.985314181903132
"RCC1",0.216324989353524
"RCC1L",0.802347188980748
"RCC2",0.321221359403312
"RCCD1",NA
"RCE1",NA
"RCHY1",0.139952582841292
"RCL1",NA
"RCN1",0.995545778134657
"RCN2",0.113621708684718
"RCN3",0.489896351295443
"RCOR1",0.161239542866801
"RCOR2",0.00386825197013268
"RCOR3",0.000121828427486887
"RCSD1",2.68963414438066e-07
"RCVRN",NA
"RD3",NA
"RD3L",NA
"RDH10",0.758728851627453
"RDH11",0.00585783306575549
"RDH12",NA
"RDH13",0.391924486596096
"RDH14",0.979217143397424
"RDH16",NA
"RDH5",NA
"RDH8",NA
"RDM1",NA
"RDX",0.941199526252907
"REC114",NA
"REC8",NA
"RECK",NA
"RECQL",0.772191319920571
"RECQL4",NA
"RECQL5",NA
"REEP1",NA
"REEP2",0.999478933796909
"REEP3",NA
"REEP4",NA
"REEP5",0.919021916384484
"REEP6",0.775599006349174
"REG1A",NA
"REG1B",NA
"REG3A",NA
"REG3G",NA
"REG4",NA
"REL",0.985976123043375
"RELA",0.101097112051492
"RELB",NA
"RELCH",0.984696008222821
"RELL1",0.0411348922649908
"RELL2",NA
"RELN",0.0372656731879543
"RELT",NA
"REM1",NA
"REM2",NA
"REN",NA
"RENBP",0.0453541037228188
"REP15",NA
"REPIN1",NA
"REPS1",0.980744373032248
"REPS2",NA
"RER1",0.152169890648195
"RERE",NA
"RERG",NA
"RERGL",NA
"RESP18",NA
"REST",NA
"RET",NA
"RETN",NA
"RETNLB",NA
"RETREG2",0.997854331430246
"RETREG3",0.985941988242887
"RETSAT",0.0026773427159095
"REV1",NA
"REV3L",NA
"REXO1",NA
"REXO2",0.0689034870382324
"REXO4",NA
"RFC1",0.800588471863236
"RFC2",0.0814680018664877
"RFC3",0.0936539714647898
"RFC4",0.0249853119865615
"RFC5",0.115301121931692
"RFESD",NA
"RFFL",NA
"RFK",0.967761081027479
"RFNG",NA
"RFPL1",NA
"RFPL2",NA
"RFPL3",NA
"RFPL4A",NA
"RFPL4AL1",NA
"RFPL4B",NA
"RFT1",NA
"RFTN1",0.0387801676835327
"RFTN2",0.789272146899337
"RFWD3",NA
"RFX1",NA
"RFX2",NA
"RFX3",NA
"RFX4",NA
"RFX5",0.453377348835991
"RFX6",NA
"RFX7",NA
"RFX8",NA
"RFXANK",NA
"RFXAP",NA
"RGCC",NA
"RGL1",NA
"RGL2",0.557300442690008
"RGL3",NA
"RGL4",NA
"RGMA",0.712677872803801
"RGMB",NA
"RGN",0.601252867971638
"RGP1",NA
"RGPD1",NA
"RGPD2",NA
"RGPD3",NA
"RGPD4",0.999072441637887
"RGPD5",NA
"RGPD6",NA
"RGPD8",NA
"RGR",NA
"RGS1",NA
"RGS10",5.34736362069439e-06
"RGS11",NA
"RGS12",NA
"RGS13",NA
"RGS14",NA
"RGS16",NA
"RGS17",NA
"RGS18",NA
"RGS19",NA
"RGS2",NA
"RGS20",0.838219122404701
"RGS21",NA
"RGS22",NA
"RGS3",NA
"RGS4",NA
"RGS5",NA
"RGS6",0.974371768421445
"RGS7",0.423389473363868
"RGS7BP",NA
"RGS8",NA
"RGS9",NA
"RGS9BP",NA
"RGSL1",NA
"RHAG",NA
"RHBDD1",NA
"RHBDD2",NA
"RHBDD3",NA
"RHBDF1",0.00353249124038602
"RHBDF2",NA
"RHBDL1",NA
"RHBDL2",NA
"RHBDL3",NA
"RHBG",NA
"RHCE",NA
"RHCG",NA
"RHD",NA
"RHEB",0.140786991732825
"RHEBL1",NA
"RHNO1",NA
"RHO",NA
"RHOA",0.173257096086331
"RHOB",0.643296690507175
"RHOBTB1",NA
"RHOBTB2",NA
"RHOBTB3",NA
"RHOC",0.0242534707287216
"RHOD",NA
"RHOF",NA
"RHOG",2.33865824605014e-06
"RHOH",NA
"RHOJ",0.607931319240009
"RHOQ",0.30495006584488
"RHOT1",0.392963122112335
"RHOT2",0.559163556479346
"RHOU",NA
"RHOV",NA
"RHOXF1",NA
"RHOXF2",NA
"RHOXF2B",NA
"RHPN1",NA
"RHPN2",0.133013765444219
"RIBC1",NA
"RIBC2",NA
"RIC1",NA
"RIC3",NA
"RIC8A",0.466960668537656
"RIC8B",NA
"RICTOR",NA
"RIDA",0.0512725579807611
"RIF1",NA
"RIIAD1",NA
"RILP",NA
"RILPL1",0.323069476635078
"RILPL2",NA
"RIMBP2",NA
"RIMBP3",NA
"RIMBP3B",NA
"RIMBP3C",NA
"RIMKLA",NA
"RIMKLB",NA
"RIMS1",0.719168144938846
"RIMS2",NA
"RIMS3",0.994563499758474
"RIMS4",NA
"RIN1",0.0611414134186422
"RIN2",0.72156132026617
"RIN3",NA
"RING1",0.528208853739945
"RINL",NA
"RINT1",0.0983916468533154
"RIOK1",NA
"RIOK2",NA
"RIOK3",NA
"RIOX1",0.101610562371076
"RIOX2",4.62815652047151e-07
"RIPK1",0.00124369842699614
"RIPK2",0.898061812958495
"RIPK3",NA
"RIPK4",NA
"RIPOR1",0.592816991221359
"RIPPLY1",NA
"RIPPLY2",NA
"RIPPLY3",NA
"RIT1",NA
"RIT2",NA
"RITA1",NA
"RLBP1",0.948607274989273
"RLF",NA
"RLIM",NA
"RLN1",NA
"RLN2",NA
"RLN3",NA
"RMC1",0.964973899701256
"RMDN1",0.368111104368202
"RMDN2",NA
"RMDN3",0.317638652902797
"RMI1",NA
"RMI2",NA
"RMND1",NA
"RMND5A",0.0538748408456973
"RMND5B",NA
"RNASE1",NA
"RNASE10",NA
"RNASE11",NA
"RNASE12",NA
"RNASE13",NA
"RNASE2",NA
"RNASE3",NA
"RNASE4",NA
"RNASE6",NA
"RNASE7",NA
"RNASE8",NA
"RNASE9",NA
"RNASEH1",NA
"RNASEH2A",0.196232271689776
"RNASEH2B",0.999152980861035
"RNASEH2C",0.84788355973748
"RNASEK",NA
"RNASEL",0.0555704987397196
"RNASET2",0.160525248674157
"RND1",NA
"RND2",0.997761104833435
"RND3",NA
"RNF10",NA
"RNF103",NA
"RNF103-CHMP3",NA
"RNF11",NA
"RNF111",NA
"RNF112",NA
"RNF113A",0.0616819473964162
"RNF113B",NA
"RNF114",0.515122154696849
"RNF115",NA
"RNF121",NA
"RNF122",NA
"RNF123",0.682417757309394
"RNF125",NA
"RNF126",0.11472948777572
"RNF128",NA
"RNF13",0.147838135100336
"RNF130",NA
"RNF133",NA
"RNF135",NA
"RNF138",NA
"RNF139",NA
"RNF14",0.672188917733309
"RNF141",NA
"RNF144A",NA
"RNF144B",NA
"RNF145",NA
"RNF146",NA
"RNF148",NA
"RNF149",NA
"RNF150",NA
"RNF151",NA
"RNF152",NA
"RNF157",NA
"RNF165",NA
"RNF166",NA
"RNF167",NA
"RNF168",NA
"RNF169",NA
"RNF17",NA
"RNF170",NA
"RNF175",NA
"RNF180",NA
"RNF181",NA
"RNF182",NA
"RNF183",NA
"RNF185",NA
"RNF186",NA
"RNF187",NA
"RNF19A",NA
"RNF19B",NA
"RNF2",0.0434120136715033
"RNF20",0.22198747157564
"RNF207",NA
"RNF208",NA
"RNF212",NA
"RNF212B",NA
"RNF213",0.000992863059728726
"RNF214",0.58837755871484
"RNF215",NA
"RNF216",NA
"RNF217",NA
"RNF219",NA
"RNF220",0.890354113738994
"RNF222",NA
"RNF223",NA
"RNF224",NA
"RNF225",NA
"RNF24",NA
"RNF25",0.883928129485779
"RNF26",NA
"RNF31",0.517056278845488
"RNF32",NA
"RNF34",NA
"RNF38",NA
"RNF39",NA
"RNF4",NA
"RNF40",0.358257051622107
"RNF41",NA
"RNF43",NA
"RNF44",NA
"RNF5",NA
"RNF6",NA
"RNF7",0.497585373093342
"RNF8",NA
"RNFT1",NA
"RNFT2",NA
"RNGTT",0.0614199323960199
"RNH1",0.848447598031538
"RNLS",NA
"RNMT",0.204182594334405
"RNPC3",NA
"RNPEP",0.994106463179397
"RNPEPL1",NA
"RNPS1",0.00498218564726019
"ROBO1",0.164610276882816
"ROBO2",NA
"ROBO3",NA
"ROBO4",NA
"ROCK1",0.000415067357503436
"ROCK2",0.801122959986168
"ROGDI",0.261968118015483
"ROM1",NA
"ROMO1",0.139642157453266
"ROPN1",NA
"ROPN1B",NA
"ROPN1L",NA
"ROR1",NA
"ROR2",0.00219801825379771
"RORA",NA
"RORB",NA
"RORC",NA
"ROS1",NA
"RP1",NA
"RP1L1",NA
"RP2",0.999872455654807
"RP9",NA
"RPA1",0.0179659824479746
"RPA2",0.00148811792326105
"RPA3",0.319231036027872
"RPA4",NA
"RPAIN",NA
"RPAP1",0.978121487305756
"RPAP2",NA
"RPAP3",0.00219709945738697
"RPE",0.999450796719419
"RPE65",NA
"RPEL1",NA
"RPF1",NA
"RPF2",NA
"RPGR",NA
"RPGRIP1",NA
"RPGRIP1L",NA
"RPH3A",0.320816394452895
"RPH3AL",NA
"RPIA",0.915794586198424
"RPL10",0.970221820055645
"RPL10A",0.985179020135493
"RPL10L",NA
"RPL11",0.797775085712861
"RPL12",0.911231685598596
"RPL13",0.897472790671232
"RPL13A",0.998778807255097
"RPL14",0.905270634723845
"RPL15",0.875048465530046
"RPL17",0.98763435984315
"RPL18",0.986992415397939
"RPL18A",0.995147539577799
"RPL19",0.779902937497162
"RPL21",0.988614604571573
"RPL22",0.900926569162007
"RPL22L1",NA
"RPL23",0.998812151655617
"RPL23A",0.923789228153174
"RPL24",0.968473348235115
"RPL26",0.999522056548652
"RPL26L1",NA
"RPL27",0.964926638209567
"RPL27A",0.986968567858727
"RPL28",0.999967068886116
"RPL29",0.846802848404515
"RPL3",0.963380505327164
"RPL30",0.994630652334362
"RPL31",0.98667379783007
"RPL32",0.767011860521378
"RPL34",0.807670630877669
"RPL35",0.724762482389448
"RPL35A",0.998868554011524
"RPL36",0.999942775613018
"RPL36A",NA
"RPL36A-HNRNPH2",0.998386670361767
"RPL36AL",NA
"RPL37",0.990507733126282
"RPL37A",0.826794260882758
"RPL38",0.951015542486443
"RPL39",NA
"RPL39L",NA
"RPL3L",NA
"RPL4",0.62084062883111
"RPL41",NA
"RPL5",0.980514094434644
"RPL6",0.843757075944699
"RPL7",0.977293924936442
"RPL7A",0.955414099792191
"RPL7L1",NA
"RPL8",0.976006046988473
"RPL9",0.975654653645547
"RPLP0",0.997234725187548
"RPLP1",0.909728243010457
"RPLP2",0.979906712971515
"RPN1",0.154836113911016
"RPN2",0.570698954369917
"RPP14",NA
"RPP21",NA
"RPP25",NA
"RPP25L",NA
"RPP30",0.145423547323348
"RPP38",NA
"RPP40",0.532820265553821
"RPRD1A",0.000327852100838411
"RPRD1B",0.00406308792991352
"RPRD2",0.0063008402473891
"RPRM",NA
"RPRML",NA
"RPS10",0.996153238993337
"RPS10-NUDT3",NA
"RPS11",0.889114910610716
"RPS12",0.999965820510729
"RPS13",0.955972105762318
"RPS14",0.991708508820296
"RPS15",0.997499130263026
"RPS15A",0.835428472731258
"RPS16",0.469458168274292
"RPS17",0.962216533138673
"RPS18",0.988809454871807
"RPS19",0.938465772216847
"RPS19BP1",NA
"RPS2",0.997764552858961
"RPS20",0.997655379666074
"RPS21",0.935258019488965
"RPS23",0.868517195657713
"RPS24",0.999982961752748
"RPS25",0.979681020040683
"RPS26",0.880231814179255
"RPS27",0.919000995029541
"RPS27A",0.81764065842015
"RPS27L",NA
"RPS28",0.971784655933429
"RPS29",0.611481597927442
"RPS3",0.99408885608239
"RPS3A",0.963398622221426
"RPS4X",0.856139003580031
"RPS4Y1",NA
"RPS4Y2",NA
"RPS5",0.890599754751564
"RPS6",0.978118599217831
"RPS6KA1",0.200447771088897
"RPS6KA2",0.283586468593118
"RPS6KA3",0.000122379655106047
"RPS6KA4",NA
"RPS6KA5",8.62843892189583e-05
"RPS6KA6",NA
"RPS6KB1",0.982344018583443
"RPS6KB2",NA
"RPS6KC1",0.00864562857012615
"RPS6KL1",NA
"RPS7",0.95465131788392
"RPS8",0.832508844115968
"RPS9",0.999650072174163
"RPSA",0.982268450917036
"RPSAP58",NA
"RPTN",NA
"RPTOR",0.953786034960519
"RPUSD1",NA
"RPUSD2",NA
"RPUSD3",NA
"RPUSD4",NA
"RRAD",0.842898768312016
"RRAGA",0.968206566529577
"RRAGB",NA
"RRAGC",0.857107480942991
"RRAGD",0.835587258223065
"RRAS",0.174550173676733
"RRAS2",0.878467048262955
"RRBP1",0.000636215447353896
"RREB1",NA
"RRH",NA
"RRM1",0.280544471655747
"RRM2",0.137404056427149
"RRM2B",0.00410444804222065
"RRN3",NA
"RRNAD1",NA
"RRP1",NA
"RRP12",0.996814404873732
"RRP15",NA
"RRP1B",0.994587809757898
"RRP36",NA
"RRP7A",NA
"RRP8",NA
"RRP9",0.421151715659902
"RRS1",0.952520287822935
"RS1",NA
"RSAD1",NA
"RSAD2",NA
"RSBN1",0.0011777619727622
"RSBN1L",0.972696527680469
"RSC1A1",NA
"RSF1",0.00294408479367942
"RSL1D1",0.848922893513649
"RSL24D1",NA
"RSPH1",0.989209760948913
"RSPH10B",NA
"RSPH10B2",NA
"RSPH14",NA
"RSPH3",NA
"RSPH4A",0.987918824547424
"RSPH6A",NA
"RSPH9",NA
"RSPO1",NA
"RSPO2",NA
"RSPO3",NA
"RSPO4",NA
"RSPRY1",0.80759476564374
"RSRC1",0.247310609429635
"RSRC2",0.0137705465001379
"RSRP1",NA
"RSU1",0.000756497590073254
"RTBDN",NA
"RTCA",0.924768293737462
"RTCB",0.32709864051307
"RTEL1",NA
"RTF1",0.00719549906307361
"RTF2",0.925419168466147
"RTKN",0.114863516213928
"RTKN2",NA
"RTL1",NA
"RTL8C",0.657662127727097
"RTN1",0.997589977692354
"RTN2",NA
"RTN3",0.832790214206448
"RTN4",0.796470297556593
"RTN4IP1",0.982612192660716
"RTN4R",NA
"RTN4RL1",NA
"RTN4RL2",NA
"RTP1",NA
"RTP2",NA
"RTP3",NA
"RTP4",NA
"RTP5",NA
"RTRAF",0.721760897786901
"RTTN",NA
"RUFY1",0.00125857233358496
"RUFY2",0.0147410330191239
"RUFY3",0.660760044042822
"RUFY4",NA
"RUNDC1",NA
"RUNDC3A",0.995172609161962
"RUNDC3B",NA
"RUNX1",NA
"RUNX1T1",NA
"RUNX2",NA
"RUNX3",NA
"RUSC1",NA
"RUSC2",NA
"RUVBL1",0.00131322882851724
"RUVBL2",0.00141144375604772
"RWDD1",0.961692467347924
"RWDD2A",NA
"RWDD2B",NA
"RWDD3",NA
"RWDD4",0.95459753832694
"RXFP1",NA
"RXFP2",NA
"RXFP3",NA
"RXFP4",NA
"RXRA",NA
"RXRB",NA
"RXRG",NA
"RYBP",0.000430610792920599
"RYK",NA
"RYR1",NA
"RYR2",0.997370359673955
"RYR3",NA
"S100A1",0.380663201140891
"S100A10",0.939062570575104
"S100A11",0.320309761019151
"S100A12",0.987615275667963
"S100A13",0.666193905696611
"S100A14",NA
"S100A16",0.0620156494554003
"S100A2",0.17091277959776
"S100A3",NA
"S100A4",0.786834022811124
"S100A5",NA
"S100A6",0.0450655881352093
"S100A7",NA
"S100A7A",NA
"S100A8",0.762514346458031
"S100A9",0.971458309687933
"S100B",0.50228447879799
"S100G",NA
"S100P",NA
"S100PBP",NA
"S100Z",NA
"S1PR1",0.0224096849047663
"S1PR2",NA
"S1PR3",NA
"S1PR4",NA
"S1PR5",NA
"SAA1",NA
"SAA2",NA
"SAA2-SAA4",0.14026790374886
"SAA4",NA
"SAAL1",0.0712385355869826
"SAC3D1",NA
"SACM1L",0.22467290844192
"SACS",0.802421807281054
"SAE1",0.00768172536710116
"SAFB",0.0146643223904735
"SAFB2",0.391705428988797
"SAG",NA
"SAGE1",NA
"SALL1",NA
"SALL2",0.720482115546173
"SALL3",NA
"SALL4",NA
"SAMD1",NA
"SAMD10",NA
"SAMD11",NA
"SAMD12",NA
"SAMD13",NA
"SAMD14",NA
"SAMD15",NA
"SAMD3",NA
"SAMD4A",0.040198481375588
"SAMD4B",0.199890884323638
"SAMD5",NA
"SAMD7",NA
"SAMD8",NA
"SAMD9",NA
"SAMD9L",NA
"SAMHD1",1.00896448426864e-05
"SAMM50",0.843053324515509
"SAMSN1",NA
"SAP130",0.12777327612245
"SAP18",0.00370639216655192
"SAP25",NA
"SAP30",0.17770053421406
"SAP30BP",0.273413867981361
"SAP30L",NA
"SAPCD1",NA
"SAPCD2",NA
"SAR1A",0.890037784204145
"SAR1B",0.00216885738832638
"SARAF",NA
"SARDH",NA
"SARM1",0.517246565785613
"SARNP",0.464911409005086
"SARS",0.226629624403012
"SARS2",0.19740819280388
"SART1",0.288005666940902
"SART3",0.325530717079845
"SASH1",0.0151575746444925
"SASH3",1.94261608920078e-07
"SASS6",NA
"SAT1",NA
"SAT2",0.822296889670015
"SATB1",NA
"SATB2",NA
"SATL1",NA
"SAV1",NA
"SAXO1",NA
"SAXO2",NA
"SAYSD1",NA
"SBDS",0.466288074902208
"SBF1",0.998410785856516
"SBF2",0.350098655005658
"SBK1",NA
"SBK2",NA
"SBK3",NA
"SBNO1",NA
"SBNO2",NA
"SBSN",NA
"SBSPON",0.000292810938169087
"SC5D",NA
"SCAF1",0.821083315961207
"SCAF11",0.592356992270111
"SCAF4",0.11538043832155
"SCAF8",0.39551463161989
"SCAI",0.0132895093732015
"SCAMP1",0.787305643261928
"SCAMP2",8.61835061418451e-05
"SCAMP3",0.0319421380903421
"SCAMP4",0.311716099710197
"SCAMP5",0.688989832490152
"SCAND1",NA
"SCAP",NA
"SCAPER",NA
"SCARA3",0.788703754090598
"SCARA5",NA
"SCARB1",NA
"SCARB2",0.0886558103027483
"SCARF1",NA
"SCARF2",NA
"SCCPDH",0.768370080265269
"SCD",0.138023201552339
"SCD5",0.0570568640519841
"SCEL",NA
"SCFD1",0.0304799525641399
"SCFD2",0.00640769305388445
"SCG2",0.99711491014961
"SCG3",0.868330010302644
"SCG5",NA
"SCGB1A1",NA
"SCGB1C1",NA
"SCGB1C2",NA
"SCGB1D1",NA
"SCGB1D2",NA
"SCGB1D4",NA
"SCGB2A1",NA
"SCGB2A2",NA
"SCGB2B2",NA
"SCGB3A1",NA
"SCGB3A2",NA
"SCGN",0.158532459069961
"SCHIP1",NA
"SCIMP",NA
"SCIN",7.13589923031057e-10
"SCLT1",NA
"SCLY",0.889133619511284
"SCMH1",NA
"SCML1",NA
"SCML2",NA
"SCML4",NA
"SCN10A",NA
"SCN11A",NA
"SCN1A",NA
"SCN1B",NA
"SCN2A",0.368214297207543
"SCN2B",0.146025213575977
"SCN3A",NA
"SCN3B",0.971880771466744
"SCN4A",NA
"SCN4B",0.143346156436189
"SCN5A",NA
"SCN7A",NA
"SCN8A",NA
"SCN9A",NA
"SCNM1",NA
"SCNN1A",NA
"SCNN1B",NA
"SCNN1D",NA
"SCNN1G",NA
"SCO1",0.483438883073313
"SCO2",NA
"SCOC",NA
"SCP2",0.103140043137705
"SCP2D1",NA
"SCPEP1",0.0450880599777937
"SCRG1",0.860709824425251
"SCRIB",0.306484521244631
"SCRN1",0.908943880054842
"SCRN2",0.949230976121494
"SCRN3",0.980455676427139
"SCRT1",NA
"SCRT2",NA
"SCT",NA
"SCTR",NA
"SCUBE1",NA
"SCUBE2",NA
"SCUBE3",NA
"SCX",NA
"SCYL1",0.895870117334937
"SCYL2",0.34148799517374
"SCYL3",NA
"SDAD1",NA
"SDC1",NA
"SDC2",0.194835813494466
"SDC3",0.960063822845297
"SDC4",0.940053666595337
"SDCBP",0.725809022647506
"SDCBP2",NA
"SDCCAG8",NA
"SDE2",0.831329699030026
"SDF2",0.884801227195658
"SDF2L1",1.71962594370161e-05
"SDF4",0.337525951782761
"SDHA",0.993725242229119
"SDHAF1",NA
"SDHAF2",NA
"SDHAF3",NA
"SDHAF4",NA
"SDHB",0.999616457797419
"SDHC",0.141732752736421
"SDHD",NA
"SDK1",NA
"SDK2",0.946614216170375
"SDR16C5",NA
"SDR39U1",0.00561145069244002
"SDR42E1",NA
"SDR42E2",NA
"SDR9C7",NA
"SDS",0.243618916498113
"SDSL",0.769114918199158
"SEBOX",NA
"SEC11A",0.622435627094161
"SEC11C",0.00592254832095234
"SEC13",0.816918550142152
"SEC14L1",NA
"SEC14L2",0.175891140032989
"SEC14L3",NA
"SEC14L4",NA
"SEC14L5",NA
"SEC14L6",NA
"SEC16A",0.908563503078814
"SEC16B",NA
"SEC22A",NA
"SEC22B",0.003999993897849
"SEC22C",NA
"SEC23A",0.374933692747991
"SEC23B",0.0024121178816306
"SEC23IP",0.88340819014865
"SEC24A",9.85608887489221e-05
"SEC24B",0.945142795584761
"SEC24C",0.465631579091713
"SEC24D",0.0256578928720055
"SEC31A",0.460452002185154
"SEC31B",NA
"SEC61A1",0.102347366441123
"SEC61A2",NA
"SEC61B",0.0035369805857972
"SEC61G",NA
"SEC62",0.995144931801235
"SEC63",0.0513185992841215
"SECISBP2",NA
"SECISBP2L",NA
"SECTM1",NA
"SEH1L",0.995429550396013
"SEL1L",0.020397347020468
"SEL1L2",NA
"SEL1L3",NA
"SELE",NA
"SELENBP1",0.275225668022738
"SELENOF",0.0607962417406876
"SELENOH",0.928609384589977
"SELENOI",0.932488469780703
"SELENOO",0.70998291745203
"SELENOP",0.00560102037722403
"SELENOS",0.923474236564642
"SELENOW",0.592034547420051
"SELL",0.719810789379936
"SELP",NA
"SELPLG",NA
"SEMA3A",NA
"SEMA3B",NA
"SEMA3C",NA
"SEMA3D",NA
"SEMA3E",NA
"SEMA3F",NA
"SEMA3G",NA
"SEMA4A",NA
"SEMA4B",0.999974163023401
"SEMA4C",NA
"SEMA4D",NA
"SEMA4F",NA
"SEMA4G",NA
"SEMA5A",NA
"SEMA5B",NA
"SEMA6A",NA
"SEMA6B",NA
"SEMA6C",NA
"SEMA6D",NA
"SEMA7A",0.369537583888946
"SEMG1",NA
"SEMG2",NA
"SENP1",NA
"SENP2",NA
"SENP3",0.00691350473963108
"SENP5",NA
"SENP6",NA
"SENP7",NA
"SENP8",0.976915498286661
"SEPHS1",0.122451627143935
"SEPHS2",0.614641573929685
"SEPSECS",0.992694888253294
"SEPT10",0.115321929376417
"SEPT11",0.814471522238273
"SEPT2",0.224528871470437
"SEPT3",0.283663986521615
"SEPT4",0.938326044597198
"SEPT5",0.117748689178186
"SEPT6",0.890509619166439
"SEPT7",0.915997599815115
"SEPT8",0.0626878206388362
"SEPT9",0.90497462979728
"SERAC1",NA
"SERBP1",0.997622674908914
"SERF1A",NA
"SERF1B",NA
"SERF2",0.968721631719874
"SERGEF",0.995837860768241
"SERHL2",NA
"SERINC1",0.970369862511123
"SERINC2",NA
"SERINC3",NA
"SERINC4",NA
"SERINC5",NA
"SERP1",NA
"SERP2",NA
"SERPINA1",0.00246911226765023
"SERPINA10",0.00888328560904666
"SERPINA11",NA
"SERPINA12",NA
"SERPINA2",NA
"SERPINA3",0.0185619676169149
"SERPINA4",0.00572069087632763
"SERPINA5",0.00930417205439244
"SERPINA6",0.0168196480397983
"SERPINA7",0.0237641750835442
"SERPINA9",NA
"SERPINB1",0.0531559619436437
"SERPINB10",NA
"SERPINB11",NA
"SERPINB12",NA
"SERPINB13",NA
"SERPINB2",NA
"SERPINB3",NA
"SERPINB4",NA
"SERPINB5",0.000146925466665685
"SERPINB6",0.0130295190441389
"SERPINB7",NA
"SERPINB8",3.06859206529098e-07
"SERPINB9",0.154537765554807
"SERPINC1",0.000761103157305311
"SERPIND1",0.00381937652058482
"SERPINE1",0.4951786330735
"SERPINE2",0.0363980109922047
"SERPINE3",NA
"SERPINF1",0.0202944369005942
"SERPINF2",0.00430524619530764
"SERPING1",0.00656518230107335
"SERPINH1",0.959092113621525
"SERPINI1",0.240271633921455
"SERPINI2",NA
"SERTAD1",NA
"SERTAD2",NA
"SERTAD3",NA
"SERTAD4",NA
"SERTM1",NA
"SESN1",NA
"SESN2",NA
"SESN3",NA
"SESTD1",0.986466908635658
"SET",0.00684808116103879
"SETBP1",NA
"SETD1A",0.830015217921585
"SETD1B",NA
"SETD2",1.17967649990516e-05
"SETD3",0.824021177360845
"SETD4",NA
"SETD5",NA
"SETD6",NA
"SETD7",0.33160412362096
"SETD9",NA
"SETDB1",0.0344610537723236
"SETDB2",NA
"SETMAR",0.0856566564658047
"SETSIP",NA
"SETX",NA
"SEZ6",NA
"SEZ6L",0.0373051708294684
"SEZ6L2",NA
"SF1",0.16139017565576
"SF3A1",0.105866207227682
"SF3A2",0.102619259540484
"SF3A3",0.0563664246132782
"SF3B1",0.0384869768627718
"SF3B2",0.105830303513803
"SF3B3",0.193334291484418
"SF3B4",0.134107513698185
"SF3B5",NA
"SF3B6",0.146990061374287
"SFI1",NA
"SFMBT1",NA
"SFMBT2",NA
"SFN",0.0152083514678824
"SFPQ",0.206866868034337
"SFR1",NA
"SFRP1",0.0403131253634503
"SFRP2",NA
"SFRP4",NA
"SFRP5",NA
"SFSWAP",0.24239903110037
"SFT2D1",NA
"SFT2D2",NA
"SFT2D3",NA
"SFTA2",NA
"SFTPA1",NA
"SFTPA2",NA
"SFTPB",NA
"SFTPC",NA
"SFTPD",NA
"SFXN1",0.294412792481027
"SFXN2",NA
"SFXN3",0.533954255810578
"SFXN4",NA
"SFXN5",0.897060049360105
"SGCA",NA
"SGCB",0.557745652708821
"SGCD",0.744991462010213
"SGCE",0.182246008951611
"SGCG",NA
"SGCZ",NA
"SGF29",0.196077960498871
"SGIP1",0.491274377271041
"SGK1",NA
"SGK2",NA
"SGK3",NA
"SGMS1",NA
"SGMS2",NA
"SGPL1",0.115890126687759
"SGPP1",NA
"SGPP2",NA
"SGSH",0.824753201706298
"SGSM1",NA
"SGSM2",NA
"SGSM3",NA
"SGTA",0.556304611219964
"SGTB",0.96067869522094
"SH2B1",0.999229020148703
"SH2B2",NA
"SH2B3",NA
"SH2D1A",NA
"SH2D1B",NA
"SH2D2A",NA
"SH2D3A",NA
"SH2D3C",NA
"SH2D4A",NA
"SH2D4B",NA
"SH2D5",NA
"SH2D6",NA
"SH2D7",NA
"SH3BGR",NA
"SH3BGRL",0.670713921423954
"SH3BGRL2",0.5914322797932
"SH3BGRL3",0.83248966764297
"SH3BP1",0.000326939108959562
"SH3BP2",0.0761293736469525
"SH3BP4",NA
"SH3BP5",NA
"SH3BP5L",0.203758597121799
"SH3D19",NA
"SH3D21",NA
"SH3GL1",0.996342892613675
"SH3GL2",0.454459831519511
"SH3GL3",0.0656332426086293
"SH3GLB1",0.000104082619717611
"SH3GLB2",0.683895776864983
"SH3KBP1",3.72043529456505e-09
"SH3PXD2A",0.330751177077722
"SH3PXD2B",0.189731725391702
"SH3RF1",NA
"SH3RF2",NA
"SH3RF3",NA
"SH3TC1",NA
"SH3TC2",NA
"SH3YL1",NA
"SHANK1",0.956356842601562
"SHANK2",0.694371642124974
"SHANK3",0.767337509899902
"SHARPIN",NA
"SHB",NA
"SHBG",0.129106860497482
"SHC1",0.566214919575853
"SHC2",NA
"SHC3",0.649202159672863
"SHC4",NA
"SHCBP1",NA
"SHCBP1L",NA
"SHD",NA
"SHE",NA
"SHF",NA
"SHH",NA
"SHISA2",NA
"SHISA3",NA
"SHISA4",NA
"SHISA5",NA
"SHISA6",NA
"SHISA7",NA
"SHISA8",NA
"SHISA9",NA
"SHKBP1",NA
"SHMT1",0.074810364971445
"SHMT2",0.993191450182708
"SHOC2",0.959609666983054
"SHOX",NA
"SHOX2",NA
"SHPK",0.999999513931171
"SHPRH",NA
"SHQ1",NA
"SHROOM1",NA
"SHROOM2",0.603314296146965
"SHROOM3",NA
"SHROOM4",NA
"SHTN1",0.961128874455124
"SI",NA
"SIAE",0.83511635995708
"SIAH1",NA
"SIAH2",NA
"SIAH3",NA
"SIDT1",NA
"SIDT2",NA
"SIGIRR",NA
"SIGLEC1",NA
"SIGLEC10",NA
"SIGLEC11",NA
"SIGLEC12",NA
"SIGLEC14",NA
"SIGLEC15",NA
"SIGLEC16",NA
"SIGLEC5",NA
"SIGLEC6",NA
"SIGLEC7",NA
"SIGLEC8",NA
"SIGLEC9",NA
"SIGLECL1",NA
"SIGMAR1",NA
"SIK1",NA
"SIK2",NA
"SIK3",0.984635532354282
"SIKE1",NA
"SIL1",0.0726110882285436
"SIM1",NA
"SIM2",NA
"SIMC1",NA
"SIN3A",0.243997885881188
"SIN3B",NA
"SIPA1",2.90079502248179e-08
"SIPA1L1",0.495725852504043
"SIPA1L2",0.00970157621209656
"SIPA1L3",NA
"SIRPA",0.708389571155281
"SIRPB1",NA
"SIRPB2",NA
"SIRPD",NA
"SIRPG",NA
"SIRT1",0.377563717306718
"SIRT2",0.999927688846035
"SIRT3",0.0139164321030718
"SIRT4",NA
"SIRT5",0.177001533960905
"SIRT6",NA
"SIRT7",NA
"SIT1",NA
"SIVA1",NA
"SIX1",NA
"SIX2",NA
"SIX3",NA
"SIX4",NA
"SIX5",NA
"SIX6",NA
"SKA1",NA
"SKA2",NA
"SKA3",NA
"SKAP1",NA
"SKAP2",1.24495304594301e-07
"SKI",NA
"SKIDA1",NA
"SKIL",NA
"SKIV2L",0.510020480733306
"SKOR1",NA
"SKOR2",NA
"SKP1",0.341681384707748
"SKP2",NA
"SLA",NA
"SLA2",NA
"SLAIN1",0.552165285578122
"SLAIN2",0.734595900339286
"SLAMF1",NA
"SLAMF6",NA
"SLAMF7",NA
"SLAMF8",NA
"SLAMF9",NA
"SLBP",NA
"SLC10A1",NA
"SLC10A2",NA
"SLC10A3",NA
"SLC10A4",NA
"SLC10A5",NA
"SLC10A6",NA
"SLC10A7",NA
"SLC11A1",NA
"SLC11A2",NA
"SLC12A1",NA
"SLC12A2",0.954770544208562
"SLC12A3",NA
"SLC12A4",0.0132643726949404
"SLC12A5",0.626628441438645
"SLC12A6",NA
"SLC12A7",0.488501132362608
"SLC12A8",NA
"SLC12A9",0.000142131932966532
"SLC13A1",NA
"SLC13A2",NA
"SLC13A3",NA
"SLC13A4",NA
"SLC13A5",NA
"SLC14A1",0.238876593296893
"SLC14A2",NA
"SLC15A1",NA
"SLC15A2",0.505136422711885
"SLC15A3",NA
"SLC15A4",NA
"SLC15A5",NA
"SLC16A1",0.320931356933187
"SLC16A10",NA
"SLC16A11",NA
"SLC16A12",NA
"SLC16A13",NA
"SLC16A14",NA
"SLC16A2",0.518492285347702
"SLC16A3",0.0611483719877806
"SLC16A4",NA
"SLC16A5",NA
"SLC16A6",NA
"SLC16A7",NA
"SLC16A8",NA
"SLC16A9",NA
"SLC17A1",NA
"SLC17A2",NA
"SLC17A3",NA
"SLC17A4",NA
"SLC17A5",NA
"SLC17A6",NA
"SLC17A7",0.571172518547099
"SLC17A8",NA
"SLC17A9",NA
"SLC18A1",NA
"SLC18A2",NA
"SLC18A3",NA
"SLC18B1",NA
"SLC19A1",NA
"SLC19A2",NA
"SLC19A3",NA
"SLC1A1",NA
"SLC1A2",0.948004033242133
"SLC1A3",0.70171983455215
"SLC1A4",0.92131563674639
"SLC1A5",0.96558685883736
"SLC1A6",0.887847638266994
"SLC1A7",NA
"SLC20A1",NA
"SLC20A2",0.873046914140763
"SLC22A1",NA
"SLC22A10",NA
"SLC22A11",NA
"SLC22A12",NA
"SLC22A13",NA
"SLC22A14",NA
"SLC22A15",NA
"SLC22A16",NA
"SLC22A17",NA
"SLC22A18",NA
"SLC22A18AS",NA
"SLC22A2",NA
"SLC22A23",0.62080753212691
"SLC22A24",NA
"SLC22A25",NA
"SLC22A3",NA
"SLC22A31",NA
"SLC22A4",NA
"SLC22A5",NA
"SLC22A6",NA
"SLC22A7",NA
"SLC22A8",NA
"SLC22A9",NA
"SLC23A1",NA
"SLC23A2",NA
"SLC23A3",NA
"SLC24A1",NA
"SLC24A2",0.996943438624747
"SLC24A3",NA
"SLC24A4",NA
"SLC24A5",NA
"SLC25A1",0.622052577186107
"SLC25A10",0.333063534376808
"SLC25A11",0.958597320533329
"SLC25A12",0.791895546608201
"SLC25A13",0.26901108489872
"SLC25A14",NA
"SLC25A15",NA
"SLC25A16",NA
"SLC25A17",NA
"SLC25A18",0.618938075277581
"SLC25A19",NA
"SLC25A2",NA
"SLC25A20",0.977232221601244
"SLC25A21",NA
"SLC25A22",0.0140370109243563
"SLC25A23",NA
"SLC25A24",0.839501028985751
"SLC25A25",0.806284835217784
"SLC25A26",NA
"SLC25A27",NA
"SLC25A28",NA
"SLC25A29",NA
"SLC25A3",0.718016824573516
"SLC25A30",NA
"SLC25A31",NA
"SLC25A32",NA
"SLC25A33",NA
"SLC25A34",NA
"SLC25A35",NA
"SLC25A36",NA
"SLC25A37",NA
"SLC25A38",NA
"SLC25A39",NA
"SLC25A4",0.894302659524072
"SLC25A40",NA
"SLC25A41",NA
"SLC25A42",NA
"SLC25A43",NA
"SLC25A44",NA
"SLC25A45",NA
"SLC25A46",0.360433196793924
"SLC25A47",NA
"SLC25A48",NA
"SLC25A5",0.999132599522914
"SLC25A51",NA
"SLC25A52",NA
"SLC25A53",NA
"SLC25A6",0.92784844392716
"SLC26A1",NA
"SLC26A10",NA
"SLC26A11",NA
"SLC26A2",NA
"SLC26A3",NA
"SLC26A4",NA
"SLC26A5",NA
"SLC26A6",NA
"SLC26A7",NA
"SLC26A8",NA
"SLC26A9",NA
"SLC27A1",0.00215610053961158
"SLC27A2",NA
"SLC27A3",0.35750991883293
"SLC27A4",0.806732033379255
"SLC27A5",NA
"SLC27A6",NA
"SLC28A1",NA
"SLC28A2",NA
"SLC28A3",NA
"SLC29A1",NA
"SLC29A2",NA
"SLC29A3",NA
"SLC29A4",NA
"SLC2A1",0.832567095988111
"SLC2A10",NA
"SLC2A11",NA
"SLC2A12",NA
"SLC2A13",NA
"SLC2A14",NA
"SLC2A2",NA
"SLC2A3",0.817355547338972
"SLC2A4",NA
"SLC2A4RG",NA
"SLC2A5",0.000118441675302338
"SLC2A6",NA
"SLC2A7",NA
"SLC2A8",NA
"SLC2A9",NA
"SLC30A1",0.113788414141106
"SLC30A10",NA
"SLC30A2",NA
"SLC30A3",NA
"SLC30A4",NA
"SLC30A5",NA
"SLC30A6",NA
"SLC30A7",NA
"SLC30A8",NA
"SLC30A9",0.999952441751799
"SLC31A1",0.0254359779065689
"SLC31A2",NA
"SLC32A1",0.739241966143261
"SLC33A1",0.494066937263776
"SLC34A1",NA
"SLC34A2",NA
"SLC34A3",NA
"SLC35A1",NA
"SLC35A2",NA
"SLC35A3",NA
"SLC35A4",NA
"SLC35A5",NA
"SLC35B1",NA
"SLC35B2",0.118321949897535
"SLC35B3",NA
"SLC35B4",NA
"SLC35C1",NA
"SLC35C2",NA
"SLC35D1",NA
"SLC35D2",NA
"SLC35D3",NA
"SLC35E1",NA
"SLC35E2B",NA
"SLC35E3",NA
"SLC35E4",NA
"SLC35F1",0.000480370264218339
"SLC35F2",NA
"SLC35F3",NA
"SLC35F4",NA
"SLC35F5",NA
"SLC35F6",NA
"SLC35G1",NA
"SLC35G2",NA
"SLC35G3",NA
"SLC35G4",NA
"SLC35G5",NA
"SLC35G6",NA
"SLC36A1",NA
"SLC36A2",NA
"SLC36A3",NA
"SLC36A4",NA
"SLC37A1",NA
"SLC37A2",NA
"SLC37A3",NA
"SLC37A4",NA
"SLC38A1",NA
"SLC38A10",NA
"SLC38A11",NA
"SLC38A2",NA
"SLC38A3",0.0245717185267509
"SLC38A4",NA
"SLC38A5",NA
"SLC38A6",NA
"SLC38A7",NA
"SLC38A8",NA
"SLC38A9",NA
"SLC39A1",NA
"SLC39A10",0.319554519522738
"SLC39A11",NA
"SLC39A12",0.860037327265155
"SLC39A13",NA
"SLC39A14",0.600064116255089
"SLC39A2",NA
"SLC39A3",NA
"SLC39A4",NA
"SLC39A5",NA
"SLC39A6",0.551754014811463
"SLC39A7",0.00857352086561743
"SLC39A8",NA
"SLC39A9",NA
"SLC3A1",NA
"SLC3A2",0.41734928274128
"SLC40A1",NA
"SLC41A1",NA
"SLC41A2",NA
"SLC41A3",0.947534329980904
"SLC43A1",NA
"SLC43A2",NA
"SLC43A3",NA
"SLC44A1",0.964490542174816
"SLC44A2",0.955212568868688
"SLC44A3",NA
"SLC44A4",NA
"SLC44A5",NA
"SLC45A1",NA
"SLC45A2",NA
"SLC45A3",NA
"SLC45A4",NA
"SLC46A1",NA
"SLC46A2",NA
"SLC46A3",NA
"SLC47A1",NA
"SLC47A2",NA
"SLC48A1",NA
"SLC4A1",0.855998820137348
"SLC4A10",0.794155976311693
"SLC4A11",NA
"SLC4A1AP",0.702205752983907
"SLC4A2",NA
"SLC4A3",NA
"SLC4A4",0.954353231192018
"SLC4A5",NA
"SLC4A7",0.0400580754297691
"SLC4A8",0.0325812104159547
"SLC4A9",NA
"SLC50A1",NA
"SLC51A",NA
"SLC51B",NA
"SLC52A1",NA
"SLC52A2",NA
"SLC52A3",NA
"SLC5A1",NA
"SLC5A10",NA
"SLC5A11",NA
"SLC5A12",NA
"SLC5A2",NA
"SLC5A3",NA
"SLC5A4",NA
"SLC5A5",NA
"SLC5A6",NA
"SLC5A7",NA
"SLC5A8",NA
"SLC5A9",NA
"SLC6A1",0.00577410611741536
"SLC6A11",0.0368748194626991
"SLC6A12",NA
"SLC6A13",NA
"SLC6A14",NA
"SLC6A15",NA
"SLC6A16",NA
"SLC6A17",0.902574574098266
"SLC6A18",NA
"SLC6A19",NA
"SLC6A2",NA
"SLC6A20",NA
"SLC6A3",NA
"SLC6A4",NA
"SLC6A5",NA
"SLC6A6",NA
"SLC6A7",NA
"SLC6A8",NA
"SLC6A9",0.74462410976192
"SLC7A1",NA
"SLC7A10",NA
"SLC7A11",NA
"SLC7A13",NA
"SLC7A14",0.00195052602555028
"SLC7A2",NA
"SLC7A3",NA
"SLC7A4",NA
"SLC7A5",0.968666884053253
"SLC7A6",NA
"SLC7A6OS",NA
"SLC7A7",NA
"SLC7A8",NA
"SLC7A9",NA
"SLC8A1",0.992878888176956
"SLC8A2",0.117316424105216
"SLC8A3",NA
"SLC8B1",NA
"SLC9A1",NA
"SLC9A2",NA
"SLC9A3",NA
"SLC9A3R1",0.118107694568012
"SLC9A3R2",0.898373448871812
"SLC9A4",NA
"SLC9A5",NA
"SLC9A6",0.988127166015447
"SLC9A7",0.162618578054214
"SLC9A8",NA
"SLC9A9",0.000366937814297039
"SLC9B1",NA
"SLC9B2",NA
"SLC9C1",NA
"SLC9C2",NA
"SLCO1A2",NA
"SLCO1B1",NA
"SLCO1B3",NA
"SLCO1B7",NA
"SLCO1C1",NA
"SLCO2A1",NA
"SLCO2B1",NA
"SLCO3A1",NA
"SLCO4A1",NA
"SLCO4C1",NA
"SLCO5A1",NA
"SLCO6A1",NA
"SLFN11",NA
"SLFN12",NA
"SLFN12L",NA
"SLFN13",NA
"SLFN14",NA
"SLFN5",0.142881625060225
"SLFNL1",NA
"SLIRP",0.556311893812344
"SLIT1",NA
"SLIT2",0.593648915414547
"SLIT3",NA
"SLITRK1",NA
"SLITRK2",0.986948229700378
"SLITRK3",NA
"SLITRK4",NA
"SLITRK5",NA
"SLITRK6",NA
"SLK",0.97961299930824
"SLMAP",0.709423816896528
"SLN",NA
"SLPI",NA
"SLTM",0.47036389816412
"SLU7",0.937953782927892
"SLURP1",NA
"SLX1A",NA
"SLX1B",NA
"SLX4",NA
"SLX4IP",NA
"SMAD1",0.991312128201284
"SMAD2",0.624674380508057
"SMAD3",0.300816748755323
"SMAD4",0.145685376047428
"SMAD5",NA
"SMAD6",NA
"SMAD7",NA
"SMAD9",NA
"SMAGP",NA
"SMAP1",0.951215298328905
"SMAP2",0.000107590020591366
"SMARCA1",0.319200481780493
"SMARCA2",0.973885349160538
"SMARCA4",0.457510741490178
"SMARCA5",0.00720070226581834
"SMARCAD1",0.734439931174708
"SMARCAL1",NA
"SMARCB1",0.742458050914488
"SMARCC1",0.0626649957965361
"SMARCC2",0.114036208971625
"SMARCD1",0.00488778998392176
"SMARCD2",NA
"SMARCD3",0.0594120251305584
"SMARCE1",0.0488939545911754
"SMC1A",0.0369930735787724
"SMC1B",NA
"SMC2",0.0284822878983514
"SMC3",0.0126661212214993
"SMC4",0.387628488911739
"SMC5",NA
"SMC6",NA
"SMCHD1",0.729284786478674
"SMCO1",NA
"SMCO2",NA
"SMCO3",NA
"SMCO4",NA
"SMCP",NA
"SMCR8",NA
"SMDT1",NA
"SMG1",0.871265085967119
"SMG5",NA
"SMG6",0.00299151003124369
"SMG7",NA
"SMG8",NA
"SMG9",0.947906356724078
"SMIM1",NA
"SMIM10",NA
"SMIM10L1",NA
"SMIM10L2A",NA
"SMIM10L2B",NA
"SMIM12",NA
"SMIM13",NA
"SMIM14",NA
"SMIM15",NA
"SMIM17",NA
"SMIM18",NA
"SMIM19",NA
"SMIM2",NA
"SMIM20",0.707693911038836
"SMIM21",NA
"SMIM22",NA
"SMIM23",NA
"SMIM24",NA
"SMIM3",NA
"SMIM4",NA
"SMIM5",NA
"SMIM6",NA
"SMIM7",NA
"SMIM8",NA
"SMIM9",NA
"SMKR1",NA
"SMLR1",NA
"SMN1",0.653441680753736
"SMN2",NA
"SMNDC1",0.055953178819782
"SMO",NA
"SMOC1",0.542782054381392
"SMOC2",NA
"SMOX",NA
"SMPD1",0.0019885418205281
"SMPD2",NA
"SMPD3",0.778570023767132
"SMPD4",NA
"SMPDL3A",NA
"SMPDL3B",NA
"SMPX",NA
"SMR3A",NA
"SMR3B",NA
"SMS",0.92465078130717
"SMTN",NA
"SMTNL1",NA
"SMTNL2",NA
"SMU1",0.0544738739382701
"SMUG1",0.0560248895668905
"SMURF1",NA
"SMURF2",NA
"SMYD1",NA
"SMYD2",NA
"SMYD3",0.109297669015682
"SMYD4",NA
"SMYD5",0.963633943581761
"SNAI1",NA
"SNAI2",NA
"SNAI3",NA
"SNAP23",0.00162081722636163
"SNAP25",0.262411534807588
"SNAP29",0.996468739674797
"SNAP47",0.0125480704895316
"SNAP91",0.501878256839137
"SNAPC1",NA
"SNAPC2",NA
"SNAPC3",NA
"SNAPC4",NA
"SNAPC5",NA
"SNAPIN",0.747108832759577
"SNCA",0.624440169627742
"SNCAIP",0.0918039010133692
"SNCB",0.318056538622706
"SNCG",0.419612248198665
"SND1",0.780051884671963
"SNED1",NA
"SNF8",0.95518992851123
"SNIP1",NA
"SNN",NA
"SNPH",0.916257485996813
"SNRK",NA
"SNRNP200",0.0136216622349646
"SNRNP25",NA
"SNRNP27",0.281284283159728
"SNRNP35",NA
"SNRNP40",0.0838649324340751
"SNRNP48",NA
"SNRNP70",0.0667360970052973
"SNRPA",0.037584157513187
"SNRPA1",0.0674922255706635
"SNRPB",0.074668078340996
"SNRPB2",0.0804052547043028
"SNRPC",0.0855035932522272
"SNRPD1",0.392144504949537
"SNRPD2",0.0253199430385934
"SNRPD3",0.0722427195090439
"SNRPE",0.175427530578768
"SNRPF",0.0700717206965938
"SNRPG",0.0929006750892889
"SNRPN",NA
"SNTA1",0.378823198071142
"SNTB1",0.980353432603737
"SNTB2",6.88674346623727e-05
"SNTG1",NA
"SNTG2",NA
"SNTN",NA
"SNU13",0.416910829334944
"SNUPN",0.379090338228903
"SNURF",NA
"SNW1",0.781922635752949
"SNX1",0.000124280574038641
"SNX10",0.0775793886815869
"SNX11",NA
"SNX12",0.0985833944219831
"SNX13",NA
"SNX14",0.37908554721426
"SNX15",0.707668985729676
"SNX16",NA
"SNX17",0.0114493553522642
"SNX18",0.0960448862017414
"SNX19",NA
"SNX2",0.0311098735913753
"SNX20",NA
"SNX21",NA
"SNX22",NA
"SNX24",NA
"SNX25",NA
"SNX27",0.000550903868776508
"SNX29",NA
"SNX3",0.000258470008325502
"SNX30",0.743588539266507
"SNX31",NA
"SNX32",NA
"SNX33",0.0422417543023591
"SNX4",0.449909693492656
"SNX5",6.26722648404049e-05
"SNX6",0.00124702981546849
"SNX7",0.0104457915703478
"SNX8",0.000231289878301143
"SNX9",1.40749028103842e-05
"SOAT1",NA
"SOAT2",NA
"SOBP",NA
"SOCS1",NA
"SOCS2",NA
"SOCS3",NA
"SOCS4",NA
"SOCS5",NA
"SOCS6",NA
"SOCS7",NA
"SOD1",0.0678648514021909
"SOD2",0.959039429831406
"SOD3",0.836063259765292
"SOGA1",0.131182098920477
"SOGA3",0.998872260430787
"SOHLH1",NA
"SOHLH2",NA
"SON",0.0713443160839866
"SORBS1",0.464675861119098
"SORBS2",0.592909058058063
"SORBS3",0.0392782447624595
"SORCS1",NA
"SORCS2",0.237220142693338
"SORCS3",NA
"SORD",0.148329028379007
"SORL1",0.00612467911084405
"SORT1",0.00130790889843605
"SOS1",0.46003807083981
"SOS2",NA
"SOST",NA
"SOSTDC1",NA
"SOWAHA",NA
"SOWAHB",NA
"SOWAHC",0.929274430994511
"SOWAHD",NA
"SOX1",NA
"SOX10",0.623220980362361
"SOX11",0.999984742473353
"SOX12",NA
"SOX13",NA
"SOX14",NA
"SOX15",NA
"SOX17",NA
"SOX18",NA
"SOX2",0.966742995978685
"SOX21",NA
"SOX3",NA
"SOX30",NA
"SOX4",NA
"SOX5",NA
"SOX6",0.555121216361793
"SOX7",NA
"SOX8",NA
"SOX9",0.644778566122176
"SP1",0.889409655669091
"SP100",2.75206956108691e-05
"SP110",NA
"SP140",NA
"SP140L",NA
"SP2",NA
"SP3",0.30826385785207
"SP4",0.0173938799068802
"SP5",NA
"SP6",NA
"SP7",NA
"SP8",NA
"SP9",NA
"SPA17",0.00707069413135615
"SPACA1",NA
"SPACA3",NA
"SPACA4",NA
"SPACA5",NA
"SPACA5B",NA
"SPACA7",NA
"SPAG1",0.173285663882322
"SPAG11A",NA
"SPAG11B",NA
"SPAG16",NA
"SPAG17",NA
"SPAG4",NA
"SPAG5",NA
"SPAG6",0.0199465795618593
"SPAG7",0.129512308987473
"SPAG8",NA
"SPAG9",0.897967265955801
"SPAM1",NA
"SPANXA1",NA
"SPANXA2",NA
"SPANXB1",NA
"SPANXC",NA
"SPANXD",NA
"SPANXN1",NA
"SPANXN2",NA
"SPANXN3",NA
"SPANXN4",NA
"SPANXN5",NA
"SPARC",0.00792771659190857
"SPARCL1",0.985656734772396
"SPART",0.982464752001131
"SPAST",0.99980787654278
"SPATA1",NA
"SPATA12",NA
"SPATA13",NA
"SPATA16",NA
"SPATA17",NA
"SPATA18",0.892078906719724
"SPATA19",NA
"SPATA2",NA
"SPATA20",0.847827548590836
"SPATA21",NA
"SPATA22",NA
"SPATA24",NA
"SPATA25",NA
"SPATA2L",NA
"SPATA3",NA
"SPATA31A1",NA
"SPATA31A3",NA
"SPATA31A5",NA
"SPATA31A6",NA
"SPATA31A7",NA
"SPATA31C1",NA
"SPATA31C2",NA
"SPATA31D1",NA
"SPATA31D3",NA
"SPATA31D4",NA
"SPATA31E1",NA
"SPATA32",NA
"SPATA33",0.988657939457862
"SPATA4",NA
"SPATA45",NA
"SPATA5",0.999852493497111
"SPATA5L1",0.928289829994899
"SPATA6",NA
"SPATA6L",NA
"SPATA7",NA
"SPATA9",NA
"SPATC1",NA
"SPATC1L",NA
"SPATS1",NA
"SPATS2",0.994349363610788
"SPATS2L",0.000142003842911971
"SPC24",0.6574687285224
"SPC25",NA
"SPCS1",0.198507890031428
"SPCS2",0.00988622792036419
"SPCS3",0.0176910818262882
"SPDEF",NA
"SPDL1",NA
"SPDYA",NA
"SPDYC",NA
"SPDYE1",NA
"SPDYE11",NA
"SPDYE16",NA
"SPDYE17",NA
"SPDYE18",NA
"SPDYE2",NA
"SPDYE2B",NA
"SPDYE3",NA
"SPDYE4",NA
"SPDYE5",NA
"SPDYE6",NA
"SPECC1",0.00199536403262392
"SPECC1L",0.432813768457768
"SPEF1",NA
"SPEF2",NA
"SPEG",NA
"SPEM1",NA
"SPEN",0.251560314930548
"SPERT",NA
"SPESP1",NA
"SPG11",0.00702875760342167
"SPG21",0.502793350958684
"SPG7",0.810102132039187
"SPHAR",NA
"SPHK1",NA
"SPHK2",0.134447430206667
"SPHKAP",NA
"SPI1",NA
"SPIB",NA
"SPIC",NA
"SPICE1",NA
"SPIDR",NA
"SPIN1",3.27837256396974e-05
"SPIN2A",NA
"SPIN2B",NA
"SPIN3",NA
"SPIN4",NA
"SPINK1",NA
"SPINK13",NA
"SPINK14",NA
"SPINK2",NA
"SPINK4",NA
"SPINK5",NA
"SPINK6",NA
"SPINK7",NA
"SPINK8",NA
"SPINK9",NA
"SPINT1",NA
"SPINT2",NA
"SPINT3",NA
"SPINT4",NA
"SPIRE1",0.950012006956699
"SPIRE2",NA
"SPN",NA
"SPNS1",0.0236862322594312
"SPNS2",NA
"SPNS3",NA
"SPO11",NA
"SPOCD1",NA
"SPOCK1",0.376120090723297
"SPOCK2",0.635105562624246
"SPOCK3",NA
"SPON1",0.0135167341472356
"SPON2",NA
"SPOP",NA
"SPOPL",NA
"SPP1",0.956037709757553
"SPP2",0.792964888806632
"SPPL2A",NA
"SPPL2B",NA
"SPPL2C",NA
"SPPL3",NA
"SPR",0.468985061214791
"SPRED1",0.0230216334217241
"SPRED2",NA
"SPRED3",NA
"SPRN",NA
"SPRR1A",NA
"SPRR1B",NA
"SPRR2A",NA
"SPRR2B",NA
"SPRR2D",NA
"SPRR2E",NA
"SPRR2F",NA
"SPRR2G",NA
"SPRR3",NA
"SPRR4",NA
"SPRTN",NA
"SPRY1",NA
"SPRY2",NA
"SPRY3",NA
"SPRY4",0.00285846160474145
"SPRYD3",0.0687647180773562
"SPRYD4",0.995486574204884
"SPRYD7",0.0563954879425788
"SPSB1",NA
"SPSB2",NA
"SPSB3",NA
"SPSB4",NA
"SPTA1",0.882090388578804
"SPTAN1",0.895605169689515
"SPTB",0.939312526255447
"SPTBN1",0.988128720914832
"SPTBN2",0.00773968308658188
"SPTBN4",0.697133132504049
"SPTBN5",NA
"SPTLC1",0.00228269014135148
"SPTLC2",0.0324360615612953
"SPTLC3",NA
"SPTSSA",NA
"SPTSSB",NA
"SPTY2D1",NA
"SPX",NA
"SPZ1",NA
"SQLE",NA
"SQOR",6.31761810106644e-08
"SQSTM1",0.922885851207615
"SRA1",0.799258758937368
"SRBD1",NA
"SRC",0.766499227515404
"SRCAP",NA
"SRCIN1",0.0452424994636483
"SRD5A1",NA
"SRD5A2",NA
"SRD5A3",NA
"SREBF1",NA
"SREBF2",NA
"SREK1",0.0145579146910618
"SREK1IP1",NA
"SRF",NA
"SRFBP1",NA
"SRGAP1",0.832646806593019
"SRGAP2",0.886069725269208
"SRGAP2B",NA
"SRGAP2C",NA
"SRGAP3",0.0204949976460121
"SRGN",NA
"SRI",0.770528261790279
"SRL",NA
"SRM",0.886419843219793
"SRMS",NA
"SRP14",0.000890659000301662
"SRP19",0.981070060819406
"SRP54",0.780627076080836
"SRP68",0.976495538559748
"SRP72",0.996706379187121
"SRP9",9.65196629538047e-05
"SRPK1",0.471464425604853
"SRPK2",0.000429145725305433
"SRPK3",NA
"SRPRA",0.185882619482456
"SRPRB",0.0136754533925476
"SRPX",NA
"SRPX2",NA
"SRR",0.574178081501391
"SRRD",NA
"SRRM1",0.0350510150487571
"SRRM2",0.0742885894422987
"SRRM3",NA
"SRRM4",NA
"SRRM5",NA
"SRRT",0.0507725070221078
"SRSF1",0.0216602628335334
"SRSF10",0.010938360546862
"SRSF11",0.254240589010138
"SRSF12",NA
"SRSF2",0.0847831012909104
"SRSF3",0.00784444890579927
"SRSF4",0.0280371665161069
"SRSF5",0.0355522539519204
"SRSF6",0.0537900801479161
"SRSF7",0.0289007809017906
"SRSF8",NA
"SRSF9",0.0421351812495872
"SRXN1",0.998962047322535
"SRY",NA
"SS18",NA
"SS18L1",0.532284911222187
"SS18L2",NA
"SSB",0.0158383077914163
"SSBP1",0.171144738977378
"SSBP2",NA
"SSBP3",0.00242241065974548
"SSBP4",NA
"SSC4D",NA
"SSC5D",NA
"SSH1",NA
"SSH2",NA
"SSH3",0.877596874208718
"SSMEM1",NA
"SSNA1",NA
"SSPN",NA
"SSPO",NA
"SSR1",0.00276861710675684
"SSR2",NA
"SSR3",0.00155559726252217
"SSR4",0.00144262653398734
"SSRP1",0.0158258256759262
"SSSCA1",0.590284923837841
"SST",NA
"SSTR1",NA
"SSTR2",NA
"SSTR3",NA
"SSTR4",NA
"SSTR5",NA
"SSU72",0.0426016230296268
"SSUH2",NA
"SSX1",NA
"SSX2",NA
"SSX2B",NA
"SSX2IP",NA
"SSX3",NA
"SSX4",NA
"SSX4B",NA
"SSX5",NA
"SSX7",NA
"ST13",0.915590529883653
"ST14",NA
"ST18",NA
"ST20",NA
"ST20-MTHFS",NA
"ST3GAL1",NA
"ST3GAL2",NA
"ST3GAL3",NA
"ST3GAL4",NA
"ST3GAL5",NA
"ST3GAL6",NA
"ST5",NA
"ST6GAL1",NA
"ST6GAL2",NA
"ST6GALNAC1",NA
"ST6GALNAC2",NA
"ST6GALNAC3",NA
"ST6GALNAC4",NA
"ST6GALNAC5",NA
"ST6GALNAC6",NA
"ST7",NA
"ST7L",NA
"ST8SIA1",NA
"ST8SIA2",NA
"ST8SIA3",NA
"ST8SIA4",NA
"ST8SIA5",NA
"ST8SIA6",NA
"STAB1",2.30992237763603e-07
"STAB2",NA
"STAC",NA
"STAC2",NA
"STAC3",NA
"STAG1",0.0539616385591972
"STAG2",0.0127134666394086
"STAG3",NA
"STAM",0.709173854595277
"STAM2",0.28727408750593
"STAMBP",0.999980946823521
"STAMBPL1",0.671828758634347
"STAP1",NA
"STAP2",NA
"STAR",NA
"STARD10",0.074597244974815
"STARD13",NA
"STARD3",0.694087114668146
"STARD3NL",NA
"STARD4",NA
"STARD5",NA
"STARD6",NA
"STARD7",0.928495230826622
"STARD8",NA
"STARD9",NA
"STAT1",0.00261508361095285
"STAT2",0.0376107704678993
"STAT3",0.814525650095503
"STAT4",NA
"STAT5A",0.0105214324597924
"STAT5B",0.279085213045598
"STAT6",0.149844406731652
"STATH",NA
"STAU1",0.991475266047443
"STAU2",0.62544764953565
"STC1",NA
"STC2",NA
"STEAP1",NA
"STEAP1B",NA
"STEAP2",NA
"STEAP3",0.813944318091048
"STEAP4",NA
"STH",NA
"STIL",NA
"STIM1",0.22097258892753
"STIM2",NA
"STIP1",0.249360911117213
"STK10",1.28327223282e-07
"STK11",0.93525824438353
"STK11IP",0.645441216775014
"STK16",NA
"STK17A",NA
"STK17B",NA
"STK19",NA
"STK24",0.809599133962042
"STK25",0.190489497138309
"STK26",0.590218685869286
"STK3",0.983828583291101
"STK31",NA
"STK32A",NA
"STK32B",NA
"STK32C",0.50884281681936
"STK33",0.652912937246904
"STK35",NA
"STK36",NA
"STK38",0.863902842690672
"STK38L",0.945433928390416
"STK39",0.843134913878924
"STK4",0.00881908094922335
"STK40",NA
"STKLD1",NA
"STMN1",0.000435947368334187
"STMN2",0.0593669364615153
"STMN3",0.457187418331764
"STMN4",NA
"STMND1",NA
"STOM",0.962984580623231
"STOML1",NA
"STOML2",0.202697936512645
"STOML3",NA
"STON1",0.943446155521263
"STON1-GTF2A1L",NA
"STON2",0.53766079419697
"STOX1",NA
"STOX2",NA
"STPG1",NA
"STPG2",NA
"STRA6",NA
"STRA8",NA
"STRADA",NA
"STRADB",NA
"STRAP",0.500534380956295
"STRBP",3.98253441203914e-05
"STRC",NA
"STRIP1",0.991430744980323
"STRIP2",NA
"STRN",0.917697937462478
"STRN3",0.997063879272874
"STRN4",0.91958505203108
"STS",0.000114588171108613
"STT3A",0.42140885999728
"STT3B",0.404623447515838
"STUB1",0.294227922398986
"STUM",0.471241231766894
"STX10",NA
"STX11",NA
"STX12",0.0159542827789636
"STX16",0.489666511122372
"STX17",0.99963876172202
"STX18",0.17006856873547
"STX19",NA
"STX1A",0.184931694715225
"STX1B",0.329820205997424
"STX2",0.56754324847607
"STX3",0.0528483553061641
"STX4",0.0947938641213842
"STX5",0.161244909960895
"STX6",0.397360700761327
"STX7",0.829266970540243
"STX8",0.123606098438419
"STXBP1",0.143755532627864
"STXBP2",0.00172951369277075
"STXBP3",0.615674889454007
"STXBP4",0.548085988454762
"STXBP5",0.430303713268914
"STXBP5L",0.0172448372894474
"STXBP6",0.978772205505416
"STYK1",NA
"STYX",NA
"STYXL1",NA
"SUB1",0.928656881947083
"SUCLA2",0.347622777242113
"SUCLG1",0.824290651677183
"SUCLG2",0.578562380899717
"SUCNR1",NA
"SUCO",NA
"SUDS3",0.0232588833223583
"SUFU",0.204323126275577
"SUGCT",NA
"SUGP1",0.425959138538997
"SUGP2",0.00535412656501887
"SUGT1",0.00606574876564354
"SULF1",NA
"SULF2",NA
"SULT1A1",0.984989747644659
"SULT1A2",NA
"SULT1A3",NA
"SULT1A4",NA
"SULT1B1",NA
"SULT1C2",NA
"SULT1C3",NA
"SULT1C4",NA
"SULT1E1",NA
"SULT2A1",NA
"SULT2B1",NA
"SULT4A1",0.0502873694813901
"SULT6B1",NA
"SUMF1",0.0640131367682197
"SUMF2",0.00384470135052537
"SUMO1",0.102808887809443
"SUMO2",0.0673245493118182
"SUMO3",NA
"SUMO4",NA
"SUN1",NA
"SUN2",0.0965819490795189
"SUN3",NA
"SUN5",NA
"SUOX",0.982772715479357
"SUPT16H",0.0208440739942299
"SUPT20H",NA
"SUPT20HL1",NA
"SUPT20HL2",NA
"SUPT3H",NA
"SUPT4H1",0.55863321322548
"SUPT5H",0.293789318179682
"SUPT6H",0.649700486293536
"SUPT7L",NA
"SUPV3L1",0.275673561118567
"SURF1",NA
"SURF2",NA
"SURF4",0.20165719470283
"SURF6",0.459094361648073
"SUSD1",NA
"SUSD2",0.953815285212225
"SUSD3",NA
"SUSD4",NA
"SUSD5",0.558499852368258
"SUSD6",NA
"SUV39H1",NA
"SUV39H2",NA
"SUZ12",NA
"SV2A",0.830776796274832
"SV2B",0.1723528372715
"SV2C",NA
"SVEP1",NA
"SVIL",0.104019526137239
"SVIP",0.472610439945426
"SVOP",NA
"SVOPL",NA
"SWAP70",0.11454774280839
"SWI5",NA
"SWSAP1",NA
"SWT1",NA
"SYAP1",0.498266288730512
"SYBU",NA
"SYCE1",NA
"SYCE1L",NA
"SYCE2",NA
"SYCE3",NA
"SYCN",NA
"SYCP1",NA
"SYCP2",NA
"SYCP2L",NA
"SYCP3",NA
"SYDE1",NA
"SYDE2",NA
"SYF2",0.435629832468642
"SYK",0.000385612040234622
"SYMPK",0.0413705446738154
"SYN1",0.165737930688523
"SYN2",0.202847662717822
"SYN3",0.427874798461709
"SYNC",NA
"SYNCRIP",0.997346016706607
"SYNDIG1",NA
"SYNDIG1L",NA
"SYNE1",0.961883647371782
"SYNE2",0.747327271704596
"SYNE3",NA
"SYNE4",NA
"SYNGAP1",0.834887513722697
"SYNGR1",0.558312334881837
"SYNGR2",0.0293442205454664
"SYNGR3",0.567140200255431
"SYNGR4",NA
"SYNJ1",0.922007285476581
"SYNJ2",NA
"SYNJ2BP",NA
"SYNJ2BP-COX16",0.272657585918641
"SYNM",0.00578627983463908
"SYNPO",0.137573074684196
"SYNPO2",0.856426230526436
"SYNPO2L",NA
"SYNPR",0.000599932180079765
"SYNRG",0.753493016690022
"SYP",0.346204940176406
"SYPL1",0.988673498409418
"SYPL2",NA
"SYS1",NA
"SYT1",0.127010126008831
"SYT10",NA
"SYT11",0.121527692937153
"SYT12",0.358571083430991
"SYT13",NA
"SYT14",NA
"SYT15",NA
"SYT16",NA
"SYT17",NA
"SYT2",0.998934154830555
"SYT3",NA
"SYT4",NA
"SYT5",NA
"SYT6",NA
"SYT7",0.28339676381342
"SYT8",NA
"SYT9",NA
"SYTL1",NA
"SYTL2",NA
"SYTL3",NA
"SYTL4",NA
"SYTL5",NA
"SYVN1",NA
"SZRD1",0.999999191054253
"SZT2",0.997008443886293
"TAAR1",NA
"TAAR2",NA
"TAAR5",NA
"TAAR6",NA
"TAAR8",NA
"TAAR9",NA
"TAB1",0.962035693413824
"TAB2",NA
"TAB3",NA
"TAC1",NA
"TAC3",NA
"TAC4",NA
"TACC1",0.00926440880430717
"TACC2",0.998766502183938
"TACC3",NA
"TACO1",0.915397733915645
"TACR1",NA
"TACR2",NA
"TACR3",NA
"TACSTD2",NA
"TADA1",NA
"TADA2A",NA
"TADA2B",NA
"TADA3",NA
"TAF1",NA
"TAF10",NA
"TAF11",NA
"TAF12",NA
"TAF13",NA
"TAF15",0.168855991251012
"TAF1A",NA
"TAF1B",NA
"TAF1C",NA
"TAF1D",NA
"TAF1L",NA
"TAF2",NA
"TAF3",NA
"TAF4",0.105850026198835
"TAF4B",NA
"TAF5",0.709733156577878
"TAF5L",NA
"TAF6",0.914541033881516
"TAF6L",NA
"TAF7",0.129751639892941
"TAF7L",NA
"TAF8",NA
"TAF9",1.11081479281197e-06
"TAF9B",NA
"TAGAP",NA
"TAGLN",0.993667894213619
"TAGLN2",0.866620959703243
"TAGLN3",0.0471251298992998
"TAL1",NA
"TAL2",NA
"TALDO1",0.950069064301075
"TAMM41",0.171813537919104
"TANC1",0.00519399098905158
"TANC2",0.82852051792465
"TANGO2",0.622874442988019
"TANGO6",NA
"TANK",0.0298534150180703
"TAOK1",0.111022498679452
"TAOK2",0.623621750848135
"TAOK3",0.0142406001171647
"TAP1",0.000160834014968482
"TAP2",1.42325487675132e-05
"TAPBP",3.71646708390932e-07
"TAPBPL",NA
"TAPT1",0.55562775421424
"TARBP1",NA
"TARBP2",NA
"TARDBP",0.0641266634232427
"TARM1",NA
"TARS",0.264929106650148
"TARS2",0.0325072821069808
"TARSL2",0.634343416513762
"TAS1R1",NA
"TAS1R2",NA
"TAS1R3",NA
"TAS2R1",NA
"TAS2R10",NA
"TAS2R13",NA
"TAS2R14",NA
"TAS2R16",NA
"TAS2R19",NA
"TAS2R20",NA
"TAS2R3",NA
"TAS2R30",NA
"TAS2R31",NA
"TAS2R38",NA
"TAS2R39",NA
"TAS2R4",NA
"TAS2R40",NA
"TAS2R41",NA
"TAS2R42",NA
"TAS2R43",NA
"TAS2R46",NA
"TAS2R5",NA
"TAS2R50",NA
"TAS2R60",NA
"TAS2R7",NA
"TAS2R8",NA
"TAS2R9",NA
"TASP1",NA
"TAT",NA
"TATDN1",0.790857304016154
"TATDN2",NA
"TATDN3",0.420694981484
"TAX1BP1",0.28071963801174
"TAX1BP3",0.977194640799558
"TAZ",NA
"TBATA",NA
"TBC1D1",0.933379624829077
"TBC1D10A",0.000553781450222814
"TBC1D10B",0.984654367855358
"TBC1D10C",NA
"TBC1D12",NA
"TBC1D13",0.99297423193221
"TBC1D14",NA
"TBC1D15",0.218814883244504
"TBC1D16",NA
"TBC1D17",0.998572516491191
"TBC1D19",NA
"TBC1D2",NA
"TBC1D20",NA
"TBC1D21",NA
"TBC1D22A",0.0590870602104584
"TBC1D22B",NA
"TBC1D23",0.11565576846763
"TBC1D24",0.873506969580244
"TBC1D25",NA
"TBC1D26",NA
"TBC1D28",NA
"TBC1D2B",0.0861902748208878
"TBC1D3",NA
"TBC1D30",NA
"TBC1D31",NA
"TBC1D32",NA
"TBC1D3B",NA
"TBC1D3C",NA
"TBC1D3E",NA
"TBC1D3F",NA
"TBC1D3G",NA
"TBC1D3H",NA
"TBC1D3I",NA
"TBC1D3J",NA
"TBC1D3K",NA
"TBC1D3L",NA
"TBC1D4",0.574453239972548
"TBC1D5",0.144322183355277
"TBC1D7",NA
"TBC1D8",NA
"TBC1D8B",NA
"TBC1D9",NA
"TBC1D9B",0.763257241408342
"TBCA",0.0607465987124306
"TBCB",0.787525062708737
"TBCC",0.149657663121639
"TBCCD1",NA
"TBCD",0.736225654372415
"TBCE",0.38081260145786
"TBCEL",0.730527574771486
"TBCK",0.997235779807143
"TBK1",0.515353079002528
"TBKBP1",NA
"TBL1X",NA
"TBL1XR1",0.100579804408122
"TBL1Y",NA
"TBL2",0.12691984716583
"TBL3",0.197487755682698
"TBP",NA
"TBPL1",NA
"TBPL2",NA
"TBR1",NA
"TBRG1",NA
"TBRG4",NA
"TBX1",NA
"TBX10",NA
"TBX15",NA
"TBX18",NA
"TBX19",NA
"TBX2",NA
"TBX20",NA
"TBX21",NA
"TBX22",NA
"TBX3",NA
"TBX4",NA
"TBX5",NA
"TBX6",NA
"TBXA2R",NA
"TBXAS1",1.19307317880181e-10
"TC2N",NA
"TCAF1",0.941569916333144
"TCAF2",NA
"TCAIM",NA
"TCAP",NA
"TCEA1",0.0580491159140871
"TCEA2",NA
"TCEA3",NA
"TCEAL1",NA
"TCEAL2",0.983721337216787
"TCEAL3",0.996409872635949
"TCEAL4",0.497510512152759
"TCEAL5",0.983126557307588
"TCEAL6",0.71110177785006
"TCEAL7",NA
"TCEAL8",NA
"TCEANC",NA
"TCEANC2",NA
"TCERG1",0.272928939630588
"TCERG1L",NA
"TCF12",0.263072607488045
"TCF15",NA
"TCF19",NA
"TCF20",NA
"TCF21",NA
"TCF23",NA
"TCF24",NA
"TCF25",0.978507716213164
"TCF3",NA
"TCF4",NA
"TCF7",NA
"TCF7L1",NA
"TCF7L2",NA
"TCFL5",NA
"TCHH",NA
"TCHHL1",NA
"TCHP",NA
"TCIRG1",NA
"TCL1A",NA
"TCL1B",NA
"TCN1",NA
"TCN2",NA
"TCOF1",0.425193664488861
"TCP1",0.0184037182923283
"TCP10L",NA
"TCP10L2",NA
"TCP11",NA
"TCP11L1",0.833368687462719
"TCP11L2",NA
"TCP11X1",NA
"TCP11X2",NA
"TCTA",NA
"TCTE1",NA
"TCTE3",NA
"TCTEX1D1",NA
"TCTEX1D2",NA
"TCTEX1D4",NA
"TCTN1",NA
"TCTN2",NA
"TCTN3",NA
"TDG",NA
"TDGF1",NA
"TDO2",NA
"TDP1",NA
"TDP2",0.0771578051519828
"TDRD1",NA
"TDRD10",NA
"TDRD12",NA
"TDRD15",NA
"TDRD3",0.00770385584877201
"TDRD5",NA
"TDRD6",NA
"TDRD7",0.796575246061174
"TDRD9",NA
"TDRKH",0.505486654816686
"TDRP",0.000107199527568469
"TEAD1",0.0676238971367917
"TEAD2",NA
"TEAD3",NA
"TEAD4",NA
"TEC",NA
"TECPR1",0.792382069863589
"TECPR2",0.588471556974462
"TECR",0.220420078980669
"TECRL",NA
"TECTA",NA
"TECTB",NA
"TEDDM1",NA
"TEF",NA
"TEFM",NA
"TEK",NA
"TEKT1",NA
"TEKT2",NA
"TEKT3",NA
"TEKT4",NA
"TEKT5",NA
"TELO2",0.896260614896712
"TEN1",NA
"TENM1",NA
"TENM2",NA
"TENM3",0.650979734675859
"TENM4",0.904686299719391
"TEP1",NA
"TEPP",NA
"TERF1",NA
"TERF2",0.0849707755761423
"TERF2IP",0.00857718533684328
"TERT",NA
"TES",0.789625621874429
"TESC",NA
"TESK1",NA
"TESK2",NA
"TESPA1",NA
"TET1",NA
"TET2",NA
"TET3",NA
"TEX10",0.998371270819911
"TEX101",NA
"TEX11",NA
"TEX12",NA
"TEX13A",NA
"TEX13B",NA
"TEX14",NA
"TEX15",NA
"TEX19",NA
"TEX2",0.00761042247848062
"TEX22",NA
"TEX26",NA
"TEX261",NA
"TEX264",NA
"TEX28",NA
"TEX29",NA
"TEX30",NA
"TEX33",NA
"TEX35",NA
"TEX36",NA
"TEX37",NA
"TEX38",NA
"TEX43",NA
"TEX9",NA
"TF",0.00636915380687766
"TFAM",0.170771017164506
"TFAP2A",NA
"TFAP2B",NA
"TFAP2C",NA
"TFAP2D",NA
"TFAP2E",NA
"TFAP4",NA
"TFB1M",NA
"TFB2M",NA
"TFCP2",0.982720536250968
"TFCP2L1",NA
"TFDP1",0.947291153552394
"TFDP2",NA
"TFDP3",NA
"TFE3",NA
"TFEB",NA
"TFEC",NA
"TFF1",NA
"TFF2",NA
"TFF3",NA
"TFG",0.835120315026502
"TFIP11",0.0271309965416215
"TFPI",NA
"TFPI2",NA
"TFPT",NA
"TFR2",NA
"TFRC",0.18002179266588
"TG",NA
"TGDS",NA
"TGFA",NA
"TGFB1",NA
"TGFB1I1",0.0690966467685625
"TGFB2",NA
"TGFB3",NA
"TGFBI",0.574295717515227
"TGFBR1",NA
"TGFBR2",NA
"TGFBR3",NA
"TGFBR3L",NA
"TGFBRAP1",0.131370354754479
"TGIF1",NA
"TGIF2",NA
"TGIF2LX",NA
"TGIF2LY",NA
"TGM1",NA
"TGM2",0.0534760663147257
"TGM3",NA
"TGM4",NA
"TGM5",NA
"TGM6",NA
"TGM7",NA
"TGOLN2",0.688442786077093
"TGS1",NA
"TH",NA
"THADA",NA
"THAP1",NA
"THAP10",NA
"THAP11",NA
"THAP2",NA
"THAP3",NA
"THAP4",NA
"THAP5",NA
"THAP6",NA
"THAP7",NA
"THAP8",NA
"THAP9",NA
"THBD",NA
"THBS1",0.999990887004402
"THBS2",0.424761925775829
"THBS3",0.349421824423824
"THBS4",0.422269462498037
"THEG",NA
"THEGL",NA
"THEM4",NA
"THEM5",NA
"THEM6",0.791031619957302
"THEMIS",NA
"THEMIS2",NA
"THG1L",NA
"THNSL1",0.00640133246653961
"THNSL2",0.223955315977906
"THOC1",0.416505574005598
"THOC2",0.327545436341531
"THOC3",0.00924841740442576
"THOC5",0.0533178414021666
"THOC6",0.237912818462744
"THOC7",0.0262819992636844
"THOP1",0.998444610652801
"THPO",NA
"THRA",NA
"THRAP3",0.0982830416115906
"THRB",NA
"THRSP",NA
"THSD1",NA
"THSD4",0.00828502496218327
"THSD7A",0.78025691872875
"THSD7B",NA
"THTPA",0.987683963361286
"THUMPD1",0.00121869926725965
"THUMPD2",NA
"THUMPD3",0.847539098059114
"THY1",0.70500582708711
"THYN1",0.752390374277559
"TIA1",0.135486691320726
"TIAF1",NA
"TIAL1",0.984216654198809
"TIAM1",0.995144854130652
"TIAM2",NA
"TICAM1",NA
"TICAM2",NA
"TICRR",NA
"TIE1",NA
"TIFA",NA
"TIFAB",NA
"TIGAR",0.698005225905175
"TIGD1",NA
"TIGD2",NA
"TIGD3",NA
"TIGD4",NA
"TIGD5",NA
"TIGD6",NA
"TIGD7",NA
"TIGIT",NA
"TIMD4",NA
"TIMELESS",NA
"TIMM10",NA
"TIMM10B",NA
"TIMM13",0.382781834249616
"TIMM17A",NA
"TIMM17B",NA
"TIMM21",NA
"TIMM22",NA
"TIMM23",NA
"TIMM23B",0.096754517831346
"TIMM44",0.857707335020324
"TIMM50",0.968859618639949
"TIMM8A",NA
"TIMM8B",NA
"TIMM9",NA
"TIMMDC1",0.000335905881258962
"TIMP1",0.00225885392121488
"TIMP2",0.341180565990926
"TIMP3",NA
"TIMP4",NA
"TINAG",NA
"TINAGL1",0.998231546248033
"TINF2",NA
"TIPARP",NA
"TIPIN",NA
"TIPRL",0.0799122077357971
"TIRAP",NA
"TJAP1",0.18188081670685
"TJP1",0.814951303620589
"TJP2",0.214670346268584
"TJP3",NA
"TK1",NA
"TK2",0.327442274846187
"TKFC",0.060302575598855
"TKT",0.992748252478844
"TKTL1",NA
"TKTL2",NA
"TLCD1",NA
"TLCD2",NA
"TLDC1",0.899664651648136
"TLDC2",NA
"TLE1",0.0186364668584039
"TLE2",NA
"TLE3",0.90057985630816
"TLE4",NA
"TLE6",NA
"TLK1",NA
"TLK2",NA
"TLL1",NA
"TLL2",NA
"TLN1",4.95661583579305e-07
"TLN2",0.655537167572124
"TLR1",NA
"TLR10",NA
"TLR2",NA
"TLR3",0.199883620892737
"TLR4",NA
"TLR5",NA
"TLR6",NA
"TLR7",NA
"TLR8",NA
"TLR9",NA
"TLX1",NA
"TLX2",NA
"TLX3",NA
"TM2D1",NA
"TM2D2",NA
"TM2D3",NA
"TM4SF1",NA
"TM4SF18",NA
"TM4SF19",NA
"TM4SF20",NA
"TM4SF4",NA
"TM4SF5",NA
"TM6SF1",NA
"TM6SF2",NA
"TM7SF2",0.595748549537694
"TM7SF3",NA
"TM9SF1",NA
"TM9SF2",0.711672597579901
"TM9SF3",0.620464428154422
"TM9SF4",0.912253960142091
"TMA16",0.980202778305827
"TMA7",0.970869613038164
"TMBIM1",0.0653841206378168
"TMBIM4",NA
"TMBIM6",0.309872171055529
"TMC1",NA
"TMC2",NA
"TMC3",NA
"TMC4",NA
"TMC5",NA
"TMC6",NA
"TMC7",NA
"TMC8",NA
"TMCC1",0.973575574598812
"TMCC2",NA
"TMCC3",0.0849890341106783
"TMCO1",0.928854677716894
"TMCO2",NA
"TMCO3",NA
"TMCO4",NA
"TMCO5A",NA
"TMCO6",NA
"TMED1",0.994740961114245
"TMED10",0.372208864757384
"TMED2",0.22636808259365
"TMED3",NA
"TMED4",0.875240220376545
"TMED5",0.0445571306555821
"TMED6",NA
"TMED7",NA
"TMED7-TICAM2",0.337931831372154
"TMED8",0.325516047877795
"TMED9",0.0638497184940914
"TMEFF1",NA
"TMEFF2",NA
"TMEM100",NA
"TMEM101",NA
"TMEM102",NA
"TMEM104",NA
"TMEM106A",NA
"TMEM106B",0.970422230451562
"TMEM106C",NA
"TMEM107",NA
"TMEM108",NA
"TMEM109",0.383026950060518
"TMEM11",0.0464859174582818
"TMEM114",NA
"TMEM115",0.201221866425548
"TMEM116",NA
"TMEM117",NA
"TMEM119",0.436809751226811
"TMEM120A",3.15680441657864e-06
"TMEM120B",NA
"TMEM121",NA
"TMEM123",NA
"TMEM125",NA
"TMEM126A",0.959911762698235
"TMEM126B",NA
"TMEM127",NA
"TMEM128",NA
"TMEM129",NA
"TMEM130",NA
"TMEM131",NA
"TMEM132A",0.673920778704032
"TMEM132B",0.220539380422628
"TMEM132C",NA
"TMEM132D",NA
"TMEM132E",0.261012963011633
"TMEM134",NA
"TMEM135",NA
"TMEM138",NA
"TMEM139",NA
"TMEM140",NA
"TMEM141",NA
"TMEM143",NA
"TMEM144",NA
"TMEM145",NA
"TMEM147",NA
"TMEM14A",NA
"TMEM14B",NA
"TMEM14C",NA
"TMEM150A",NA
"TMEM150B",NA
"TMEM150C",NA
"TMEM151A",NA
"TMEM151B",NA
"TMEM154",NA
"TMEM155",NA
"TMEM156",NA
"TMEM158",NA
"TMEM159",NA
"TMEM160",NA
"TMEM161A",NA
"TMEM161B",NA
"TMEM163",0.316555322187056
"TMEM164",NA
"TMEM165",0.310293712712931
"TMEM167A",0.995853715460129
"TMEM167B",NA
"TMEM168",NA
"TMEM169",NA
"TMEM17",NA
"TMEM170A",NA
"TMEM170B",NA
"TMEM171",NA
"TMEM173",0.0425918380009448
"TMEM174",NA
"TMEM175",NA
"TMEM176A",NA
"TMEM176B",NA
"TMEM177",NA
"TMEM178A",NA
"TMEM178B",NA
"TMEM179",NA
"TMEM179B",NA
"TMEM18",NA
"TMEM181",NA
"TMEM182",NA
"TMEM183A",NA
"TMEM184A",NA
"TMEM184B",NA
"TMEM184C",NA
"TMEM185A",NA
"TMEM185B",NA
"TMEM186",NA
"TMEM187",NA
"TMEM189",NA
"TMEM189-UBE2V1",NA
"TMEM19",NA
"TMEM190",NA
"TMEM191B",NA
"TMEM191C",NA
"TMEM192",0.828980629636949
"TMEM196",NA
"TMEM198",NA
"TMEM199",0.717488572874088
"TMEM200A",NA
"TMEM200B",NA
"TMEM200C",NA
"TMEM201",0.713663544392047
"TMEM202",NA
"TMEM203",NA
"TMEM204",NA
"TMEM205",0.000173934747833626
"TMEM207",NA
"TMEM208",NA
"TMEM209",NA
"TMEM210",NA
"TMEM211",NA
"TMEM212",NA
"TMEM213",NA
"TMEM214",NA
"TMEM215",NA
"TMEM216",NA
"TMEM217",NA
"TMEM218",NA
"TMEM219",NA
"TMEM220",NA
"TMEM221",NA
"TMEM222",NA
"TMEM223",NA
"TMEM225",NA
"TMEM229A",NA
"TMEM229B",NA
"TMEM230",NA
"TMEM231",0.00924460667468128
"TMEM232",NA
"TMEM233",NA
"TMEM234",NA
"TMEM235",NA
"TMEM236",NA
"TMEM237",NA
"TMEM238",NA
"TMEM239",NA
"TMEM240",NA
"TMEM241",NA
"TMEM242",NA
"TMEM243",NA
"TMEM244",NA
"TMEM245",0.985322115302749
"TMEM246",NA
"TMEM247",NA
"TMEM248",NA
"TMEM249",NA
"TMEM25",NA
"TMEM251",NA
"TMEM252",NA
"TMEM253",NA
"TMEM254",NA
"TMEM255A",NA
"TMEM255B",NA
"TMEM256",NA
"TMEM258",NA
"TMEM259",NA
"TMEM26",NA
"TMEM260",NA
"TMEM262",NA
"TMEM263",0.264418419839509
"TMEM265",NA
"TMEM30A",0.996850563914631
"TMEM30B",NA
"TMEM31",NA
"TMEM33",0.721233833536048
"TMEM35A",0.981682906135781
"TMEM37",NA
"TMEM38A",NA
"TMEM38B",NA
"TMEM39A",NA
"TMEM39B",NA
"TMEM40",NA
"TMEM41A",NA
"TMEM41B",NA
"TMEM42",NA
"TMEM43",0.283761893421524
"TMEM44",NA
"TMEM45A",NA
"TMEM45B",NA
"TMEM47",NA
"TMEM50A",NA
"TMEM50B",NA
"TMEM51",NA
"TMEM52",NA
"TMEM52B",NA
"TMEM53",NA
"TMEM54",NA
"TMEM59",NA
"TMEM59L",NA
"TMEM60",NA
"TMEM61",NA
"TMEM62",NA
"TMEM63A",NA
"TMEM63B",NA
"TMEM63C",NA
"TMEM64",NA
"TMEM65",0.983425575032031
"TMEM67",NA
"TMEM68",NA
"TMEM69",NA
"TMEM70",NA
"TMEM71",NA
"TMEM72",NA
"TMEM74",NA
"TMEM74B",NA
"TMEM78",NA
"TMEM79",NA
"TMEM80",NA
"TMEM81",NA
"TMEM82",NA
"TMEM86A",NA
"TMEM86B",NA
"TMEM87A",0.729907924361422
"TMEM87B",NA
"TMEM88",NA
"TMEM88B",NA
"TMEM89",NA
"TMEM8A",NA
"TMEM8B",NA
"TMEM9",NA
"TMEM91",NA
"TMEM92",NA
"TMEM94",0.958197614428569
"TMEM95",NA
"TMEM97",0.00145190512361678
"TMEM98",NA
"TMEM9B",0.0220098469545526
"TMF1",0.999790124709069
"TMIE",NA
"TMIGD1",NA
"TMIGD2",NA
"TMLHE",0.00999801080308451
"TMOD1",0.736954862787805
"TMOD2",0.938591185238258
"TMOD3",0.409359768609166
"TMOD4",NA
"TMPO",0.0908021654468074
"TMPPE",NA
"TMPRSS11A",NA
"TMPRSS11B",NA
"TMPRSS11D",NA
"TMPRSS11E",NA
"TMPRSS11F",NA
"TMPRSS12",NA
"TMPRSS13",NA
"TMPRSS15",NA
"TMPRSS2",NA
"TMPRSS3",NA
"TMPRSS4",NA
"TMPRSS5",NA
"TMPRSS6",NA
"TMPRSS7",NA
"TMPRSS9",NA
"TMSB10",NA
"TMSB15A",NA
"TMSB15B",NA
"TMSB4X",0.446555001014063
"TMSB4Y",NA
"TMTC1",NA
"TMTC2",NA
"TMTC3",0.0940383038850916
"TMTC4",NA
"TMUB1",0.061435552347658
"TMUB2",NA
"TMX1",0.0185870933691575
"TMX2",0.634973435255092
"TMX3",6.37450791176745e-05
"TMX4",0.963476918275662
"TNC",0.770247830856896
"TNF",NA
"TNFAIP1",NA
"TNFAIP2",0.0376043122058469
"TNFAIP3",NA
"TNFAIP6",NA
"TNFAIP8",0.686565366800237
"TNFAIP8L1",NA
"TNFAIP8L2",NA
"TNFAIP8L3",0.681907398098066
"TNFRSF10A",NA
"TNFRSF10B",NA
"TNFRSF10C",NA
"TNFRSF10D",NA
"TNFRSF11A",NA
"TNFRSF11B",NA
"TNFRSF12A",NA
"TNFRSF13B",NA
"TNFRSF13C",NA
"TNFRSF14",NA
"TNFRSF17",NA
"TNFRSF18",NA
"TNFRSF19",NA
"TNFRSF1A",NA
"TNFRSF1B",NA
"TNFRSF21",NA
"TNFRSF25",NA
"TNFRSF4",NA
"TNFRSF6B",NA
"TNFRSF8",NA
"TNFRSF9",NA
"TNFSF10",NA
"TNFSF11",NA
"TNFSF12",NA
"TNFSF12-TNFSF13",NA
"TNFSF13",NA
"TNFSF13B",NA
"TNFSF14",NA
"TNFSF15",NA
"TNFSF18",NA
"TNFSF4",NA
"TNFSF8",NA
"TNFSF9",NA
"TNIK",0.623215821270484
"TNIP1",NA
"TNIP2",NA
"TNIP3",NA
"TNK1",NA
"TNK2",NA
"TNKS",NA
"TNKS1BP1",0.0206599126388174
"TNKS2",NA
"TNMD",NA
"TNN",NA
"TNNC1",NA
"TNNC2",NA
"TNNI1",NA
"TNNI2",NA
"TNNI3",NA
"TNNI3K",NA
"TNNT1",NA
"TNNT2",NA
"TNNT3",NA
"TNP1",NA
"TNP2",NA
"TNPO1",0.93616414546244
"TNPO2",0.000882357891620242
"TNPO3",0.818179609133938
"TNR",0.868287361427053
"TNRC18",NA
"TNRC6A",NA
"TNRC6B",0.978925968067057
"TNRC6C",NA
"TNS1",0.642940070759783
"TNS2",0.276753442106378
"TNS3",0.0959368472723348
"TNS4",NA
"TNXB",0.963957451301116
"TOB1",NA
"TOB2",NA
"TOE1",NA
"TOLLIP",0.887632644789065
"TOM1",0.88315864442514
"TOM1L1",0.997532078507162
"TOM1L2",0.985365096620971
"TOMM20",0.44503299828856
"TOMM20L",NA
"TOMM22",0.713520259242898
"TOMM34",0.0922280850426972
"TOMM40",0.873907588131798
"TOMM40L",NA
"TOMM5",NA
"TOMM6",NA
"TOMM7",NA
"TOMM70",0.378180522361213
"TONSL",NA
"TOP1",0.864816368449036
"TOP1MT",NA
"TOP2A",NA
"TOP2B",0.781069559871967
"TOP3A",NA
"TOP3B",NA
"TOPAZ1",NA
"TOPBP1",NA
"TOPORS",NA
"TOR1A",0.940679382666159
"TOR1AIP1",0.246557594808508
"TOR1AIP2",0.073331789098214
"TOR1B",NA
"TOR2A",NA
"TOR3A",NA
"TOR4A",NA
"TOX",NA
"TOX2",NA
"TOX3",NA
"TOX4",0.026158352024791
"TP53",NA
"TP53AIP1",NA
"TP53BP1",0.00305583144822986
"TP53BP2",0.94954567065095
"TP53I11",0.0700225944052066
"TP53I13",NA
"TP53I3",0.109141772357535
"TP53INP1",NA
"TP53INP2",NA
"TP53RK",0.691239032637746
"TP53TG3",NA
"TP53TG3B",NA
"TP53TG3C",NA
"TP53TG3D",NA
"TP53TG5",NA
"TP63",NA
"TP73",NA
"TPBG",0.882121604933927
"TPBGL",NA
"TPCN1",NA
"TPCN2",NA
"TPD52",0.72477217003547
"TPD52L1",0.928385088802563
"TPD52L2",0.725366380534128
"TPD52L3",NA
"TPGS1",0.86754956060387
"TPGS2",NA
"TPH1",NA
"TPH2",NA
"TPI1",0.990909338353272
"TPK1",NA
"TPM1",0.733500840159549
"TPM2",0.714320522971079
"TPM3",0.972162795556249
"TPM4",0.990234220303171
"TPMT",0.44807464287591
"TPO",NA
"TPP1",2.33442303447971e-05
"TPP2",0.451915366253198
"TPPP",0.418979906496219
"TPPP2",NA
"TPPP3",0.12841277659813
"TPR",0.0495196977141935
"TPRA1",NA
"TPRG1",NA
"TPRG1L",0.887771154037241
"TPRKB",0.89796829707617
"TPRN",NA
"TPRX1",NA
"TPSAB1",0.275048013742183
"TPSB2",NA
"TPSD1",NA
"TPSG1",NA
"TPST1",NA
"TPST2",NA
"TPT1",0.885715793844968
"TPTE",NA
"TPTE2",NA
"TPTEP2-CSNK1E",0.959307160163659
"TPX2",NA
"TRA2A",0.00395904712924163
"TRA2B",0.0438369546182712
"TRABD",NA
"TRABD2A",NA
"TRABD2B",NA
"TRADD",0.504858221294598
"TRAF1",NA
"TRAF2",0.711908240027295
"TRAF3",0.44157153624145
"TRAF3IP1",NA
"TRAF3IP2",NA
"TRAF3IP3",NA
"TRAF4",NA
"TRAF5",NA
"TRAF6",0.0161848004357399
"TRAF7",NA
"TRAFD1",0.781633385460649
"TRAIP",NA
"TRAK1",NA
"TRAK2",NA
"TRAM1",0.0447644348983643
"TRAM1L1",NA
"TRAM2",NA
"TRANK1",NA
"TRAP1",0.0845772779342476
"TRAPPC1",0.974264233239124
"TRAPPC10",0.999950417633624
"TRAPPC11",0.595227155277982
"TRAPPC12",0.755673228200273
"TRAPPC13",0.917051348492044
"TRAPPC2",0.874790859896813
"TRAPPC2B",NA
"TRAPPC2L",0.874118112951021
"TRAPPC3",0.999943655480422
"TRAPPC3L",NA
"TRAPPC4",0.998214983884787
"TRAPPC5",0.956260414015104
"TRAPPC6A",NA
"TRAPPC6B",0.953039835848429
"TRAPPC8",0.580686926799353
"TRAPPC9",0.950066967993324
"TRAT1",NA
"TRDMT1",NA
"TRDN",NA
"TREH",NA
"TREM1",NA
"TREM2",NA
"TREML1",NA
"TREML2",NA
"TREML4",NA
"TRERF1",NA
"TREX1",0.999215556900558
"TREX2",NA
"TRH",NA
"TRHDE",NA
"TRHR",NA
"TRIAP1",NA
"TRIB1",NA
"TRIB2",NA
"TRIB3",NA
"TRIL",NA
"TRIM10",NA
"TRIM11",NA
"TRIM13",NA
"TRIM14",0.000105388674738404
"TRIM15",NA
"TRIM16",NA
"TRIM16L",NA
"TRIM17",NA
"TRIM2",0.39131009851327
"TRIM21",0.000274261416698778
"TRIM22",NA
"TRIM23",NA
"TRIM24",0.165313952901188
"TRIM25",0.00511782395353686
"TRIM26",0.875483677762225
"TRIM27",NA
"TRIM28",0.0300583402993692
"TRIM29",NA
"TRIM3",0.961986146815332
"TRIM31",NA
"TRIM32",0.970602618848756
"TRIM33",0.000840502245858877
"TRIM34",NA
"TRIM35",NA
"TRIM36",0.0203867489145477
"TRIM37",NA
"TRIM38",NA
"TRIM39",NA
"TRIM39-RPP21",NA
"TRIM4",0.999065080853089
"TRIM40",NA
"TRIM41",NA
"TRIM42",NA
"TRIM43",NA
"TRIM43B",NA
"TRIM44",NA
"TRIM45",NA
"TRIM46",0.946609870083892
"TRIM47",0.00206995895254387
"TRIM48",NA
"TRIM49",NA
"TRIM49B",NA
"TRIM49C",NA
"TRIM49D1",NA
"TRIM49D2",NA
"TRIM5",NA
"TRIM50",NA
"TRIM51",NA
"TRIM52",NA
"TRIM54",NA
"TRIM55",NA
"TRIM56",0.132991062688919
"TRIM58",NA
"TRIM59",NA
"TRIM6",NA
"TRIM6-TRIM34",NA
"TRIM60",NA
"TRIM61",NA
"TRIM62",NA
"TRIM63",NA
"TRIM64",NA
"TRIM64B",NA
"TRIM64C",NA
"TRIM65",NA
"TRIM66",NA
"TRIM67",NA
"TRIM68",NA
"TRIM69",NA
"TRIM7",NA
"TRIM71",NA
"TRIM72",0.994527941074449
"TRIM73",NA
"TRIM74",NA
"TRIM77",NA
"TRIM8",NA
"TRIM9",0.0636436962814901
"TRIML1",NA
"TRIML2",NA
"TRIO",0.522105213869226
"TRIOBP",0.33440866136992
"TRIP10",0.137843503083064
"TRIP11",0.274234101618202
"TRIP12",0.958332998528922
"TRIP13",0.960159922778776
"TRIP4",0.0145214587311724
"TRIP6",0.798669059176627
"TRIQK",0.972407089499397
"TRIR",0.10781539590262
"TRIT1",NA
"TRMT1",0.275669035517028
"TRMT10A",NA
"TRMT10B",NA
"TRMT10C",0.242775262969128
"TRMT11",0.112335920866485
"TRMT112",0.604766971224464
"TRMT12",NA
"TRMT13",NA
"TRMT1L",0.994735909548045
"TRMT2A",0.998859582095638
"TRMT2B",NA
"TRMT44",NA
"TRMT5",0.999985709351136
"TRMT6",0.289953576660579
"TRMT61A",0.106402498854577
"TRMT61B",0.00030580492768886
"TRMU",NA
"TRNAU1AP",NA
"TRNP1",NA
"TRNT1",0.88214905464418
"TRO",NA
"TROAP",NA
"TROVE2",0.23139025284643
"TRPA1",NA
"TRPC1",NA
"TRPC3",NA
"TRPC4",NA
"TRPC4AP",NA
"TRPC5",NA
"TRPC5OS",NA
"TRPC6",NA
"TRPC7",NA
"TRPM1",NA
"TRPM2",NA
"TRPM3",NA
"TRPM4",NA
"TRPM5",NA
"TRPM6",NA
"TRPM7",NA
"TRPM8",NA
"TRPS1",NA
"TRPT1",NA
"TRPV1",NA
"TRPV2",NA
"TRPV3",NA
"TRPV4",NA
"TRPV5",NA
"TRPV6",NA
"TRRAP",0.0689617182498391
"TRUB1",0.0440480418203903
"TRUB2",NA
"TSACC",NA
"TSC1",0.96164169235928
"TSC2",0.98673626092864
"TSC22D1",0.315130213808769
"TSC22D2",NA
"TSC22D3",NA
"TSC22D4",0.204310845831036
"TSEN15",NA
"TSEN2",NA
"TSEN34",0.00502973113924647
"TSEN54",NA
"TSFM",0.0487282727851448
"TSG101",0.366209980435716
"TSGA10",NA
"TSGA10IP",NA
"TSGA13",NA
"TSHB",NA
"TSHR",NA
"TSHZ1",NA
"TSHZ2",NA
"TSHZ3",NA
"TSKS",NA
"TSKU",NA
"TSLP",NA
"TSN",0.0505885643220294
"TSNARE1",NA
"TSNAX",0.00218269201481551
"TSNAXIP1",NA
"TSPAN1",NA
"TSPAN10",NA
"TSPAN11",NA
"TSPAN12",NA
"TSPAN13",NA
"TSPAN14",NA
"TSPAN15",NA
"TSPAN16",NA
"TSPAN17",NA
"TSPAN18",NA
"TSPAN19",NA
"TSPAN2",NA
"TSPAN3",0.985410305088063
"TSPAN31",NA
"TSPAN32",NA
"TSPAN33",NA
"TSPAN4",NA
"TSPAN5",NA
"TSPAN6",0.701692224720092
"TSPAN7",0.983949630420548
"TSPAN8",NA
"TSPAN9",NA
"TSPEAR",NA
"TSPO",0.0164121749798756
"TSPO2",NA
"TSPY1",NA
"TSPY10",NA
"TSPY2",NA
"TSPY3",NA
"TSPY4",NA
"TSPY8",NA
"TSPYL1",0.582839753929134
"TSPYL2",NA
"TSPYL4",NA
"TSPYL5",0.510320881263064
"TSPYL6",NA
"TSR1",0.968657756107161
"TSR2",0.798108931323756
"TSR3",NA
"TSSC4",0.176426488834261
"TSSK1B",NA
"TSSK2",NA
"TSSK3",NA
"TSSK4",NA
"TSSK6",NA
"TST",0.535517431272235
"TSTA3",0.625204368232091
"TSTD1",0.36640584852645
"TSTD2",NA
"TSTD3",NA
"TTBK1",NA
"TTBK2",NA
"TTC1",0.851908815636193
"TTC12",NA
"TTC13",NA
"TTC14",NA
"TTC16",NA
"TTC17",NA
"TTC19",7.42443647853973e-05
"TTC21A",NA
"TTC21B",0.333715384883275
"TTC22",NA
"TTC23",NA
"TTC23L",NA
"TTC24",NA
"TTC25",NA
"TTC26",NA
"TTC27",0.828081750071845
"TTC28",0.797210982576808
"TTC29",NA
"TTC3",NA
"TTC30A",NA
"TTC30B",NA
"TTC31",NA
"TTC32",NA
"TTC33",0.000463026865558623
"TTC34",NA
"TTC36",NA
"TTC37",0.668403489651245
"TTC38",0.71256561194098
"TTC39A",NA
"TTC39B",NA
"TTC39C",0.206597168778368
"TTC4",0.297752918976993
"TTC5",0.00627042512919259
"TTC6",NA
"TTC7A",NA
"TTC7B",0.999635595693535
"TTC8",0.966046453421865
"TTC9",0.757167852560528
"TTC9B",NA
"TTC9C",0.781451368552511
"TTF1",NA
"TTF2",NA
"TTI1",NA
"TTI2",NA
"TTK",NA
"TTL",NA
"TTLL1",NA
"TTLL10",NA
"TTLL11",NA
"TTLL12",0.218422835586244
"TTLL2",NA
"TTLL3",NA
"TTLL4",0.896134544085262
"TTLL5",NA
"TTLL6",NA
"TTLL7",NA
"TTLL8",NA
"TTLL9",NA
"TTN",0.112127167136027
"TTPA",NA
"TTPAL",NA
"TTR",0.00365289240694358
"TTYH1",0.89271627457598
"TTYH2",0.967127045361778
"TTYH3",0.581662002410009
"TUB",0.880524760611562
"TUBA1A",0.831571163689968
"TUBA1B",0.900398870548956
"TUBA1C",0.131189449665154
"TUBA3C",NA
"TUBA3D",NA
"TUBA3E",NA
"TUBA4A",0.707658742325201
"TUBA4B",NA
"TUBA8",0.395305521325268
"TUBAL3",NA
"TUBB",0.913691867067159
"TUBB1",0.999831855058932
"TUBB2A",0.959521225934179
"TUBB2B",0.999684579569816
"TUBB3",0.823781293125261
"TUBB4A",0.880947551491196
"TUBB4B",0.0010034857592089
"TUBB6",0.141557440369859
"TUBB8",NA
"TUBB8P12",NA
"TUBD1",NA
"TUBE1",NA
"TUBG1",0.0640441469090508
"TUBG2",NA
"TUBGCP2",0.539264792056469
"TUBGCP3",0.364509158732265
"TUBGCP4",0.946906180758935
"TUBGCP5",NA
"TUBGCP6",0.257249697129852
"TUFM",0.0249539257848557
"TUFT1",NA
"TULP1",NA
"TULP2",NA
"TULP3",NA
"TULP4",NA
"TUSC1",NA
"TUSC2",0.364466378508724
"TUSC3",NA
"TUT1",NA
"TVP23A",NA
"TVP23B",NA
"TVP23C",NA
"TVP23C-CDRT4",NA
"TWF1",0.0710711519509478
"TWF2",0.0414128976265065
"TWIST1",NA
"TWIST2",NA
"TWISTNB",NA
"TWSG1",NA
"TXK",NA
"TXLNA",0.0771196228273057
"TXLNB",NA
"TXLNG",0.710848779179343
"TXN",0.108056392158082
"TXN2",0.985185263751018
"TXNDC11",NA
"TXNDC12",0.610438856469881
"TXNDC15",NA
"TXNDC16",NA
"TXNDC17",0.693733184640699
"TXNDC2",NA
"TXNDC5",0.0278819757992292
"TXNDC8",NA
"TXNDC9",0.508581848414519
"TXNIP",0.774204660237826
"TXNL1",0.790940317876714
"TXNL4A",0.594378736165554
"TXNL4B",NA
"TXNRD1",0.792522207077871
"TXNRD2",0.84656325520148
"TXNRD3",NA
"TYK2",NA
"TYMP",4.2262959803847e-05
"TYMS",NA
"TYMSOS",NA
"TYR",NA
"TYRO3",NA
"TYROBP",NA
"TYRP1",NA
"TYSND1",NA
"TYW1",NA
"TYW1B",NA
"TYW3",NA
"TYW5",NA
"U2AF1",NA
"U2AF1L4",NA
"U2AF1L5",0.105151450867144
"U2AF2",0.152900735249939
"U2SURP",0.0632630564212311
"UACA",0.929391824740669
"UAP1",0.794878786478771
"UAP1L1",0.933032898844793
"UBA1",0.864397726497454
"UBA2",0.00756985898364505
"UBA3",0.0601249342321304
"UBA5",0.990355868848363
"UBA52",NA
"UBA6",0.935264178417572
"UBA7",4.27333207016366e-08
"UBAC1",0.994592131935276
"UBAC2",0.988971495617819
"UBALD1",NA
"UBALD2",NA
"UBAP1",0.951832814853806
"UBAP1L",NA
"UBAP2",0.859404114885548
"UBAP2L",0.529511919368328
"UBASH3A",NA
"UBASH3B",0.298967986848902
"UBB",NA
"UBC",NA
"UBD",NA
"UBE2A",0.45321249124477
"UBE2B",NA
"UBE2C",NA
"UBE2D1",0.858137363283429
"UBE2D2",0.0268653489998578
"UBE2D3",NA
"UBE2D4",NA
"UBE2E1",0.760425160338808
"UBE2E2",NA
"UBE2E3",0.338906873937308
"UBE2F",0.844943411459641
"UBE2G1",0.999457637256657
"UBE2G2",0.479633996983161
"UBE2H",0.998088988380795
"UBE2I",0.00915939775321824
"UBE2J1",NA
"UBE2J2",NA
"UBE2K",0.0840662066789294
"UBE2L3",0.994106509667483
"UBE2L6",0.0153409347743228
"UBE2M",0.032305168210556
"UBE2N",0.0294341615907119
"UBE2NL",NA
"UBE2O",0.129957142307761
"UBE2Q1",0.87796302553488
"UBE2Q2",NA
"UBE2Q2L",NA
"UBE2QL1",NA
"UBE2R2",0.571883473167478
"UBE2S",NA
"UBE2T",NA
"UBE2U",NA
"UBE2V1",0.985048960187639
"UBE2V2",0.00265150095305057
"UBE2W",NA
"UBE2Z",0.039678850249425
"UBE3A",0.233849174571517
"UBE3B",NA
"UBE3C",0.890149549979839
"UBE3D",NA
"UBE4A",0.888862388069489
"UBE4B",0.989073529760511
"UBFD1",0.329847994197173
"UBIAD1",NA
"UBL3",0.945786196903115
"UBL4A",0.842674301453623
"UBL4B",NA
"UBL5",0.793106082681993
"UBL7",0.890038348831618
"UBLCP1",0.395149423196157
"UBN1",NA
"UBN2",NA
"UBOX5",NA
"UBP1",0.999735693393589
"UBQLN1",0.621005112196953
"UBQLN2",0.931022699155362
"UBQLN3",NA
"UBQLN4",0.0109115953523556
"UBQLNL",NA
"UBR1",0.942670779609934
"UBR2",NA
"UBR3",0.970732080512698
"UBR4",0.955534138969268
"UBR5",0.181515748017314
"UBR7",0.163825649552034
"UBTD1",0.982914609131973
"UBTD2",8.76314406538112e-05
"UBTF",0.0839059703598414
"UBTFL1",NA
"UBXN1",0.0204380137138793
"UBXN10",NA
"UBXN11",NA
"UBXN2A",NA
"UBXN2B",0.860883825724702
"UBXN4",0.122573589109
"UBXN6",0.49573812071752
"UBXN7",0.000221888193739931
"UBXN8",NA
"UCHL1",0.99997012790049
"UCHL3",0.4169628488494
"UCHL5",0.0220669086979949
"UCK1",0.34385625732643
"UCK2",0.604021733025125
"UCKL1",NA
"UCMA",NA
"UCN",NA
"UCN2",NA
"UCN3",NA
"UCP1",NA
"UCP2",NA
"UCP3",NA
"UEVLD",0.218732711830721
"UFC1",0.999367743883505
"UFD1",0.979434521617087
"UFL1",0.0510751244788379
"UFM1",0.923114720497894
"UFSP1",NA
"UFSP2",0.552599192396795
"UGCG",NA
"UGDH",0.386941348035778
"UGGT1",0.0731295972714701
"UGGT2",NA
"UGP2",0.0592351951117219
"UGT1A1",NA
"UGT1A10",NA
"UGT1A3",NA
"UGT1A4",NA
"UGT1A5",NA
"UGT1A6",NA
"UGT1A7",NA
"UGT1A8",NA
"UGT1A9",NA
"UGT2A1",NA
"UGT2A2",NA
"UGT2A3",NA
"UGT2B10",NA
"UGT2B11",NA
"UGT2B15",NA
"UGT2B17",NA
"UGT2B28",NA
"UGT2B4",NA
"UGT2B7",NA
"UGT3A1",NA
"UGT3A2",NA
"UGT8",NA
"UHMK1",NA
"UHRF1",0.16231892464607
"UHRF1BP1",NA
"UHRF1BP1L",0.168993390647796
"UHRF2",NA
"UIMC1",NA
"ULBP1",NA
"ULBP2",NA
"ULBP3",NA
"ULK1",NA
"ULK2",NA
"ULK3",0.906543515596657
"ULK4",NA
"UMAD1",NA
"UMOD",NA
"UMODL1",NA
"UMPS",0.977290034486898
"UNC119",0.0478597706239008
"UNC119B",0.0737771841360729
"UNC13A",0.212510401552958
"UNC13B",0.470589196403962
"UNC13C",NA
"UNC13D",NA
"UNC45A",0.999851970825224
"UNC45B",NA
"UNC50",NA
"UNC5A",NA
"UNC5B",NA
"UNC5C",NA
"UNC5CL",NA
"UNC5D",NA
"UNC79",NA
"UNC80",NA
"UNC93A",NA
"UNC93B1",NA
"UNCX",NA
"UNG",0.709898044183481
"UNK",0.587563206654665
"UNKL",NA
"UPB1",NA
"UPF1",0.700876258815988
"UPF2",0.250763568032231
"UPF3A",NA
"UPF3B",0.00145272333559125
"UPK1A",NA
"UPK1B",NA
"UPK2",NA
"UPK3A",NA
"UPK3B",NA
"UPP1",0.000204869103195943
"UPP2",NA
"UPRT",0.971004875967023
"UQCC1",0.361862606868496
"UQCC2",0.265970225686606
"UQCC3",NA
"UQCR10",0.4102292618436
"UQCR11",0.988750338874906
"UQCRB",0.422029066419657
"UQCRC1",0.34587199185078
"UQCRC2",0.427496665311187
"UQCRFS1",0.6742104637438
"UQCRH",0.632564025759352
"UQCRHL",NA
"UQCRQ",0.907571717152721
"URAD",NA
"URB1",NA
"URB2",NA
"URGCP",NA
"URGCP-MRPS24",NA
"URI1",0.00985566182829882
"URM1",NA
"UROC1",NA
"UROD",0.99292542056256
"UROS",0.937417453414457
"USB1",NA
"USE1",0.101441402612383
"USF1",0.0506946418571748
"USF2",0.0710969732823648
"USH1C",NA
"USH1G",NA
"USH2A",NA
"USHBP1",NA
"USO1",0.986383751606164
"USP1",NA
"USP10",0.947654090730916
"USP11",0.436248905408752
"USP12",NA
"USP13",0.237579398943912
"USP14",0.46273125792166
"USP15",0.809015047424689
"USP16",0.12533550525282
"USP17L1",NA
"USP17L10",NA
"USP17L11",NA
"USP17L12",NA
"USP17L13",NA
"USP17L15",NA
"USP17L17",NA
"USP17L18",NA
"USP17L19",NA
"USP17L2",NA
"USP17L20",NA
"USP17L21",NA
"USP17L22",NA
"USP17L23",NA
"USP17L24",NA
"USP17L25",NA
"USP17L26",NA
"USP17L27",NA
"USP17L28",NA
"USP17L29",NA
"USP17L3",NA
"USP17L30",NA
"USP17L4",NA
"USP17L5",NA
"USP17L7",NA
"USP17L8",NA
"USP18",NA
"USP19",0.982191957165188
"USP2",NA
"USP20",NA
"USP21",NA
"USP22",NA
"USP24",0.268352162539145
"USP25",NA
"USP26",NA
"USP27X",NA
"USP28",NA
"USP29",NA
"USP3",NA
"USP30",NA
"USP31",NA
"USP32",NA
"USP33",NA
"USP34",0.307039466943719
"USP35",0.573527757968252
"USP36",NA
"USP37",NA
"USP38",NA
"USP39",0.162263051221593
"USP4",0.978792130084296
"USP40",0.997186340887275
"USP41",NA
"USP42",NA
"USP43",NA
"USP44",NA
"USP45",NA
"USP46",0.985686572169499
"USP47",0.92769288623561
"USP48",0.00173487356817012
"USP49",NA
"USP5",0.941825520062701
"USP50",NA
"USP51",NA
"USP53",NA
"USP54",NA
"USP6",NA
"USP6NL",NA
"USP7",0.0239501033148627
"USP8",0.976527799804809
"USP9X",0.681490062948338
"USP9Y",NA
"USPL1",NA
"UST",NA
"UTF1",NA
"UTP14A",0.921946815443248
"UTP14C",NA
"UTP15",0.99985563700211
"UTP18",NA
"UTP20",NA
"UTP23",NA
"UTP3",NA
"UTP6",NA
"UTRN",0.0328385817718568
"UTS2",NA
"UTS2B",NA
"UTS2R",NA
"UTY",NA
"UVRAG",NA
"UVSSA",NA
"UXS1",NA
"UXT",NA
"VAC14",0.281819480758204
"VAMP1",0.324520428391947
"VAMP2",0.29686526337356
"VAMP3",0.49531641596799
"VAMP4",0.107718231874374
"VAMP5",0.00718819920199629
"VAMP7",0.0304162876362909
"VAMP8",0.635131459801282
"VANGL1",NA
"VANGL2",0.241206746886078
"VAPA",0.720565207072679
"VAPB",0.982250865254338
"VARS",0.0457342648690215
"VARS2",NA
"VASH1",NA
"VASH2",NA
"VASN",0.982699640612792
"VASP",0.00246415140490375
"VAT1",0.350618423075522
"VAT1L",0.093677578580739
"VAV1",0.00097959058468232
"VAV2",0.59445797835874
"VAV3",NA
"VAX1",NA
"VAX2",NA
"VBP1",0.395718271164355
"VCAM1",0.780659863432115
"VCAN",0.987113502912171
"VCL",0.336973657547725
"VCP",0.882342569888528
"VCPIP1",0.752366708860389
"VCPKMT",NA
"VCX",NA
"VCX2",NA
"VCX3A",NA
"VCX3B",NA
"VCY",NA
"VCY1B",NA
"VDAC1",0.418434136733708
"VDAC2",0.46871463400579
"VDAC3",0.00935770481718992
"VDR",NA
"VEGFA",NA
"VEGFB",NA
"VEGFC",NA
"VENTX",NA
"VEPH1",NA
"VEZF1",NA
"VEZT",NA
"VGF",0.23146903600547
"VGLL1",NA
"VGLL2",NA
"VGLL3",NA
"VGLL4",NA
"VHL",NA
"VHLL",NA
"VIL1",NA
"VILL",NA
"VIM",5.63133051046646e-05
"VIP",NA
"VIPAS39",0.994659951804247
"VIPR1",NA
"VIPR2",NA
"VIRMA",0.0262275011987548
"VIT",NA
"VKORC1",0.0067789652842475
"VKORC1L1",0.856178262188244
"VLDLR",0.00203738892009156
"VMA21",NA
"VMAC",NA
"VMO1",NA
"VMP1",NA
"VN1R1",NA
"VN1R2",NA
"VN1R3",NA
"VN1R4",NA
"VN1R5",NA
"VNN1",NA
"VNN2",NA
"VNN3",NA
"VOPP1",NA
"VPREB1",NA
"VPREB3",NA
"VPS11",0.014248047238278
"VPS13A",0.534237126023109
"VPS13B",NA
"VPS13C",0.000887533152370227
"VPS13D",0.8966567335054
"VPS16",0.00216667953650126
"VPS18",0.00484698872195014
"VPS25",0.999997778718401
"VPS26A",0.401040920825444
"VPS26B",0.970234730425167
"VPS26C",0.000694577178616526
"VPS28",0.434636244339998
"VPS29",0.431640914539832
"VPS33A",0.00432458488525691
"VPS33B",0.982928066799858
"VPS35",0.426320065936781
"VPS35L",0.00140548026763039
"VPS36",0.998277763222129
"VPS37A",0.9963577310703
"VPS37B",0.222547163182407
"VPS37C",0.333760745907377
"VPS37D",NA
"VPS39",0.272095226638333
"VPS41",0.0373852696426695
"VPS45",0.395397764901947
"VPS4A",0.971326502486949
"VPS4B",0.872679033309746
"VPS50",0.996265233856513
"VPS51",0.968185181787462
"VPS52",0.930739715261595
"VPS53",0.95119964743413
"VPS54",NA
"VPS72",0.918012446127422
"VPS8",0.0118111063495882
"VPS9D1",0.958591439253914
"VRK1",0.000357851131891535
"VRK2",NA
"VRK3",NA
"VRTN",NA
"VSIG1",NA
"VSIG10",NA
"VSIG10L",NA
"VSIG2",NA
"VSIG4",NA
"VSIG8",NA
"VSIR",1.54128537654221e-06
"VSNL1",0.422512057516512
"VSTM1",NA
"VSTM2A",NA
"VSTM2B",NA
"VSTM2L",NA
"VSTM4",NA
"VSTM5",NA
"VSX1",NA
"VSX2",NA
"VTA1",0.0354322604660097
"VTCN1",NA
"VTI1A",0.00561066429640462
"VTI1B",0.0827589642488386
"VTN",0.0668291357189079
"VWA1",0.609718733361205
"VWA2",NA
"VWA3A",NA
"VWA3B",NA
"VWA5A",0.0251267629194558
"VWA5B1",NA
"VWA5B2",NA
"VWA7",NA
"VWA8",0.896632353995656
"VWC2",NA
"VWC2L",NA
"VWCE",NA
"VWDE",NA
"VWF",0.571974625688247
"WAC",0.229357042122471
"WAPL",0.497871221820817
"WARS",0.00131867830637339
"WARS2",0.123271760776201
"WAS",4.40634101050764e-09
"WASF1",0.956304440723564
"WASF2",0.00438109904389084
"WASF3",0.815855338325812
"WASHC1",0.000183116473677786
"WASHC2A",1.24384956453219e-05
"WASHC2C",0.0836733166831534
"WASHC3",4.44787100156313e-05
"WASHC4",1.20034601948139e-05
"WASHC5",8.65666685092903e-08
"WASL",0.0998819221084418
"WBP1",NA
"WBP11",0.0219830084000638
"WBP1L",NA
"WBP2",0.13093369147425
"WBP2NL",NA
"WBP4",0.0372398205126882
"WDFY1",0.174612791620188
"WDFY2",NA
"WDFY3",0.758545727405076
"WDFY4",NA
"WDHD1",0.248221162745837
"WDPCP",NA
"WDR1",0.703604520992649
"WDR11",0.711837200372516
"WDR12",0.438875888776007
"WDR13",0.745519828063568
"WDR17",0.552736623022302
"WDR18",0.219372026712038
"WDR19",0.314439605637845
"WDR20",0.999791195525083
"WDR24",NA
"WDR25",NA
"WDR26",0.999397797624953
"WDR27",NA
"WDR3",0.99997773776325
"WDR31",NA
"WDR33",0.551975537201172
"WDR34",NA
"WDR35",0.971681531843755
"WDR36",0.371459759067619
"WDR37",0.91068309305397
"WDR38",NA
"WDR4",NA
"WDR41",0.799915370674461
"WDR43",0.855397125901361
"WDR44",0.369000937980387
"WDR45",0.876446991353108
"WDR45B",0.916321172746148
"WDR46",NA
"WDR47",0.18523487154291
"WDR48",0.460614083672228
"WDR49",NA
"WDR5",0.0371280935908857
"WDR53",NA
"WDR54",0.243990436236996
"WDR55",0.611766551558112
"WDR59",0.0147649024416759
"WDR5B",NA
"WDR6",0.590770911035734
"WDR60",NA
"WDR61",0.823162854171835
"WDR62",NA
"WDR63",NA
"WDR64",NA
"WDR66",NA
"WDR7",0.724597669518519
"WDR70",0.171042763841735
"WDR72",NA
"WDR73",0.981393313715888
"WDR74",0.811059502207489
"WDR75",0.734134324576937
"WDR76",NA
"WDR77",0.382304687816174
"WDR78",NA
"WDR81",0.148552047695941
"WDR82",0.00848815175547629
"WDR83",NA
"WDR83OS",NA
"WDR86",NA
"WDR87",NA
"WDR88",NA
"WDR89",0.549688363127114
"WDR90",NA
"WDR91",0.307732092241293
"WDR92",0.000470292949367754
"WDR93",NA
"WDSUB1",0.383193096651118
"WDTC1",NA
"WDYHV1",NA
"WEE1",NA
"WEE2",NA
"WFDC1",NA
"WFDC10A",NA
"WFDC10B",NA
"WFDC11",NA
"WFDC12",NA
"WFDC13",NA
"WFDC2",NA
"WFDC3",NA
"WFDC5",NA
"WFDC6",NA
"WFDC8",NA
"WFDC9",NA
"WFIKKN1",NA
"WFIKKN2",NA
"WFS1",0.597314689001972
"WHAMM",NA
"WIF1",NA
"WIPF1",0.000808481782188654
"WIPF2",0.810150742992299
"WIPF3",NA
"WIPI1",NA
"WIPI2",0.950180204266251
"WIZ",NA
"WLS",0.999514157489424
"WNK1",0.520112537051312
"WNK2",2.0235104807498e-06
"WNK3",NA
"WNK4",NA
"WNT1",NA
"WNT10A",NA
"WNT10B",NA
"WNT11",NA
"WNT16",NA
"WNT2",NA
"WNT2B",NA
"WNT3",NA
"WNT3A",NA
"WNT4",NA
"WNT5A",NA
"WNT5B",NA
"WNT6",NA
"WNT7A",NA
"WNT7B",NA
"WNT8A",NA
"WNT8B",NA
"WNT9A",NA
"WNT9B",NA
"WRAP53",0.184354681682039
"WRAP73",NA
"WRB-SH3BGR",0.940339388701716
"WRN",NA
"WRNIP1",0.00732551282740805
"WSB1",NA
"WSB2",NA
"WSCD1",NA
"WSCD2",NA
"WT1",NA
"WTAP",0.0572506965478481
"WTIP",NA
"WWC1",0.801833626256079
"WWC2",NA
"WWC3",0.366328177016762
"WWOX",0.342020826965854
"WWP1",NA
"WWP2",NA
"WWTR1",0.404841468442561
"XAB2",0.0590028124817252
"XAF1",NA
"XAGE1B",NA
"XAGE2",NA
"XAGE3",NA
"XAGE5",NA
"XBP1",NA
"XCL1",NA
"XCL2",NA
"XCR1",NA
"XDH",NA
"XG",NA
"XIAP",0.990195934366199
"XIRP1",NA
"XIRP2",NA
"XK",NA
"XKR3",NA
"XKR4",NA
"XKR5",NA
"XKR6",NA
"XKR7",NA
"XKR8",NA
"XKR9",NA
"XKRX",NA
"XKRY",NA
"XKRY2",NA
"XPA",NA
"XPC",NA
"XPNPEP1",0.95227609993267
"XPNPEP2",NA
"XPNPEP3",0.627283750892245
"XPO1",0.00271852376578141
"XPO4",0.830946833723042
"XPO5",0.342855959275193
"XPO6",NA
"XPO7",0.23255982650843
"XPOT",0.720562109945314
"XPR1",NA
"XRCC1",0.00226078463532899
"XRCC2",NA
"XRCC3",NA
"XRCC4",0.999733317706888
"XRCC5",0.176210220452041
"XRCC6",0.0209410623044043
"XRN1",NA
"XRN2",0.668530246480853
"XRRA1",NA
"XXYLT1",NA
"XYLB",0.317702849465068
"XYLT1",NA
"XYLT2",NA
"YAF2",NA
"YAP1",0.11042355731635
"YARS",0.990857470709815
"YARS2",0.456039946149575
"YBEY",NA
"YBX1",0.865060425894461
"YBX2",NA
"YBX3",0.555451868782863
"YDJC",NA
"YEATS2",0.362834379295769
"YEATS4",0.00569776404973553
"YES1",0.649662003409209
"YIF1A",NA
"YIF1B",NA
"YIPF1",NA
"YIPF2",NA
"YIPF3",NA
"YIPF4",0.00553442078768623
"YIPF5",0.0615857050827608
"YIPF6",0.108534081684747
"YIPF7",NA
"YJEFN3",NA
"YJU2",0.0434313978266208
"YKT6",0.978939848638338
"YLPM1",0.0161077774108776
"YME1L1",NA
"YOD1",0.580651645962688
"YPEL1",NA
"YPEL2",NA
"YPEL3",NA
"YPEL4",NA
"YPEL5",0.954634761811529
"YRDC",0.806401300285627
"YTHDC1",0.570866009444684
"YTHDC2",NA
"YTHDF1",0.977161059785621
"YTHDF2",0.650895228229498
"YTHDF3",0.90199941289808
"YWHAB",0.994600098232047
"YWHAE",0.32158236274838
"YWHAG",0.614916880049888
"YWHAH",0.99181613007099
"YWHAQ",2.6502184262776e-06
"YWHAZ",0.16380318133034
"YY1",0.410578261829782
"YY1AP1",NA
"YY2",NA
"ZACN",NA
"ZADH2",0.38081054580725
"ZAN",NA
"ZAP70",NA
"ZAR1",NA
"ZAR1L",NA
"ZBBX",NA
"ZBED1",NA
"ZBED2",NA
"ZBED3",NA
"ZBED4",NA
"ZBED5",NA
"ZBED6",NA
"ZBED6CL",NA
"ZBED8",NA
"ZBED9",NA
"ZBP1",NA
"ZBTB1",NA
"ZBTB10",NA
"ZBTB11",NA
"ZBTB12",NA
"ZBTB14",NA
"ZBTB16",NA
"ZBTB17",NA
"ZBTB18",0.894739256317798
"ZBTB2",NA
"ZBTB20",0.674989094465685
"ZBTB21",NA
"ZBTB22",NA
"ZBTB24",NA
"ZBTB25",NA
"ZBTB26",NA
"ZBTB3",NA
"ZBTB32",NA
"ZBTB33",NA
"ZBTB34",NA
"ZBTB37",NA
"ZBTB38",NA
"ZBTB39",NA
"ZBTB4",NA
"ZBTB40",NA
"ZBTB41",NA
"ZBTB42",NA
"ZBTB43",NA
"ZBTB44",NA
"ZBTB45",NA
"ZBTB46",NA
"ZBTB47",NA
"ZBTB48",NA
"ZBTB49",NA
"ZBTB5",NA
"ZBTB6",NA
"ZBTB7A",NA
"ZBTB7B",NA
"ZBTB7C",NA
"ZBTB8A",NA
"ZBTB8B",NA
"ZBTB8OS",NA
"ZBTB9",NA
"ZC2HC1A",0.176525979944671
"ZC2HC1B",NA
"ZC2HC1C",NA
"ZC3H10",NA
"ZC3H11A",0.593479031467683
"ZC3H11B",NA
"ZC3H12A",NA
"ZC3H12B",NA
"ZC3H12C",NA
"ZC3H12D",NA
"ZC3H13",NA
"ZC3H14",0.109636131320111
"ZC3H15",0.949352596615067
"ZC3H18",0.266749559502684
"ZC3H3",NA
"ZC3H4",0.391733539583466
"ZC3H6",NA
"ZC3H7A",0.942134892740709
"ZC3H7B",0.999897195847101
"ZC3H8",NA
"ZC3HAV1",0.0133727002921888
"ZC3HAV1L",0.569383519725761
"ZC3HC1",0.249325046213914
"ZC4H2",NA
"ZCCHC10",NA
"ZCCHC12",NA
"ZCCHC13",NA
"ZCCHC14",NA
"ZCCHC17",0.0079572785950276
"ZCCHC18",NA
"ZCCHC2",NA
"ZCCHC24",0.0276970643583534
"ZCCHC3",NA
"ZCCHC4",NA
"ZCCHC7",NA
"ZCCHC8",0.277861480570145
"ZCCHC9",NA
"ZCRB1",NA
"ZCWPW1",NA
"ZCWPW2",NA
"ZDBF2",NA
"ZDHHC1",NA
"ZDHHC11",NA
"ZDHHC11B",NA
"ZDHHC12",NA
"ZDHHC13",NA
"ZDHHC14",NA
"ZDHHC15",NA
"ZDHHC16",NA
"ZDHHC17",NA
"ZDHHC18",NA
"ZDHHC19",NA
"ZDHHC2",NA
"ZDHHC20",NA
"ZDHHC21",NA
"ZDHHC22",NA
"ZDHHC23",NA
"ZDHHC24",NA
"ZDHHC3",NA
"ZDHHC4",NA
"ZDHHC5",NA
"ZDHHC6",NA
"ZDHHC7",NA
"ZDHHC8",NA
"ZDHHC9",NA
"ZEB1",0.991471056632862
"ZEB2",0.34655352400209
"ZER1",0.969019341084693
"ZFAND1",NA
"ZFAND2A",NA
"ZFAND2B",0.824221885758861
"ZFAND3",NA
"ZFAND4",NA
"ZFAND5",0.176877991570511
"ZFAND6",0.997713278567352
"ZFAT",NA
"ZFC3H1",NA
"ZFHX2",NA
"ZFHX3",NA
"ZFHX4",NA
"ZFP1",NA
"ZFP14",NA
"ZFP2",NA
"ZFP28",NA
"ZFP3",NA
"ZFP30",NA
"ZFP36",NA
"ZFP36L1",0.994695285737784
"ZFP36L2",0.0943758725276219
"ZFP37",NA
"ZFP41",NA
"ZFP42",NA
"ZFP57",NA
"ZFP62",NA
"ZFP64",NA
"ZFP69",NA
"ZFP69B",NA
"ZFP82",NA
"ZFP90",NA
"ZFP91",NA
"ZFP92",NA
"ZFPL1",0.999872326538261
"ZFPM1",NA
"ZFPM2",NA
"ZFR",0.629928549792233
"ZFR2",NA
"ZFX",NA
"ZFY",NA
"ZFYVE1",0.0130208779268029
"ZFYVE16",0.306984568446516
"ZFYVE19",0.998553323700983
"ZFYVE21",0.999557453408477
"ZFYVE26",0.770036056472364
"ZFYVE27",NA
"ZFYVE28",NA
"ZFYVE9",0.922834163016357
"ZG16",NA
"ZG16B",NA
"ZGLP1",NA
"ZGPAT",NA
"ZGRF1",NA
"ZHX1",0.594495056221593
"ZHX2",0.992354740693473
"ZHX3",0.974871370736422
"ZIC1",NA
"ZIC2",NA
"ZIC3",NA
"ZIC4",NA
"ZIC5",NA
"ZIK1",NA
"ZIM2",NA
"ZIM3",NA
"ZKSCAN1",NA
"ZKSCAN2",NA
"ZKSCAN3",NA
"ZKSCAN4",NA
"ZKSCAN5",NA
"ZKSCAN7",NA
"ZKSCAN8",NA
"ZMAT1",NA
"ZMAT2",0.368606837332792
"ZMAT3",NA
"ZMAT4",NA
"ZMAT5",NA
"ZMIZ1",0.276049583442016
"ZMIZ2",NA
"ZMPSTE24",0.154878455989885
"ZMYM1",NA
"ZMYM2",0.892795041196432
"ZMYM3",0.0141834869103623
"ZMYM4",0.0345999275226636
"ZMYM5",NA
"ZMYM6",NA
"ZMYND10",0.0380821907017379
"ZMYND11",NA
"ZMYND12",NA
"ZMYND15",NA
"ZMYND19",NA
"ZMYND8",0.0140375002943939
"ZNF10",NA
"ZNF100",NA
"ZNF101",NA
"ZNF106",NA
"ZNF107",NA
"ZNF112",NA
"ZNF114",NA
"ZNF117",NA
"ZNF12",NA
"ZNF121",NA
"ZNF124",NA
"ZNF131",NA
"ZNF132",NA
"ZNF133",NA
"ZNF134",NA
"ZNF135",NA
"ZNF136",NA
"ZNF138",NA
"ZNF14",NA
"ZNF140",NA
"ZNF141",NA
"ZNF142",NA
"ZNF143",NA
"ZNF146",NA
"ZNF148",0.972692565958052
"ZNF154",NA
"ZNF155",NA
"ZNF157",NA
"ZNF16",NA
"ZNF160",NA
"ZNF165",NA
"ZNF169",NA
"ZNF17",NA
"ZNF174",NA
"ZNF175",NA
"ZNF177",NA
"ZNF18",NA
"ZNF180",NA
"ZNF181",NA
"ZNF182",NA
"ZNF184",NA
"ZNF185",0.0791966914861616
"ZNF189",NA
"ZNF19",NA
"ZNF195",NA
"ZNF197",NA
"ZNF2",NA
"ZNF20",NA
"ZNF200",NA
"ZNF202",NA
"ZNF205",NA
"ZNF207",0.0213296914734348
"ZNF208",NA
"ZNF211",NA
"ZNF212",NA
"ZNF213",NA
"ZNF214",NA
"ZNF215",NA
"ZNF217",NA
"ZNF219",0.736249021390235
"ZNF22",NA
"ZNF221",NA
"ZNF222",NA
"ZNF223",NA
"ZNF224",NA
"ZNF225",NA
"ZNF226",NA
"ZNF227",NA
"ZNF229",NA
"ZNF23",NA
"ZNF230",NA
"ZNF232",NA
"ZNF233",NA
"ZNF234",NA
"ZNF235",NA
"ZNF236",NA
"ZNF239",NA
"ZNF24",NA
"ZNF248",NA
"ZNF25",NA
"ZNF250",NA
"ZNF251",NA
"ZNF253",NA
"ZNF254",NA
"ZNF256",NA
"ZNF257",NA
"ZNF26",NA
"ZNF260",NA
"ZNF263",NA
"ZNF264",NA
"ZNF266",NA
"ZNF267",NA
"ZNF268",NA
"ZNF273",NA
"ZNF274",NA
"ZNF275",NA
"ZNF276",NA
"ZNF277",NA
"ZNF28",NA
"ZNF280A",NA
"ZNF280B",NA
"ZNF280C",NA
"ZNF280D",NA
"ZNF281",NA
"ZNF282",NA
"ZNF283",NA
"ZNF284",NA
"ZNF285",NA
"ZNF286A",NA
"ZNF287",NA
"ZNF292",NA
"ZNF296",NA
"ZNF3",NA
"ZNF30",NA
"ZNF300",NA
"ZNF302",NA
"ZNF304",NA
"ZNF311",NA
"ZNF316",NA
"ZNF317",NA
"ZNF318",NA
"ZNF319",NA
"ZNF32",NA
"ZNF320",NA
"ZNF322",NA
"ZNF324",NA
"ZNF324B",NA
"ZNF326",0.683323495401351
"ZNF329",NA
"ZNF330",NA
"ZNF331",NA
"ZNF333",NA
"ZNF334",NA
"ZNF335",NA
"ZNF337",NA
"ZNF33A",NA
"ZNF33B",NA
"ZNF34",NA
"ZNF341",NA
"ZNF343",NA
"ZNF345",NA
"ZNF346",NA
"ZNF347",NA
"ZNF35",NA
"ZNF350",NA
"ZNF354A",NA
"ZNF354B",NA
"ZNF354C",NA
"ZNF358",NA
"ZNF362",NA
"ZNF365",NA
"ZNF366",NA
"ZNF367",NA
"ZNF37A",NA
"ZNF382",NA
"ZNF383",NA
"ZNF384",NA
"ZNF385A",NA
"ZNF385B",NA
"ZNF385C",NA
"ZNF385D",NA
"ZNF391",NA
"ZNF394",NA
"ZNF395",NA
"ZNF396",NA
"ZNF397",NA
"ZNF398",NA
"ZNF404",NA
"ZNF407",NA
"ZNF408",NA
"ZNF41",NA
"ZNF410",NA
"ZNF414",NA
"ZNF415",NA
"ZNF416",NA
"ZNF417",NA
"ZNF418",NA
"ZNF419",NA
"ZNF420",NA
"ZNF423",NA
"ZNF425",NA
"ZNF426",NA
"ZNF428",0.514187914287034
"ZNF429",NA
"ZNF43",NA
"ZNF430",NA
"ZNF431",NA
"ZNF432",NA
"ZNF433",NA
"ZNF436",NA
"ZNF438",NA
"ZNF439",NA
"ZNF44",NA
"ZNF440",NA
"ZNF441",NA
"ZNF442",NA
"ZNF443",NA
"ZNF444",NA
"ZNF445",NA
"ZNF446",NA
"ZNF449",NA
"ZNF45",NA
"ZNF451",NA
"ZNF454",NA
"ZNF460",NA
"ZNF461",NA
"ZNF462",NA
"ZNF467",NA
"ZNF468",NA
"ZNF469",NA
"ZNF470",NA
"ZNF471",NA
"ZNF473",NA
"ZNF474",NA
"ZNF479",NA
"ZNF48",NA
"ZNF480",NA
"ZNF483",NA
"ZNF484",NA
"ZNF485",NA
"ZNF486",NA
"ZNF487",NA
"ZNF488",NA
"ZNF490",NA
"ZNF491",NA
"ZNF492",NA
"ZNF493",NA
"ZNF496",NA
"ZNF497",NA
"ZNF500",NA
"ZNF501",NA
"ZNF502",NA
"ZNF503",NA
"ZNF506",NA
"ZNF507",NA
"ZNF510",NA
"ZNF511",NA
"ZNF512",NA
"ZNF512B",NA
"ZNF513",NA
"ZNF514",NA
"ZNF516",NA
"ZNF517",NA
"ZNF518A",NA
"ZNF518B",NA
"ZNF519",NA
"ZNF521",NA
"ZNF524",NA
"ZNF525",NA
"ZNF526",NA
"ZNF527",NA
"ZNF528",NA
"ZNF529",NA
"ZNF530",NA
"ZNF532",NA
"ZNF534",NA
"ZNF536",NA
"ZNF540",NA
"ZNF541",NA
"ZNF543",NA
"ZNF544",NA
"ZNF546",NA
"ZNF547",NA
"ZNF548",NA
"ZNF549",NA
"ZNF550",NA
"ZNF551",NA
"ZNF552",NA
"ZNF554",NA
"ZNF555",NA
"ZNF556",NA
"ZNF557",NA
"ZNF558",NA
"ZNF559",NA
"ZNF559-ZNF177",NA
"ZNF560",NA
"ZNF561",NA
"ZNF562",NA
"ZNF563",NA
"ZNF564",NA
"ZNF565",NA
"ZNF566",NA
"ZNF567",NA
"ZNF568",NA
"ZNF569",NA
"ZNF57",NA
"ZNF570",NA
"ZNF571",NA
"ZNF572",NA
"ZNF573",NA
"ZNF574",NA
"ZNF575",NA
"ZNF576",NA
"ZNF577",NA
"ZNF578",NA
"ZNF579",0.999411211122331
"ZNF580",NA
"ZNF581",NA
"ZNF582",NA
"ZNF583",NA
"ZNF584",NA
"ZNF585A",NA
"ZNF585B",NA
"ZNF586",NA
"ZNF587",NA
"ZNF587B",NA
"ZNF589",NA
"ZNF592",NA
"ZNF593",NA
"ZNF594",NA
"ZNF595",NA
"ZNF596",NA
"ZNF597",NA
"ZNF598",0.800130642645649
"ZNF599",NA
"ZNF600",NA
"ZNF605",NA
"ZNF606",NA
"ZNF607",NA
"ZNF608",NA
"ZNF609",0.00794126088870073
"ZNF610",NA
"ZNF611",NA
"ZNF613",NA
"ZNF614",NA
"ZNF615",NA
"ZNF616",NA
"ZNF618",NA
"ZNF619",NA
"ZNF620",NA
"ZNF621",NA
"ZNF622",NA
"ZNF623",NA
"ZNF624",NA
"ZNF625",NA
"ZNF626",NA
"ZNF627",NA
"ZNF628",NA
"ZNF629",NA
"ZNF630",NA
"ZNF638",0.581717066988858
"ZNF639",NA
"ZNF641",NA
"ZNF644",NA
"ZNF646",NA
"ZNF648",0.905237220403767
"ZNF649",NA
"ZNF652",NA
"ZNF653",NA
"ZNF654",NA
"ZNF655",NA
"ZNF658",NA
"ZNF66",NA
"ZNF660",NA
"ZNF662",NA
"ZNF664",NA
"ZNF665",NA
"ZNF667",NA
"ZNF668",NA
"ZNF669",NA
"ZNF670",NA
"ZNF671",NA
"ZNF672",NA
"ZNF674",NA
"ZNF675",NA
"ZNF676",NA
"ZNF677",NA
"ZNF678",NA
"ZNF679",NA
"ZNF680",NA
"ZNF681",NA
"ZNF682",NA
"ZNF683",NA
"ZNF684",NA
"ZNF687",0.89798490895118
"ZNF688",NA
"ZNF689",NA
"ZNF69",NA
"ZNF691",NA
"ZNF692",NA
"ZNF695",NA
"ZNF696",NA
"ZNF697",NA
"ZNF699",NA
"ZNF7",NA
"ZNF70",NA
"ZNF700",NA
"ZNF701",NA
"ZNF703",NA
"ZNF704",NA
"ZNF705A",NA
"ZNF705B",NA
"ZNF705D",NA
"ZNF705E",NA
"ZNF705G",NA
"ZNF706",NA
"ZNF707",NA
"ZNF708",NA
"ZNF709",NA
"ZNF71",NA
"ZNF710",NA
"ZNF711",NA
"ZNF713",NA
"ZNF714",NA
"ZNF716",NA
"ZNF717",NA
"ZNF718",NA
"ZNF720",NA
"ZNF721",NA
"ZNF726",NA
"ZNF727",NA
"ZNF728",NA
"ZNF729",NA
"ZNF730",NA
"ZNF732",NA
"ZNF735",NA
"ZNF736",NA
"ZNF737",NA
"ZNF738",NA
"ZNF74",NA
"ZNF740",NA
"ZNF746",NA
"ZNF747",NA
"ZNF749",NA
"ZNF750",NA
"ZNF75A",NA
"ZNF75D",NA
"ZNF76",NA
"ZNF761",NA
"ZNF763",NA
"ZNF764",NA
"ZNF765",NA
"ZNF766",NA
"ZNF768",NA
"ZNF77",NA
"ZNF770",NA
"ZNF771",NA
"ZNF772",NA
"ZNF773",NA
"ZNF774",NA
"ZNF775",NA
"ZNF776",NA
"ZNF777",NA
"ZNF778",NA
"ZNF780A",NA
"ZNF780B",NA
"ZNF781",NA
"ZNF782",NA
"ZNF783",NA
"ZNF784",NA
"ZNF785",NA
"ZNF786",NA
"ZNF787",0.326168347728242
"ZNF789",NA
"ZNF79",NA
"ZNF790",NA
"ZNF791",NA
"ZNF792",NA
"ZNF793",NA
"ZNF799",NA
"ZNF8",NA
"ZNF80",NA
"ZNF800",NA
"ZNF804A",NA
"ZNF804B",NA
"ZNF805",NA
"ZNF806",NA
"ZNF808",NA
"ZNF81",NA
"ZNF813",NA
"ZNF814",NA
"ZNF816",NA
"ZNF816-ZNF321P",NA
"ZNF821",NA
"ZNF823",NA
"ZNF827",NA
"ZNF829",NA
"ZNF83",NA
"ZNF830",0.205053370541601
"ZNF831",NA
"ZNF835",NA
"ZNF836",NA
"ZNF837",NA
"ZNF839",NA
"ZNF84",NA
"ZNF841",NA
"ZNF843",NA
"ZNF844",NA
"ZNF845",NA
"ZNF846",NA
"ZNF85",NA
"ZNF850",NA
"ZNF852",NA
"ZNF853",NA
"ZNF860",NA
"ZNF862",NA
"ZNF865",NA
"ZNF878",NA
"ZNF879",NA
"ZNF880",NA
"ZNF883",NA
"ZNF888",NA
"ZNF891",NA
"ZNF90",NA
"ZNF91",NA
"ZNF92",NA
"ZNF93",NA
"ZNF98",NA
"ZNF99",NA
"ZNFX1",NA
"ZNHIT1",NA
"ZNHIT2",NA
"ZNHIT3",NA
"ZNHIT6",NA
"ZNRD1",NA
"ZNRF1",NA
"ZNRF2",NA
"ZNRF3",NA
"ZNRF4",NA
"ZP1",NA
"ZP2",NA
"ZP3",NA
"ZP4",NA
"ZPBP",NA
"ZPBP2",NA
"ZPLD1",NA
"ZPR1",0.945177226283956
"ZRANB1",NA
"ZRANB2",0.00853346499469557
"ZRANB3",NA
"ZRSR2",NA
"ZSCAN1",NA
"ZSCAN10",NA
"ZSCAN12",NA
"ZSCAN16",NA
"ZSCAN18",0.347928258351475
"ZSCAN2",NA
"ZSCAN20",NA
"ZSCAN21",NA
"ZSCAN22",NA
"ZSCAN23",NA
"ZSCAN25",NA
"ZSCAN26",NA
"ZSCAN29",NA
"ZSCAN30",NA
"ZSCAN31",NA
"ZSCAN32",NA
"ZSCAN4",NA
"ZSCAN5A",NA
"ZSCAN5B",NA
"ZSCAN9",NA
"ZSWIM1",NA
"ZSWIM2",NA
"ZSWIM3",NA
"ZSWIM4",NA
"ZSWIM5",NA
"ZSWIM6",NA
"ZSWIM7",NA
"ZSWIM8",1.57769613792337e-07
"ZW10",0.35114459097422
"ZWILCH",NA
"ZWINT",NA
"ZXDA",NA
"ZXDB",NA
"ZXDC",NA
"ZYG11A",NA
"ZYG11B",0.325198969044974
"ZYX",0.00177753775468104
"ZZEF1",0.0553864770315416
"ZZZ3",NA
