"43891.0",0.893957392659212
"43892.0",3.59633421594551e-05
"43893.0",0.408003737781219
"43894.0",0.393259447317534
"43895.0",0.975480188488638
"43896.0",0.0226030707298767
"43897.0",0.522515208872292
"43898.0",0.87040094945307
"43899.0",0.959608337535091
"43900.0",0.078832015237879
"43901.0",0.060680668786086
"A1BG",0.838583908888945
"A1CF",0.72001549069938
"A2M",4.0248686960431e-18
"A2ML1",0.025202476125022
"A3GALT2",0.878666355638669
"A4GALT",0.983155339235838
"A4GNT",0.971337673847852
"AAAS",0.0863723498889275
"AACS",0.230709278931887
"AADAC",0.881216487254285
"AADACL2",0.889471526719835
"AADACL3",0.963571355395819
"AADACL4",0.95347158671588
"AADAT",0.738627480893912
"AAGAB",0.772265617120179
"AAK1",0.326942576908778
"AAMDC",0.324596034750466
"AAMP",0.454424780551503
"AANAT",0.90616045190167
"AAR2",0.909924493198796
"AARD",0.989459944150856
"AARS",0.998493513099297
"AARS2",0.0164952219857887
"AARSD1",0.00788927054102131
"AASDH",0.470898404361166
"AASDHPPT",0.965807770498986
"AASS",0.407292120000153
"AATF",0.757534278328355
"AATK",0.274407545374049
"ABAT",0.294744256574616
"ABCA1",0.000288023010236912
"ABCA10",0.229598791758246
"ABCA12",0.990331158847778
"ABCA13",0.97358789253747
"ABCA2",0.963520353358748
"ABCA3",0.364391877150152
"ABCA4",0.703389974857951
"ABCA5",0.00376922048168628
"ABCA6",0.915334754146812
"ABCA7",0.97526575938998
"ABCA8",0.814919980720267
"ABCA9",0.971392803485584
"ABCB1",0.590673108474703
"ABCB10",0.0186615638248274
"ABCB11",0.523826066684199
"ABCB4",0.485895862922777
"ABCB5",0.996713278788599
"ABCB6",0.0652180731073434
"ABCB7",0.943501318766765
"ABCB8",0.775154645877032
"ABCB9",0.852756685743981
"ABCC1",0.154036358439552
"ABCC10",0.679294646626858
"ABCC11",0.853835602021421
"ABCC12",0.212711305713365
"ABCC2",0.984984840084512
"ABCC3",3.20923866651965e-08
"ABCC4",0.877266336525183
"ABCC5",0.409395136254265
"ABCC6",0.971738974938476
"ABCC8",0.959158715869276
"ABCC9",0.722146530242371
"ABCD1",0.876170671954702
"ABCD2",0.997015311935175
"ABCD3",0.883736714753179
"ABCD4",0.859931640364777
"ABCE1",0.99797696274756
"ABCF1",0.956746831214062
"ABCF2",0.939156253175157
"ABCF3",0.580553406207135
"ABCG1",0.48973248537853
"ABCG2",0.34392961141686
"ABCG4",0.288741360017195
"ABCG5",0.679196536917258
"ABCG8",0.673911631564435
"ABHD1",0.979012366316628
"ABHD10",0.020803856069664
"ABHD11",0.99985420773836
"ABHD12",4.33072565447751e-05
"ABHD12B",0.035105338746308
"ABHD13",0.998722751596994
"ABHD14A",0.859340108927854
"ABHD14A-ACY1",0.119693315041616
"ABHD14B",0.0310788084217413
"ABHD15",0.35964246171642
"ABHD16A",0.785200377677103
"ABHD16B",0.763039831819997
"ABHD17A",0.915377491117061
"ABHD17B",0.03427655082821
"ABHD17C",0.863257143065459
"ABHD2",3.60700304922913e-09
"ABHD3",0.0880453361872089
"ABHD4",0.00353359163984149
"ABHD5",0.196538100298351
"ABHD6",0.663220915736628
"ABHD8",0.738699450911002
"ABI1",0.137112151372826
"ABI2",0.966360199037763
"ABI3",8.28889873620564e-17
"ABI3BP",0.357284482725768
"ABL1",0.917532635134333
"ABL2",0.983717433255455
"ABLIM1",0.9769588961483
"ABLIM2",0.293431246324701
"ABLIM3",0.885789819130956
"ABO",0.800324455537691
"ABR",0.99171497453973
"ABRA",0.96464933211022
"ABRACL",0.691315599479862
"ABRAXAS2",NA
"ABT1",0.843317210296556
"ABTB1",0.450590327496104
"ABTB2",0.905825538846772
"ACAA1",0.0344086840171657
"ACAA2",0.99728218024713
"ACACA",0.518495612038177
"ACACB",0.0403446496109145
"ACAD10",0.400822280447076
"ACAD11",0.72554279971422
"ACAD8",0.968445510051911
"ACAD9",0.844324998222057
"ACADL",0.790666535381459
"ACADM",0.630413755381794
"ACADS",0.0314794591102419
"ACADSB",0.758782788557121
"ACADVL",0.90176141180989
"ACAN",0.03918730499763
"ACAP1",0.65543128585138
"ACAP2",0.985118761121
"ACAP3",0.816846197328139
"ACAT1",0.999894593154105
"ACAT2",0.991310372395799
"ACBD3",0.985407210049963
"ACBD4",0.760177867613639
"ACBD5",0.180535385980258
"ACBD6",0.0038523634353144
"ACBD7",0.00015307598994314
"ACCS",0.807294548465179
"ACCSL",0.944934510629247
"ACD",0.0120318551913827
"ACE",0.901029962296545
"ACE2",0.749070523338776
"ACER1",0.854060381798214
"ACER2",0.917897431075019
"ACER3",0.0238609803919302
"ACHE",0.358006224555562
"ACIN1",0.00964970496826422
"ACKR1",0.998567866328758
"ACKR2",0.532361750982337
"ACKR3",0.544218211667072
"ACKR4",0.661321663582319
"ACLY",0.428747604236775
"ACMSD",0.326229970117243
"ACO1",0.219478077844488
"ACO2",0.980629065868594
"ACOT1",0.973165438482978
"ACOT11",0.326449081628601
"ACOT12",0.10153630479303
"ACOT13",0.999154329617984
"ACOT2",0.288744339326977
"ACOT4",0.728335905944096
"ACOT6",0.574439620281256
"ACOT7",0.984139519724712
"ACOT8",0.801672033671823
"ACOT9",0.282805974517876
"ACOX1",0.638039063338785
"ACOX2",0.966497757889222
"ACOX3",0.723326057374908
"ACOXL",0.428603599935677
"ACP1",0.0384211382369854
"ACP2",0.000932538071320814
"ACP5",0.972149321468631
"ACP6",0.734543987151114
"ACPP",0.521317103420369
"ACR",0.618534118178744
"ACRBP",0.995250236351678
"ACRV1",0.900997092346502
"ACSBG1",0.530700301724547
"ACSBG2",0.139122794026772
"ACSF2",0.366465572838089
"ACSF3",0.474506501397487
"ACSL1",0.167126900189829
"ACSL3",0.271308468292548
"ACSL4",0.967519700649345
"ACSL5",4.1686584646275e-06
"ACSL6",0.5901185593654
"ACSM1",0.546356356765742
"ACSM2A",0.932620627668797
"ACSM2B",0.958623180529421
"ACSM3",0.707856712629972
"ACSM4",0.98637449329992
"ACSM5",0.173133765158888
"ACSM6",0.769026993016965
"ACSS1",0.693779574824665
"ACSS2",0.964167835026458
"ACSS3",0.0043046798427901
"ACTA1",0.316448998648268
"ACTA2",0.106680732679639
"ACTB",7.10684223128983e-06
"ACTBL2",0.856757821086813
"ACTC1",0.942098999817102
"ACTG1",0.991523724377016
"ACTG2",0.725282536172588
"ACTL10",0.666772917452252
"ACTL6A",0.681494332890594
"ACTL6B",0.00682313349760842
"ACTL7A",0.756509879316045
"ACTL7B",0.923667908444054
"ACTL8",0.999018477342864
"ACTL9",0.947940483645572
"ACTN1",4.23962542199309e-07
"ACTN2",0.824412121224508
"ACTN3",0.782591925923332
"ACTN4",0.000811441786770605
"ACTR10",0.962499147701484
"ACTR1A",0.510513062361557
"ACTR1B",0.255151445570937
"ACTR2",0.0322091382342764
"ACTR3",2.25624172553692e-06
"ACTR3B",0.000789894681116535
"ACTR3C",0.818011879092938
"ACTR5",0.00672823981524322
"ACTR6",0.919542008010804
"ACTR8",0.875793483077847
"ACTRT1",0.938957096421709
"ACTRT2",0.962206256302073
"ACTRT3",0.266673667330372
"ACVR1",0.661830703958076
"ACVR1B",0.348252618845424
"ACVR1C",0.21809361110422
"ACVR2A",0.00203189895553078
"ACVR2B",8.73147083731233e-06
"ACVRL1",0.12965693760614
"ACY1",0.699402048220682
"ACY3",0.984830304681788
"ACYP1",4.29602746492263e-05
"ACYP2",0.905439219849216
"ADA",0.99948225422364
"ADA2",NA
"ADAD1",0.954414012560237
"ADAD2",0.434603542808588
"ADAL",0.108476954118718
"ADAM10",4.5101241231904e-05
"ADAM11",0.000983231744566414
"ADAM12",0.0014100951720728
"ADAM15",0.99712800564246
"ADAM17",0.556380525701146
"ADAM18",0.93443665940818
"ADAM19",0.593468991470951
"ADAM2",0.958951061384238
"ADAM20",0.0734384426476946
"ADAM21",0.548661204925102
"ADAM22",0.999755917522369
"ADAM23",0.025898401040117
"ADAM28",3.15784788434504e-08
"ADAM29",0.613793088652565
"ADAM30",0.945576173066159
"ADAM32",0.99191969415451
"ADAM33",0.960480361197088
"ADAM7",0.903189230686096
"ADAM8",0.99283404786036
"ADAM9",1.61705186050536e-06
"ADAMDEC1",0.967153346710845
"ADAMTS1",0.925154354362507
"ADAMTS10",0.999520816669659
"ADAMTS12",0.0778985042662252
"ADAMTS13",5.34818108659891e-05
"ADAMTS14",0.117075608123106
"ADAMTS15",0.170449601261023
"ADAMTS16",0.504098068758186
"ADAMTS17",0.306195442867419
"ADAMTS18",0.124391027731564
"ADAMTS19",0.0931106165261362
"ADAMTS2",0.981397646838224
"ADAMTS20",0.779688503651758
"ADAMTS3",0.979473634441302
"ADAMTS4",0.900694617368869
"ADAMTS5",0.9969258273352
"ADAMTS6",0.791698622746524
"ADAMTS7",0.996391831813103
"ADAMTS8",0.957964426992696
"ADAMTS9",0.488527397615631
"ADAMTSL1",0.110464174883964
"ADAMTSL2",0.882824343554583
"ADAMTSL3",0.279004596999091
"ADAMTSL4",0.999926568577113
"ADAMTSL5",0.237451692199242
"ADAP1",0.790421252501953
"ADAP2",1.1912326507272e-20
"ADAR",0.926975521794644
"ADARB1",0.383975991359831
"ADARB2",0.993953759443088
"ADAT1",0.774327259003231
"ADAT2",0.87208934427009
"ADAT3",0.996197455663539
"ADCK1",0.824969169753917
"ADCK2",0.0135103852205628
"ADCK5",0.588114216798214
"ADCY1",0.338038201313665
"ADCY10",0.853327141007581
"ADCY2",0.992408123942984
"ADCY3",0.132161652974439
"ADCY4",0.969048212003747
"ADCY5",0.418910973283259
"ADCY6",0.498466693558199
"ADCY7",0.0458559410863819
"ADCY8",0.498879272555431
"ADCY9",0.0239531809670474
"ADCYAP1",0.815947958385307
"ADCYAP1R1",0.946999414756919
"ADD1",0.71374217992437
"ADD2",0.480682599550847
"ADD3",0.768849562895974
"ADGB",0.0615059694501148
"ADGRA1",0.110168829460801
"ADGRA2",0.883425628639672
"ADGRA3",3.03401466369862e-06
"ADGRB1",0.26244732564116
"ADGRB2",0.241639635060776
"ADGRB3",0.847774177540604
"ADGRD1",0.884576224039608
"ADGRD2",0.0878957419258444
"ADGRE1",1.31600999545544e-11
"ADGRE2",1.88581042432218e-10
"ADGRE3",0.514444865852519
"ADGRE5",1.70685609014322e-06
"ADGRF1",0.444244924569438
"ADGRF2",0.998884901254569
"ADGRF3",0.0635632730703157
"ADGRF4",0.568556851005728
"ADGRF5",0.766890675045491
"ADGRG1",0.0718835125770537
"ADGRG2",0.605217662846183
"ADGRG3",0.993243090747302
"ADGRG4",0.921246772550377
"ADGRG5",0.0019100757752711
"ADGRG6",0.271739097429354
"ADGRG7",0.818653727724165
"ADGRL1",0.835793280589722
"ADGRL2",0.527982760776542
"ADGRL3",0.364101229270594
"ADGRL4",6.84212583903334e-05
"ADGRV1",0.533046657394772
"ADH1A",0.41781341220932
"ADH1B",0.942033844009964
"ADH1C",0.893324502913885
"ADH4",0.931079228519628
"ADH5",0.989011589224616
"ADH6",0.136318223756633
"ADH7",0.826964749295183
"ADHFE1",0.921734327958638
"ADI1",0.025054986750902
"ADIG",0.411957336944978
"ADIPOQ",0.870392628032754
"ADIPOR1",0.0958815662249779
"ADIPOR2",0.971091453593279
"ADIRF",0.831446635165174
"ADK",0.937456517790278
"ADM",0.719646553788519
"ADM2",0.850886494122611
"ADM5",0.943171033257936
"ADNP",0.174364002145649
"ADNP2",0.0231622801258468
"ADO",0.109116045704904
"ADORA1",3.23795556642566e-05
"ADORA2A",0.901344050071559
"ADORA2B",0.849628899020714
"ADORA3",5.61497157365916e-12
"ADPGK",0.111743249291748
"ADPRH",2.01419619493631e-10
"ADPRHL1",0.0182318653541852
"ADPRHL2",0.406727158786606
"ADPRM",0.275921325391662
"ADRA1A",0.999009270096721
"ADRA1B",0.997099014261778
"ADRA1D",0.95324950581794
"ADRA2A",0.045649124136569
"ADRA2B",0.97241717681747
"ADRA2C",0.0768372736001414
"ADRB1",0.528313170698272
"ADRB2",0.922190140519808
"ADRB3",0.744965097207924
"ADRM1",0.947738583332086
"ADSL",0.964214028622795
"ADSS",0.612234382968856
"ADSSL1",0.993870171444105
"ADTRP",0.868032699221962
"AEBP1",0.00295219444897417
"AEBP2",0.222897879707655
"AEN",0.00111728202477747
"AFAP1",0.183030780558246
"AFAP1L1",0.834999840334632
"AFAP1L2",0.165202231657573
"AFDN",NA
"AFF1",0.586521388898591
"AFF2",0.0269776650581315
"AFF3",0.00154230796344138
"AFF4",0.780744402351005
"AFG3L2",0.131444417711737
"AFM",0.964512946967534
"AFMID",0.369565857719567
"AFP",0.634627913230272
"AFTPH",0.426850686909147
"AGA",0.29116220624097
"AGAP1",0.998223775495242
"AGAP11",0.101106601284876
"AGAP2",0.999623083370952
"AGAP3",0.00317074129344183
"AGAP4",0.0151397365565582
"AGAP5",0.0943037036098849
"AGAP6",0.0140608110052811
"AGAP9",0.153021223051663
"AGBL1",0.154742917758353
"AGBL2",0.00627487599204822
"AGBL3",0.00925045453242245
"AGBL4",0.0266811409072425
"AGBL5",0.000199310538934144
"AGER",0.0377359987600004
"AGFG1",0.616773047867442
"AGFG2",0.000857823886794371
"AGGF1",0.75069343299644
"AGK",0.999950089576855
"AGL",0.779872368678877
"AGMAT",0.950009833485466
"AGMO",0.94060547861709
"AGO1",0.371631492988992
"AGO2",0.234249890692182
"AGO3",0.153640593464369
"AGO4",0.858969668959117
"AGPAT1",0.0209764488779664
"AGPAT2",0.924299726351159
"AGPAT3",0.994999914174595
"AGPAT4",9.98415577851871e-05
"AGPAT5",0.829897582070234
"AGPS",0.732345923635086
"AGR2",0.859824404798715
"AGR3",0.518416063059091
"AGRN",0.756005724709662
"AGRP",0.554504445433187
"AGT",0.822472795977323
"AGTPBP1",0.0391709596252141
"AGTR1",0.454953072915751
"AGTR2",0.883853783540031
"AGTRAP",0.127118959526681
"AGXT",0.80775454286231
"AGXT2",0.938555332462972
"AHCTF1",0.807675954999014
"AHCY",0.99728621467497
"AHCYL1",0.991295062153342
"AHCYL2",0.614670557461897
"AHDC1",0.557001753745225
"AHI1",0.0737002564001082
"AHNAK",0.978157082248914
"AHNAK2",0.93439052586313
"AHR",4.84862795506934e-10
"AHRR",0.721150958098296
"AHSA1",0.566087146825667
"AHSG",0.961971575823494
"AHSP",0.997212761282351
"AICDA",0.951465752682299
"AIDA",0.199512476312165
"AIF1",1.90567246324343e-19
"AIF1L",0.321682927134836
"AIFM1",0.835903900456696
"AIFM2",0.15749677027338
"AIFM3",0.0950931075784771
"AIG1",0.265721800372848
"AIM2",0.88905038484522
"AIMP1",0.998072497745249
"AIMP2",0.998579857266518
"AIP",0.786502290034797
"AIPL1",0.697729318863633
"AIRE",0.00707035056974801
"AJAP1",0.989275974293972
"AJUBA",0.514539258843268
"AK1",0.339566999588978
"AK2",0.29001046942844
"AK3",0.353163701978274
"AK4",0.908127470580598
"AK5",0.552851011182466
"AK6",0.950128477114125
"AK7",0.340256375402702
"AK8",0.241889973776571
"AK9",4.1569987501812e-05
"AKAP1",0.295774852413548
"AKAP10",0.922710865320953
"AKAP11",0.999423753842633
"AKAP12",0.000467364300575684
"AKAP13",0.000913454651592975
"AKAP14",0.0881979610058395
"AKAP17A",0.15499787908413
"AKAP3",0.45187275276229
"AKAP4",0.878592440823443
"AKAP5",0.336011887064779
"AKAP6",0.871937848287183
"AKAP7",0.983906504152897
"AKAP8",0.755746682102245
"AKAP8L",2.39474109907661e-05
"AKAP9",0.000156867578857148
"AKIP1",0.100873731738791
"AKIRIN1",0.866182437753373
"AKIRIN2",0.99548145822025
"AKNA",0.701846789595817
"AKNAD1",0.851408194144393
"AKR1A1",0.960637764189088
"AKR1B1",0.0167117969869661
"AKR1B10",0.996225680122439
"AKR1B15",0.997082901632166
"AKR1C1",0.984812279805041
"AKR1C2",0.986934790273389
"AKR1C3",0.901903079080198
"AKR1C4",0.975377365106977
"AKR1D1",0.961939970605017
"AKR1E2",0.661124420256551
"AKR7A2",0.496795214986995
"AKR7A3",0.0240357881678919
"AKR7L",0.000140396857068858
"AKT1",0.99645154629058
"AKT1S1",0.112624964135639
"AKT2",0.847316249437268
"AKT3",0.0237192042492365
"AKTIP",0.874221494042762
"ALAD",0.89174746900614
"ALAS1",0.813805374528208
"ALAS2",0.999519884614846
"ALB",0.793147377597211
"ALCAM",0.0025730200964614
"ALDH16A1",0.77359569689922
"ALDH18A1",0.998825111988243
"ALDH1A1",0.844607434556357
"ALDH1A2",0.457969017868287
"ALDH1A3",0.0789300449117379
"ALDH1B1",0.724734509451813
"ALDH1L1",0.847171318902078
"ALDH1L2",0.184208751457442
"ALDH2",0.930094026023519
"ALDH3A1",0.143685805552457
"ALDH3A2",0.994702519382698
"ALDH3B1",5.69058635606809e-09
"ALDH3B2",0.0939730118085242
"ALDH4A1",0.00297118087821557
"ALDH5A1",0.998693331591003
"ALDH6A1",0.797008420862267
"ALDH7A1",0.375397402623789
"ALDH8A1",0.210712375874971
"ALDH9A1",0.787911808218073
"ALDOA",0.999404882674352
"ALDOB",0.566739924416061
"ALDOC",0.726245269852928
"ALG1",0.160513928240045
"ALG10",0.356847242044922
"ALG10B",0.95514794672568
"ALG11",0.982603300363377
"ALG12",0.515134055210303
"ALG13",0.475979754605123
"ALG14",0.757066593916628
"ALG1L",0.628253299655917
"ALG1L2",0.394179787019041
"ALG2",0.278467286080889
"ALG3",0.233464147611963
"ALG5",0.241985586908005
"ALG6",0.999109860827936
"ALG8",0.958303520412465
"ALG9",0.230451812721141
"ALK",0.0598277695416167
"ALKBH1",0.941137046611568
"ALKBH2",0.640182071031231
"ALKBH3",0.752677858063394
"ALKBH4",0.857490114771139
"ALKBH5",0.577629737336953
"ALKBH6",0.965715816972551
"ALKBH7",0.91018844669262
"ALKBH8",0.249890299930833
"ALLC",0.998369642429366
"ALMS1",3.25932911996548e-09
"ALOX12",0.387461194890512
"ALOX12B",0.00912506671312371
"ALOX15",0.99312410494677
"ALOX15B",0.250035322266132
"ALOX5",1.23551997814432e-07
"ALOX5AP",3.92588721360175e-15
"ALOXE3",0.175957099939979
"ALPI",0.968994525420481
"ALPK1",0.384990903276812
"ALPK2",0.709349223675568
"ALPK3",0.631917172705432
"ALPL",0.765121598297986
"ALPP",0.757423434445985
"ALS2",0.00206670540519392
"ALS2CL",0.341398514738813
"ALX1",0.300934060237307
"ALX3",0.996181704002424
"ALX4",0.708190626804582
"ALYREF",0.807048910089954
"AMACR",0.605030168748611
"AMBN",0.00160373627229417
"AMBP",0.515118533411945
"AMBRA1",0.686875502192192
"AMD1",0.799748953862198
"AMDHD1",0.954026053826767
"AMDHD2",0.963086165923247
"AMELX",0.000852079279792492
"AMELY",0.68540216609913
"AMER1",0.000144145421185108
"AMER2",0.171752168020087
"AMER3",0.0139873210148385
"AMFR",0.310199849402875
"AMH",0.34241641507244
"AMHR2",0.894812377175604
"AMIGO1",0.572800289621367
"AMIGO2",0.98845289460084
"AMIGO3",0.767742604646572
"AMMECR1",0.31570009605271
"AMMECR1L",0.912682196724391
"AMN",0.0161617632408051
"AMN1",0.0918660450151728
"AMOT",0.997866805214452
"AMOTL1",0.887226025686671
"AMOTL2",0.0548757718466623
"AMPD1",0.975234534566451
"AMPD2",0.999958571606134
"AMPD3",0.385312894545982
"AMPH",0.513662157188432
"AMT",0.564712028063415
"AMTN",0.00607134193612893
"AMY1A",0.999975289594891
"AMY1B",0.986169613558253
"AMY1C",0.999277361674473
"AMY2A",0.996999388771394
"AMY2B",0.707652992445746
"AMZ1",0.252394410790464
"AMZ2",0.581850510544426
"ANAPC1",0.106651084198781
"ANAPC10",0.782988754565795
"ANAPC11",0.989859041832225
"ANAPC13",0.978777831463502
"ANAPC15",0.693087200657769
"ANAPC16",0.976704350319332
"ANAPC2",0.0244355176943279
"ANAPC4",0.947348035154849
"ANAPC5",0.0667471888141169
"ANAPC7",0.603609693786231
"ANG",0.457309884077529
"ANGEL1",0.996839087239156
"ANGEL2",0.891108996340462
"ANGPT1",0.44447191766723
"ANGPT2",0.415137316574339
"ANGPT4",0.925024088670277
"ANGPTL1",0.557812834719252
"ANGPTL2",0.407441439254178
"ANGPTL3",0.722782501451004
"ANGPTL4",0.733600543456173
"ANGPTL5",0.994355407555278
"ANGPTL6",0.996182926591578
"ANGPTL7",0.60035408259367
"ANHX",0.911251615485418
"ANK1",0.982407860074355
"ANK2",0.865661171342544
"ANK3",0.988787428543522
"ANKAR",0.949465453415381
"ANKDD1A",0.533746438523413
"ANKDD1B",0.059298356940974
"ANKEF1",0.00188662834843058
"ANKFN1",0.999407431518609
"ANKFY1",0.314995599155547
"ANKH",4.44210767047167e-05
"ANKHD1",0.511443263727413
"ANKHD1-EIF4EBP3",0.996907180168453
"ANKIB1",0.849819650856286
"ANKK1",0.0125904218332243
"ANKLE1",0.0832658689361972
"ANKLE2",0.0536541393204241
"ANKMY1",0.000516227835940393
"ANKMY2",0.966356830191668
"ANKRA2",0.00923033296950792
"ANKRD1",0.997112775500668
"ANKRD10",0.132041940108714
"ANKRD11",0.54799686227975
"ANKRD12",0.00693268491214057
"ANKRD13A",0.904763471025363
"ANKRD13B",5.11986116463488e-05
"ANKRD13C",0.679413907500121
"ANKRD13D",0.678685604285369
"ANKRD16",0.194204988230142
"ANKRD17",0.492833341543074
"ANKRD18A",0.0130974641773302
"ANKRD18B",0.344885742730008
"ANKRD2",0.929188039365765
"ANKRD20A1",0.285179125483216
"ANKRD20A2",0.291886394228307
"ANKRD20A3",0.260519189568666
"ANKRD20A4",0.460561737260307
"ANKRD22",0.000784270406846723
"ANKRD23",1.36877059280283e-05
"ANKRD24",0.136829166377061
"ANKRD26",0.00275723895445192
"ANKRD27",0.000281809006985182
"ANKRD28",0.907017075516369
"ANKRD29",0.0811168014873684
"ANKRD30A",0.920865864834032
"ANKRD30B",0.357133371222275
"ANKRD30BL",0.026557115852619
"ANKRD31",0.101426790672565
"ANKRD33",0.747528862438935
"ANKRD33B",0.437903899156317
"ANKRD34A",0.999981543976723
"ANKRD34B",0.915518142409628
"ANKRD34C",0.554932900958815
"ANKRD35",0.695755116257305
"ANKRD36",1.62535966587626e-05
"ANKRD36B",0.000205519263558317
"ANKRD36C",0.0765007622455091
"ANKRD37",0.335572590003224
"ANKRD39",0.191571590775843
"ANKRD40",0.146569816322327
"ANKRD42",0.942164140532275
"ANKRD44",0.221382163954529
"ANKRD45",0.544301005609295
"ANKRD46",0.0137827892796365
"ANKRD49",0.816135332297272
"ANKRD50",0.267592017871354
"ANKRD52",0.916608155547798
"ANKRD53",0.16849388384884
"ANKRD54",0.0677412884743106
"ANKRD55",0.630866883875559
"ANKRD6",0.235873396385173
"ANKRD60",0.95597013908154
"ANKRD61",0.0230339309030678
"ANKRD62",0.819718527979482
"ANKRD63",0.117197639054097
"ANKRD65",0.862706728025695
"ANKRD66",0.106498961253721
"ANKRD7",0.167084712322175
"ANKRD9",0.355697830895824
"ANKS1A",0.839092906233763
"ANKS1B",0.837329837621357
"ANKS3",0.00298331227746759
"ANKS4B",0.375733630614055
"ANKS6",0.177569701126792
"ANKUB1",0.117613693785713
"ANKZF1",6.41359144078455e-08
"ANLN",0.766986624002474
"ANO1",0.85606007126961
"ANO10",0.00591584403405212
"ANO2",0.99333575567873
"ANO3",0.727782793119963
"ANO4",0.999738925084345
"ANO5",0.741446465124372
"ANO6",1.61141040079426e-06
"ANO7",0.365137343030252
"ANO8",0.584002508145982
"ANO9",0.616710555822745
"ANOS1",0.37233649758831
"ANP32A",0.0671265339712774
"ANP32B",0.85043941204374
"ANP32C",0.262825650034379
"ANP32D",0.775450300757853
"ANP32E",0.229363016769533
"ANPEP",0.678810358856858
"ANTXR1",0.472762119705449
"ANTXR2",0.993864814295827
"ANTXRL",0.832237030668681
"ANXA1",0.332475171416805
"ANXA10",0.931178356308215
"ANXA11",0.304775823141789
"ANXA13",0.987991816116507
"ANXA2",0.0134189490163312
"ANXA2R",0.878542965036989
"ANXA3",0.0326082488284398
"ANXA4",0.995748456703433
"ANXA5",2.07587238620702e-07
"ANXA6",0.1026870940365
"ANXA7",3.25007119994426e-09
"ANXA8",0.162693616857667
"ANXA8L1",0.0555281910771012
"ANXA9",0.875977881735993
"AOAH",1.19948285460591e-16
"AOC1",0.380755587661804
"AOC2",0.0754886278624167
"AOC3",0.242517868582545
"AOX1",0.652264596573083
"AP1AR",0.0243378538319147
"AP1B1",1.31206037042805e-08
"AP1G1",0.969183346521552
"AP1G2",0.200824676141687
"AP1M1",0.995801381481615
"AP1M2",0.112528473286472
"AP1S1",0.304046512728121
"AP1S2",0.730488216415039
"AP1S3",0.94164661358014
"AP2A1",0.899588874485429
"AP2A2",0.554810064323569
"AP2B1",0.253061008895893
"AP2M1",0.131202850645413
"AP2S1",0.581637894740667
"AP3B1",0.41905783049931
"AP3B2",0.122451297911569
"AP3D1",0.658206331080684
"AP3M1",0.794917104365989
"AP3M2",0.0369573638507856
"AP3S1",0.657926365885654
"AP3S2",0.517561043866478
"AP4B1",0.383286160814698
"AP4E1",0.987693185744078
"AP4M1",0.0902222517066421
"AP4S1",0.652700321691683
"AP5B1",0.923146244697937
"AP5M1",0.948153625774259
"AP5S1",0.195318463151752
"AP5Z1",0.921462033239325
"APAF1",0.883629722482223
"APBA1",0.955732291737711
"APBA2",0.890061430579379
"APBA3",0.160641846791474
"APBB1",0.798543339669414
"APBB1IP",3.81184239833137e-16
"APBB2",0.497136376816529
"APBB3",0.0199402119944605
"APC",0.953677278137069
"APC2",0.776231279740984
"APCDD1",0.685744027420847
"APCDD1L",0.303612459421814
"APCS",0.965526650889123
"APEH",0.992048009319343
"APELA",0.871519766269297
"APEX1",0.964226481398259
"APEX2",0.26182769117347
"APH1A",0.763233493907842
"APH1B",0.0645326863521728
"API5",0.862971142022548
"APIP",0.953793695575019
"APLF",0.678861165659564
"APLN",0.992199515138678
"APLNR",0.361959459530235
"APLP1",0.928780900408949
"APLP2",2.16284493996183e-09
"APMAP",0.284045704624376
"APOA1",0.920693268943708
"APOA2",0.928840101641482
"APOA4",0.945897279261011
"APOA5",0.88039465592247
"APOB",0.88606471714865
"APOBEC1",0.95511228840562
"APOBEC2",0.286791691219559
"APOBEC3A",0.998449052573055
"APOBEC3B",0.973970623171279
"APOBEC3C",2.94074011706543e-10
"APOBEC3D",0.0174241207258055
"APOBEC3F",0.146223668702958
"APOBEC3G",1.47289410001575e-07
"APOBEC3H",0.504587069781789
"APOBEC4",0.37039254567939
"APOBR",0.0482483196165305
"APOC1",1.19792247581943e-09
"APOC2",1.0575117534653e-09
"APOC3",0.99767013112173
"APOC4",0.840818352751166
"APOD",0.00062883059161154
"APOE",2.26646516982905e-09
"APOF",0.597978886579936
"APOH",0.650483278999028
"APOL1",3.32856323498591e-07
"APOL2",6.86668781252067e-07
"APOL3",3.6421246999405e-10
"APOL4",0.570094897672985
"APOL5",0.942322886054657
"APOL6",2.57186735680887e-14
"APOLD1",0.976825202353085
"APOM",0.0441209271817438
"APOO",0.950753495422957
"APOOL",0.943661493938431
"APP",0.0240388566103304
"APPBP2",0.319401582666718
"APPL1",0.999664663594475
"APPL2",0.448232435886192
"APRT",0.972360649696995
"APTX",0.860291925903686
"AQP1",0.97176759059075
"AQP10",0.267748613818924
"AQP11",0.729768481062126
"AQP12A",0.887517000420385
"AQP12B",0.594003570318376
"AQP2",0.34348707125049
"AQP3",0.904462184356318
"AQP4",0.779074018645082
"AQP5",0.999742106159076
"AQP6",0.693490515658309
"AQP7",0.172549515298465
"AQP8",0.760521782362859
"AQP9",0.739438737798297
"AQR",0.587884265479476
"AR",0.497969925190844
"ARAF",0.00125735637847977
"ARAP1",0.643453716254989
"ARAP2",0.763518242907594
"ARAP3",0.380712649577503
"ARC",0.167293115994316
"ARCN1",0.0607432541176759
"AREG",0.655769721194495
"AREL1",0.994945992352097
"ARF1",0.554553120656833
"ARF3",0.280879104182852
"ARF4",0.450184304763059
"ARF5",0.386757875036715
"ARF6",0.36609688903049
"ARFGAP1",0.759300748451316
"ARFGAP2",0.220980010211057
"ARFGAP3",0.836028735074226
"ARFGEF1",0.996843664552917
"ARFGEF2",0.995538044431904
"ARFGEF3",0.999878894215374
"ARFIP1",0.278382322137022
"ARFIP2",0.898966978119312
"ARFRP1",0.689963961694929
"ARG1",0.536053463590144
"ARG2",0.719241937659547
"ARGFX",0.948388234535936
"ARGLU1",0.0362895899194325
"ARHGAP1",0.174802515225075
"ARHGAP10",0.944373066361892
"ARHGAP11A",0.484006681131681
"ARHGAP11B",0.189989151694389
"ARHGAP12",0.152037048255171
"ARHGAP15",3.12717663689606e-05
"ARHGAP17",0.55244812864517
"ARHGAP18",0.0126400312307899
"ARHGAP19",0.798452233658503
"ARHGAP20",0.0805853999078135
"ARHGAP21",0.68571414126823
"ARHGAP22",3.58662303713231e-05
"ARHGAP23",0.810613700924847
"ARHGAP24",7.99557652520541e-06
"ARHGAP25",3.56814085914814e-07
"ARHGAP26",0.612605392261872
"ARHGAP27",0.00350571137354179
"ARHGAP28",0.382094847690049
"ARHGAP29",0.0526649556345921
"ARHGAP30",1.03231177873182e-14
"ARHGAP31",0.000207406709853126
"ARHGAP32",0.977978305796542
"ARHGAP33",0.0717291999937394
"ARHGAP35",0.0107727806184111
"ARHGAP36",0.967324052715821
"ARHGAP39",0.973158154602214
"ARHGAP4",0.2200256761408
"ARHGAP40",0.436110500376081
"ARHGAP42",0.467061853394604
"ARHGAP44",0.000777362364550023
"ARHGAP45",NA
"ARHGAP5",0.322387780047438
"ARHGAP6",0.0478612933556713
"ARHGAP8",0.622472210022476
"ARHGAP9",2.00334711227706e-06
"ARHGDIA",0.106829286484003
"ARHGDIB",1.30077774168732e-18
"ARHGDIG",0.332896704259384
"ARHGEF1",0.962147210953834
"ARHGEF10",0.94318334260862
"ARHGEF10L",0.992201994749432
"ARHGEF11",0.474343242840777
"ARHGEF12",0.772252918118307
"ARHGEF15",0.501520133568798
"ARHGEF16",0.0576096631980867
"ARHGEF17",0.85960297772115
"ARHGEF18",0.89869721927632
"ARHGEF19",0.302318851583524
"ARHGEF2",0.985030693572141
"ARHGEF25",0.80837564882886
"ARHGEF26",0.0489107847253997
"ARHGEF28",0.395875552761773
"ARHGEF3",0.0648402167629248
"ARHGEF33",0.04582037504729
"ARHGEF35",0.999615175205566
"ARHGEF37",0.961264126799749
"ARHGEF38",0.960622917951022
"ARHGEF39",0.124439785021094
"ARHGEF4",0.989736176209367
"ARHGEF40",0.00781874268403292
"ARHGEF5",0.91394784972353
"ARHGEF6",1.42556249961867e-06
"ARHGEF7",0.0740779611960263
"ARHGEF9",0.269860474006268
"ARID1A",0.0193595511870971
"ARID1B",0.0979340260774538
"ARID2",0.0312725279176549
"ARID3A",0.691548197373437
"ARID3B",7.13807226042363e-05
"ARID3C",0.75347949030649
"ARID4A",0.757103514215418
"ARID4B",0.00462518337186857
"ARID5A",1.22956423978328e-09
"ARID5B",0.000403089919499941
"ARIH1",0.258464463919851
"ARIH2",0.324102027396884
"ARL1",0.339415135113553
"ARL10",0.299132144735958
"ARL11",2.09774468771447e-13
"ARL13A",0.7046636655024
"ARL13B",0.905295225166658
"ARL14",0.872968467567508
"ARL14EP",0.7862234709788
"ARL14EPL",0.999943856017853
"ARL15",0.92620329130958
"ARL16",0.573621123935175
"ARL17A",0.161224019466306
"ARL17B",0.560812970946141
"ARL2",0.130748777697678
"ARL2BP",0.393854112067698
"ARL3",0.113041838167715
"ARL4A",0.95336308487502
"ARL4C",0.135888792421081
"ARL4D",0.503925055694974
"ARL5A",0.0874295458199087
"ARL5B",0.377899034221109
"ARL5C",0.738386713821789
"ARL6",0.210522725446972
"ARL6IP1",0.687331185179942
"ARL6IP4",0.97512322915853
"ARL6IP5",0.043825447403525
"ARL6IP6",0.297158101889794
"ARL8A",0.875626278982906
"ARL8B",0.346439966614418
"ARL9",0.949402367086594
"ARMC1",0.31483873362119
"ARMC10",0.970101686692348
"ARMC12",0.639760805240338
"ARMC2",0.00143512384538412
"ARMC3",0.110736817551525
"ARMC4",0.029835288495943
"ARMC5",0.792231638518183
"ARMC6",0.960582412399754
"ARMC7",0.997486427418071
"ARMC8",0.76360041109723
"ARMC9",0.0389111698417692
"ARMCX1",0.998436731127287
"ARMCX2",0.276473008834518
"ARMCX3",0.0459945358008313
"ARMCX4",0.61838388443753
"ARMCX5",0.846484484686686
"ARMCX6",0.0459352227211824
"ARMH3",NA
"ARMS2",0.6433195902454
"ARMT1",0.876564977017101
"ARNT",0.999490578950708
"ARNT2",0.407406897946009
"ARNTL",0.870484820052075
"ARNTL2",0.981486511742024
"ARPC1A",0.99822314118581
"ARPC1B",4.00930711737294e-10
"ARPC2",0.000435861583641218
"ARPC3",0.00208687307176201
"ARPC4",0.000754210509471039
"ARPC4-TTLL3",0.997663181812585
"ARPC5",0.0220662112495143
"ARPC5L",0.788419761114713
"ARPIN",0.69237421925693
"ARPP19",0.992102155087813
"ARPP21",0.871167501044935
"ARR3",0.729551963038073
"ARRB1",0.999512100500636
"ARRB2",1.38527973121608e-06
"ARRDC1",0.478054287203835
"ARRDC2",0.298920222402149
"ARRDC3",0.797013674997111
"ARRDC4",0.922713356384512
"ARRDC5",0.0559849674729317
"ARSA",0.0867825742448677
"ARSB",0.23537865002913
"ARSD",0.851289954898506
"ARSE",0.459680534387506
"ARSF",0.297861419579751
"ARSG",0.927527128777815
"ARSH",0.928772436539484
"ARSI",0.000655953551825038
"ARSJ",2.07191118064702e-05
"ARSK",0.97791543270136
"ART1",0.912189595054617
"ART3",0.658597086832571
"ART4",0.244039026368408
"ART5",0.455927157392059
"ARTN",0.110635769440962
"ARV1",0.55417204565559
"ARVCF",0.00507644037859045
"ARX",0.527949818043407
"AS3MT",0.442430559214436
"ASAH1",0.00190842956492741
"ASAH2",0.449262823551219
"ASAH2B",0.0699725455437391
"ASAP1",0.0890737162055582
"ASAP2",0.305594389523028
"ASAP3",0.000423802717378124
"ASB1",0.99026388627786
"ASB10",0.910941139347276
"ASB11",0.849523451341421
"ASB12",0.874711871688065
"ASB13",0.913392453951221
"ASB14",0.0159171766067311
"ASB15",0.819765812291902
"ASB16",0.174828337244847
"ASB17",0.953292864671706
"ASB18",0.997538977354938
"ASB2",0.0195526872011878
"ASB4",0.812565876130135
"ASB5",0.718941023145565
"ASB6",0.990716709146585
"ASB7",0.766345187221157
"ASB8",0.99997831531154
"ASB9",0.639816102299553
"ASCC1",0.996208083161524
"ASCC2",0.0384638434062336
"ASCC3",0.00763969736738074
"ASCL1",0.545138434344528
"ASCL2",0.934258427529874
"ASCL3",0.675088561006141
"ASCL4",0.31374687061192
"ASCL5",0.00293880343946749
"ASF1A",0.91741201757768
"ASF1B",0.857991385510948
"ASGR1",0.943928699416119
"ASGR2",0.0012024075703032
"ASH1L",0.101818817083921
"ASH2L",0.697279778698229
"ASIC1",0.842390523702703
"ASIC2",0.911809359701838
"ASIC3",6.60181105264889e-06
"ASIC4",0.10155850927035
"ASIC5",0.960659612350252
"ASIP",0.995345373460814
"ASL",0.0187711745698935
"ASMT",0.84616168556894
"ASMTL",0.894845312278224
"ASNA1",NA
"ASNS",0.125318712880067
"ASNSD1",0.794464694520003
"ASPA",0.814591170394913
"ASPDH",0.0656621452056533
"ASPG",0.015966005740878
"ASPH",0.847639336572713
"ASPHD1",0.168869406068819
"ASPHD2",0.983749142853549
"ASPM",0.320242905128723
"ASPN",0.909982873155286
"ASPRV1",0.994836782717679
"ASPSCR1",0.0581837529673871
"ASRGL1",0.821140280743639
"ASS1",0.0509411036052664
"ASTE1",0.997873881144928
"ASTL",0.71079625639917
"ASTN1",0.00338739503846296
"ASTN2",0.88536248157046
"ASXL1",0.158990482284978
"ASXL2",0.971153341882882
"ASXL3",0.000922694932385972
"ASZ1",0.947204797914148
"ATAD1",0.716564963812338
"ATAD2",0.0897332127693274
"ATAD2B",0.00312531318501398
"ATAD3A",0.389461256437216
"ATAD3B",0.0525875228309599
"ATAD3C",0.550523801149053
"ATAD5",0.00282090293629169
"ATAT1",0.996694188775888
"ATCAY",0.69008813867379
"ATE1",0.591187030147263
"ATF1",0.994417768308681
"ATF2",0.0455381888172353
"ATF3",0.282132070388415
"ATF4",0.98727761844867
"ATF5",0.674721491705675
"ATF6",0.575620212358374
"ATF6B",0.986882760642969
"ATF7",0.373345787913008
"ATF7IP",0.949350330362138
"ATF7IP2",0.990413625982623
"ATG10",0.107104496444514
"ATG101",0.767196733821535
"ATG12",0.9999670708452
"ATG13",0.995291133557169
"ATG14",0.378578746368251
"ATG16L1",0.952218449819132
"ATG16L2",0.929003813233241
"ATG2A",0.732734593835034
"ATG2B",0.354055894523852
"ATG3",0.000120478842006907
"ATG4A",0.904349099619188
"ATG4B",0.24684460357779
"ATG4C",0.962775339179165
"ATG4D",0.0878883889497079
"ATG5",0.992690885984129
"ATG7",3.10751600599152e-05
"ATG9A",0.996447384293419
"ATG9B",0.0184936894156356
"ATIC",0.988328573312621
"ATL1",0.994533733820941
"ATL2",1.79236658908202e-06
"ATL3",4.55577314187112e-07
"ATM",0.999758633478289
"ATMIN",0.992587753400812
"ATN1",0.912163024726896
"ATOH1",0.737849306428585
"ATOH7",0.0138238707606394
"ATOH8",0.641000089061534
"ATOX1",0.00132592396463427
"ATP10A",0.951391181461362
"ATP10B",0.0489146083765571
"ATP10D",0.0282112305523259
"ATP11A",0.784248855884898
"ATP11AUN",0.933435368282484
"ATP11B",0.0165719640087752
"ATP11C",0.990601823157878
"ATP12A",0.572203913876621
"ATP13A1",0.996559040830002
"ATP13A2",0.636494039487653
"ATP13A3",0.377424520917702
"ATP13A4",0.595129756713792
"ATP13A5",0.987737422720956
"ATP1A1",0.0643313138383744
"ATP1A2",0.982572757456613
"ATP1A3",0.0684559880884684
"ATP1A4",0.955196219979042
"ATP1B1",0.00750651647224358
"ATP1B2",3.94872568931226e-05
"ATP1B3",0.146048278348208
"ATP1B4",0.805593411970661
"ATP2A1",0.0903187608977313
"ATP2A2",0.0498304851517185
"ATP2A3",0.916959446809242
"ATP2B1",0.90429014117846
"ATP2B2",0.27396761887316
"ATP2B3",0.000343614804783123
"ATP2B4",0.292216862524205
"ATP2C1",0.980640143829115
"ATP2C2",0.444333009844148
"ATP4A",0.30237408837653
"ATP4B",0.144254514020783
"ATP5F1A",NA
"ATP5F1B",NA
"ATP5F1C",NA
"ATP5F1D",NA
"ATP5F1E",NA
"ATP5IF1",NA
"ATP5MC1",NA
"ATP5MD",NA
"ATP5ME",NA
"ATP5MF",NA
"ATP5MG",NA
"ATP5PB",NA
"ATP5PD",NA
"ATP5PO",NA
"ATP5S",NA
"ATP6AP1",0.00671168071726213
"ATP6AP1L",0.000229428223299142
"ATP6AP2",9.92272691669282e-05
"ATP6V0A1",0.927961918178624
"ATP6V0A2",0.961277172496768
"ATP6V0A4",0.898486194239053
"ATP6V0B",0.406705473010831
"ATP6V0C",0.349654900471073
"ATP6V0D1",0.856773990046709
"ATP6V0D2",0.544488338952806
"ATP6V0E1",0.000551012386980073
"ATP6V0E2",0.71268151304726
"ATP6V1A",0.994332363896452
"ATP6V1B1",0.292685986571144
"ATP6V1B2",0.107300048223638
"ATP6V1C1",0.998358434135132
"ATP6V1C2",0.915213460656811
"ATP6V1D",0.988563676127343
"ATP6V1E1",0.415501712063494
"ATP6V1E2",0.925059039761564
"ATP6V1F",0.711071622102945
"ATP6V1G1",0.666763940528285
"ATP6V1G2",0.998860097580262
"ATP6V1G3",0.958246851497455
"ATP6V1H",0.999997462734907
"ATP7A",0.321578767122277
"ATP7B",4.54609719343114e-06
"ATP8A1",0.00129343705731064
"ATP8A2",0.715424437140397
"ATP8B1",0.744570528648286
"ATP8B2",0.812232183866148
"ATP8B3",0.868328064272651
"ATP8B4",4.05058322385817e-05
"ATP9A",0.773264854816268
"ATP9B",0.00239276527531203
"ATPAF1",0.620536568916977
"ATPAF2",0.927465748522513
"ATR",0.895639233642303
"ATRAID",0.230904809910339
"ATRIP",0.216258008236145
"ATRN",0.42665540338283
"ATRNL1",0.983140122594113
"ATRX",0.472296610472757
"ATXN1",0.943696600483416
"ATXN10",0.707056830542082
"ATXN1L",0.990083737506847
"ATXN2",0.0803809978924879
"ATXN2L",0.820737654048675
"ATXN3",0.685607280265295
"ATXN3L",0.916059571792824
"ATXN7",0.932708862137607
"ATXN7L1",0.0219838729816446
"ATXN7L2",0.0644367617072815
"ATXN7L3",0.238272358968421
"ATXN7L3B",0.0493193935243515
"AUH",0.306435614727835
"AUNIP",0.00349842522484827
"AUP1",0.703343061198044
"AURKA",0.795358614259093
"AURKAIP1",0.896013792306889
"AURKB",0.504320662813487
"AURKC",0.997478654014874
"AUTS2",8.3409294082055e-06
"AVEN",0.991091545170799
"AVIL",0.897284685980274
"AVL9",0.0383681574843902
"AVP",0.769637298351759
"AVPI1",0.985716759935875
"AVPR1A",0.95930387053457
"AVPR1B",0.995545085479668
"AVPR2",0.194664361565884
"AWAT1",0.818885322733041
"AWAT2",0.837657895126278
"AXDND1",0.079401750773661
"AXIN1",0.0549755300642733
"AXIN2",6.50065682887218e-05
"AXL",1.97535747092897e-07
"AZGP1",0.00291972531871806
"AZI2",0.999560242469003
"AZIN1",0.28549162493265
"AZIN2",0.834948886783608
"AZU1",0.457825455452167
"B2M",9.74242091455719e-11
"B3GALNT1",0.960191194101405
"B3GALNT2",0.0236085499323076
"B3GALT1",0.984690901047206
"B3GALT2",0.79196273570678
"B3GALT4",0.30242077422849
"B3GALT5",0.939172829052062
"B3GALT6",0.911838964312733
"B3GAT1",0.0893851415915468
"B3GAT2",0.82304823902131
"B3GAT3",0.0137751059346331
"B3GLCT",0.237668845752748
"B3GNT2",0.988711851861011
"B3GNT3",0.927194919140406
"B3GNT4",6.61834663740156e-06
"B3GNT5",0.986575057743671
"B3GNT6",0.968244056258285
"B3GNT7",0.000450799113405535
"B3GNT8",0.494132860651805
"B3GNT9",0.321466834019053
"B3GNTL1",0.00619152912537547
"B4GALNT1",0.999584978530952
"B4GALNT2",0.435924993510489
"B4GALNT3",0.726100565072343
"B4GALNT4",0.677980287498926
"B4GALT1",0.0406455719486028
"B4GALT2",0.973138499343611
"B4GALT3",0.999952755257872
"B4GALT4",0.276572526900073
"B4GALT5",0.000390854637952201
"B4GALT6",0.983419236300797
"B4GALT7",0.705293844657217
"B4GAT1",0.747507873994854
"B9D1",0.542482328356865
"B9D2",0.392659362589258
"BAALC",5.16875526614727e-05
"BAAT",0.928400680265202
"BABAM1",0.991013790869144
"BABAM2",NA
"BACE1",0.0112437756583534
"BACE2",0.000899878531824146
"BACH1",0.12970899629666
"BACH2",0.016498972537202
"BAD",0.999082083830537
"BAG1",0.943956349559288
"BAG2",0.951499101066646
"BAG3",0.00255008225228148
"BAG4",0.311173102939649
"BAG5",0.883456723171021
"BAG6",0.923436963721555
"BAGE2",0.913231083377307
"BAGE5",0.962027525860423
"BAHCC1",0.0348946263221053
"BAHD1",0.869798395478961
"BAIAP2",0.067933430207095
"BAIAP2L1",0.225434855999816
"BAIAP2L2",0.0944715051241546
"BAIAP3",0.694094936351769
"BAK1",0.00146542534283065
"BAMBI",0.0103196538928667
"BANF1",0.884523263102731
"BANF2",0.44198292432803
"BANK1",0.983406108185973
"BANP",0.524152925383748
"BAP1",0.01565232419242
"BARD1",0.505474036201704
"BARHL1",0.0502910921812097
"BARHL2",0.247841934465137
"BARX1",0.794387115993384
"BARX2",0.00140337220666916
"BASP1",0.318442755242497
"BATF",6.39486948218737e-05
"BATF2",7.32104638337998e-09
"BATF3",5.30845229099826e-05
"BAX",0.022836048827335
"BAZ1A",0.820950440161725
"BAZ1B",0.173055771483326
"BAZ2A",0.897090298544016
"BAZ2B",0.391695022109429
"BBC3",0.979458348816963
"BBIP1",0.913542716415644
"BBOX1",0.99969167643192
"BBS1",0.00561888608199912
"BBS10",0.99961253601197
"BBS12",0.977897255371381
"BBS2",0.992966361750396
"BBS4",0.0936954731347101
"BBS5",0.266990560077104
"BBS7",0.189126651891011
"BBS9",0.310991056290795
"BBX",0.993382916614988
"BCAM",0.816399375330407
"BCAN",0.606070816914806
"BCAP29",0.52183608547174
"BCAP31",0.561104474129436
"BCAR1",0.191414917547162
"BCAR3",0.383228137235466
"BCAS1",0.316433806160873
"BCAS2",0.605016113399911
"BCAS3",0.309776980677716
"BCAS4",0.117958668902512
"BCAT1",3.52923430097431e-05
"BCAT2",0.540225123293494
"BCCIP",0.995822253984093
"BCDIN3D",0.000490832365976511
"BCHE",0.0277906793144036
"BCKDHA",0.339944952222264
"BCKDHB",0.554040431758707
"BCKDK",0.351727635059376
"BCL10",0.815451959778911
"BCL11A",0.0117021536930978
"BCL11B",0.373777092619505
"BCL2",0.811321990698133
"BCL2A1",0.00585742183167926
"BCL2L1",0.907845848375926
"BCL2L10",0.703313612512698
"BCL2L11",0.731559918474586
"BCL2L12",0.971207261687387
"BCL2L13",0.695481993964328
"BCL2L14",0.041817635047531
"BCL2L15",0.151279697347981
"BCL2L2",0.998674661596727
"BCL2L2-PABPN1",0.995626785246028
"BCL3",4.73863337357663e-05
"BCL6",0.0460872450816911
"BCL6B",0.824157557416689
"BCL7A",9.30963035268495e-06
"BCL7B",0.744705143786677
"BCL7C",0.972755818149275
"BCL9",0.965852651275259
"BCL9L",0.744400303850932
"BCLAF1",0.0213660560282358
"BCO1",0.979964491485917
"BCO2",0.953972630644577
"BCOR",0.000106462192836817
"BCORL1",0.0427158837563995
"BCR",0.948934663009804
"BCS1L",0.778700832529461
"BDH1",0.999733999826242
"BDH2",0.370342662618694
"BDKRB1",0.976027095848123
"BDKRB2",0.175524648486915
"BDNF",0.993423023497394
"BDP1",0.000977253544901962
"BEAN1",0.96050691722852
"BECN1",0.0819135154038581
"BECN2",0.783681033417361
"BEGAIN",0.730659594785163
"BEND2",0.951871575026361
"BEND3",0.00132767073034594
"BEND4",0.864791356072339
"BEND5",0.504330130802424
"BEND6",0.676025402686573
"BEND7",0.905636399320783
"BEST1",0.0323860368248752
"BEST2",0.393544392718876
"BEST3",0.00488981212432526
"BEST4",0.0119501851936345
"BET1",0.90427186845072
"BET1L",0.73779118526485
"BEX1",0.938756471860954
"BEX2",0.10214855716729
"BEX4",0.992287776143478
"BEX5",0.965749741657227
"BFAR",0.999608932957376
"BFSP1",0.693273325481436
"BFSP2",0.242160176388447
"BGLAP",0.00258542618660773
"BGN",0.000393995778906975
"BHLHA15",0.577512175060816
"BHLHA9",0.353006355655054
"BHLHB9",0.620801855109177
"BHLHE22",0.00250095629176543
"BHLHE23",0.742378669838099
"BHLHE40",0.36862138569314
"BHLHE41",0.000401358539942633
"BHMG1",0.873917360668116
"BHMT",0.42588277034926
"BHMT2",0.831442839588056
"BICC1",0.975489584790073
"BICD1",0.638632736820414
"BICD2",0.7519790401684
"BID",0.803824941813231
"BIK",0.999930676337883
"BIN1",0.780959622236891
"BIN2",6.9627201400262e-15
"BIN3",0.806527378481905
"BIRC2",0.889559223524345
"BIRC3",0.820181249995859
"BIRC5",0.556341632763593
"BIRC6",0.0649956845362861
"BIRC7",0.851468289470822
"BIVM",0.199816059348802
"BIVM-ERCC5",0.809387684159141
"BLCAP",0.271956450928984
"BLID",0.993896750780453
"BLK",0.87985993555303
"BLM",0.000152845552663925
"BLMH",0.218113356925155
"BLNK",1.2144019651415e-06
"BLOC1S1",0.00324811357077632
"BLOC1S2",7.24941246990254e-05
"BLOC1S3",0.805625489410836
"BLOC1S4",0.999858235425186
"BLOC1S5",0.999536310239125
"BLOC1S6",0.997664450299021
"BLVRA",0.0794497581611475
"BLVRB",0.251393804349714
"BLZF1",0.967007880883478
"BMF",0.987702937875193
"BMI1",0.77177645083973
"BMP1",0.93850659295025
"BMP10",0.942494771366819
"BMP15",0.99421442841133
"BMP2",0.679527605325198
"BMP2K",0.175242453174568
"BMP3",0.184097840701156
"BMP4",0.147219630751717
"BMP5",0.825607663541592
"BMP6",0.681619650337362
"BMP7",0.663827828082972
"BMP8A",0.56692859004482
"BMP8B",0.000326621819489638
"BMPER",0.986259549205139
"BMPR1A",0.999122681484146
"BMPR1B",0.715070829026008
"BMPR2",0.967833169592604
"BMS1",0.992074154451348
"BMX",0.969314970064112
"BNC1",0.154153281100978
"BNC2",0.923415024645658
"BNIP1",0.984850876247495
"BNIP2",0.25145223281526
"BNIP3",0.517287398973581
"BNIP3L",0.925469779478542
"BNIPL",0.000129057776960754
"BOC",0.61007520111999
"BOD1",0.0723504578990278
"BOD1L1",0.0763972590214576
"BOD1L2",0.899603139922496
"BOK",0.456835802408107
"BOLA1",0.931038534054569
"BOLA2",0.563338401320089
"BOLA2B",0.729670833684176
"BOLA3",0.592310322782686
"BOLL",0.931623015357199
"BOP1",0.78752430771102
"BORA",0.600144018980004
"BORCS5",NA
"BORCS6",NA
"BORCS7",NA
"BPGM",0.979921380737107
"BPHL",0.474108877602436
"BPI",0.472448712501333
"BPIFA1",0.941510110800084
"BPIFA2",0.999924070528888
"BPIFA3",0.953219364293739
"BPIFB1",0.937386898609872
"BPIFB2",0.956368139357323
"BPIFB3",0.911491235911855
"BPIFB4",0.90706596118429
"BPIFB6",0.93420073464094
"BPIFC",0.969360322576655
"BPNT1",0.772406150107896
"BPTF",5.18378335288427e-05
"BPY2",0.958274338759872
"BPY2B",0.959464048951783
"BPY2C",0.959464048951783
"BRAF",0.0700002355052142
"BRAP",0.734623276371143
"BRAT1",0.906953860872062
"BRCA1",0.0166069315346123
"BRCA2",0.428543473258623
"BRCC3",0.996294764267958
"BRD1",1.0645987475136e-05
"BRD2",0.35778017701257
"BRD3",0.0234009090836059
"BRD4",0.803212278305937
"BRD7",0.0128029815100551
"BRD8",0.00397426523566563
"BRD9",0.000378117353289351
"BRDT",0.930040560391428
"BRF1",0.000245494349132852
"BRF2",0.880360440807956
"BRI3",0.258976859638405
"BRI3BP",0.964551820418175
"BRICD5",0.00224862751153639
"BRINP1",0.39727388589369
"BRINP2",0.270274868582024
"BRINP3",0.08567523165107
"BRIP1",0.0103957968932554
"BRIX1",0.944394944789506
"BRK1",0.028817864945759
"BRMS1",0.582844127127595
"BRMS1L",0.957451509206771
"BROX",0.593094041903954
"BRPF1",0.791960239714974
"BRPF3",0.181736478306402
"BRS3",0.732797078317986
"BRSK1",0.222348745690089
"BRSK2",0.00408853038090817
"BRWD1",1.98220834687787e-06
"BRWD3",0.475603680263563
"BSCL2",0.187230748907689
"BSDC1",0.0814848086570209
"BSG",0.967524249829645
"BSN",0.008709926359886
"BSND",0.906984479634336
"BSPH1",0.850376784449008
"BSPRY",0.998575178197213
"BST1",9.2699536383754e-06
"BST2",1.63900683326571e-07
"BSX",0.423642141243168
"BTAF1",0.585992095723342
"BTBD1",0.0972257680400795
"BTBD10",0.972595264929094
"BTBD11",0.178434054353451
"BTBD16",0.726199777117076
"BTBD17",0.41274662649982
"BTBD18",0.12312611196052
"BTBD19",0.449358414112467
"BTBD2",0.409914786996511
"BTBD3",0.453435575199152
"BTBD6",0.951597745988587
"BTBD7",0.631175007768347
"BTBD8",0.988531865986559
"BTBD9",0.538260974605891
"BTC",0.80321235259832
"BTD",0.881623852066364
"BTF3",0.898741001859111
"BTF3L4",0.970579438891479
"BTG1",0.50555221133345
"BTG2",0.0290410992599556
"BTG3",0.961749818012115
"BTG4",0.5581077116238
"BTK",3.51154751938656e-17
"BTLA",0.848506104758382
"BTN1A1",0.60519963053017
"BTN2A1",0.732908112063836
"BTN2A2",0.108102821015527
"BTN3A1",0.000378816493086051
"BTN3A2",3.4143089710604e-07
"BTN3A3",3.2350536687055e-08
"BTNL10",0.918451222816942
"BTNL2",0.522254022673454
"BTNL3",0.977470024411622
"BTNL8",0.95720967420242
"BTNL9",0.118372578605699
"BTRC",0.536739031370137
"BUB1",0.65374646685816
"BUB1B",0.23722647845888
"BUB3",0.741721160315763
"BUD13",0.207905272909727
"BUD31",0.99819661369085
"BVES",0.243054150126083
"BYSL",0.976362116301296
"BZW1",0.460551512237773
"BZW2",0.810209619346347
"C11orf54",NA
"C11orf58",NA
"C11orf68",NA
"C12orf10",NA
"C12orf29",NA
"C12orf4",NA
"C12orf43",NA
"C12orf45",NA
"C15orf38-AP3S2",NA
"C15orf40",NA
"C16orf45",NA
"C16orf58",NA
"C16orf70",NA
"C17orf49",NA
"C17orf75",NA
"C18orf25",NA
"C18orf32",NA
"C19orf12",NA
"C19orf66",NA
"C19orf70",NA
"C1D",0.999660815836464
"C1GALT1",0.76561289234736
"C1GALT1C1",0.122184143531537
"C1GALT1C1L",0.373615889891335
"C1orf109",NA
"C1orf123",NA
"C1orf198",NA
"C1orf226",NA
"C1orf35",NA
"C1QA",5.99692009107757e-21
"C1QB",3.92162425306098e-21
"C1QBP",0.91395244548142
"C1QC",2.58813312473169e-21
"C1QL1",0.00129966421280788
"C1QL2",0.896134846428139
"C1QL3",0.261066408439285
"C1QL4",0.440641341482591
"C1QTNF1",1.63282308101108e-06
"C1QTNF2",0.9912237212565
"C1QTNF3",0.968542763958153
"C1QTNF4",0.0333135534337912
"C1QTNF5",0.365692522936652
"C1QTNF6",0.647635330373955
"C1QTNF7",0.996195877218697
"C1QTNF8",0.548681416102236
"C1QTNF9",0.90698552060241
"C1QTNF9B",0.178898211523066
"C1R",1.26407854494947e-14
"C1RL",3.37159781337777e-08
"C1S",1.04516310302131e-10
"C2",1.65612106953289e-10
"C20orf27",NA
"C21orf2",NA
"C2CD2",0.0260428864411304
"C2CD2L",0.578399440066588
"C2CD3",0.0996350870250274
"C2CD4A",0.870770446673564
"C2CD4B",0.512766423881385
"C2CD4C",0.924506089401858
"C2CD4D",0.726022601427632
"C2CD5",0.0413962665451129
"C2orf49",NA
"C2orf69",NA
"C2orf72",NA
"C2orf76",NA
"C3",6.73429043548561e-12
"C3AR1",4.47298011419245e-21
"C3orf38",NA
"C4A",9.55446995416445e-06
"C4B",1.53405888411348e-05
"C4BPA",0.961400630199581
"C4BPB",0.731234707943981
"C5",0.475796850990508
"C5AR1",0.00326291954796517
"C5AR2",0.0273423977371146
"C5orf22",NA
"C5orf24",NA
"C5orf51",NA
"C6",0.992553157547716
"C7",0.00458077002810857
"C7orf50",NA
"C8A",0.957322882077472
"C8B",0.957036154055442
"C8G",0.818961300902919
"C8orf37",NA
"C8orf82",NA
"C9",0.968713414354636
"C9orf64",NA
"C9orf78",NA
"CA1",0.999598090116538
"CA10",0.572210274263861
"CA11",0.688773226035912
"CA12",0.569273934833571
"CA13",0.726076088105962
"CA14",0.585712906479585
"CA2",0.999260450388149
"CA3",0.858006457788283
"CA4",0.00110134811469705
"CA5A",0.274959479601328
"CA5B",0.28536683858871
"CA6",0.109562836759698
"CA7",0.726930924678708
"CA8",0.905879082110764
"CA9",0.76656791061082
"CAAP1",0.470099617958797
"CAB39",0.271965676466473
"CAB39L",0.824681089290592
"CABIN1",0.947518680322879
"CABLES1",0.974504718638779
"CABLES2",0.0002183156019798
"CABP1",0.713029939165513
"CABP2",0.647848230740659
"CABP4",0.0571501131607526
"CABP5",0.710680336057206
"CABP7",0.932228504848452
"CABS1",0.462241833306285
"CABYR",0.568725080553913
"CACFD1",0.696671434836205
"CACHD1",0.226569472084865
"CACNA1A",0.99077836736975
"CACNA1B",1.77684582096325e-05
"CACNA1C",0.77890029804884
"CACNA1D",0.0987510182211651
"CACNA1E",0.0084169968290584
"CACNA1F",0.248110043873978
"CACNA1G",0.968870028672523
"CACNA1H",0.210635648177886
"CACNA1I",0.233782045851217
"CACNA1S",0.431719476111397
"CACNA2D1",0.353252358486222
"CACNA2D2",0.000127830077284861
"CACNA2D3",0.32483405361782
"CACNA2D4",0.032979743705872
"CACNB1",0.296414865592016
"CACNB2",0.450136755148982
"CACNB3",0.00109273881621394
"CACNB4",0.946074368660858
"CACNG1",0.99202061517244
"CACNG2",0.0179043652048018
"CACNG3",0.154147149363073
"CACNG4",0.192037702385324
"CACNG5",0.63040958852855
"CACNG6",0.396207414152675
"CACNG7",0.139708800406673
"CACNG8",0.37757012062109
"CACTIN",0.417413148959269
"CACUL1",0.963307381928924
"CACYBP",0.200349093296397
"CAD",0.573323512468705
"CADM1",0.732376132596502
"CADM2",0.381709650367387
"CADM3",0.99831484705577
"CADM4",0.0081553827243699
"CADPS",0.964185434170643
"CADPS2",0.686268809527011
"CAGE1",0.805376526829743
"CALB1",0.027524032471339
"CALB2",0.958635226023603
"CALCA",0.970816108092896
"CALCB",0.486327075743731
"CALCOCO1",0.479948054504645
"CALCOCO2",0.529621964850786
"CALCR",0.65015012390942
"CALCRL",0.197904456924848
"CALD1",0.999422379856456
"CALHM1",0.403392081393342
"CALHM2",4.07996221866407e-05
"CALHM3",0.920438533290267
"CALM1",0.981926296395023
"CALM2",0.915007947650109
"CALM3",0.764862972168754
"CALML3",0.000151822030733384
"CALML4",0.138017564107246
"CALML5",0.0655569044497219
"CALML6",0.11256244420981
"CALN1",0.222798306147235
"CALR",0.00535300714146191
"CALR3",0.744794292900294
"CALU",0.0980534890194641
"CALY",0.0566434624811165
"CAMK1",0.0121186061491881
"CAMK1D",0.994455627916929
"CAMK1G",0.568091479771805
"CAMK2A",0.900706978047566
"CAMK2B",0.926641230407215
"CAMK2D",1.86855354573086e-06
"CAMK2G",0.945518367498827
"CAMK2N1",0.808194897071871
"CAMK2N2",0.901486104923618
"CAMK4",0.00652356953199307
"CAMKK1",0.0591598879074474
"CAMKK2",0.0951805982688706
"CAMKMT",0.747761439904459
"CAMKV",0.0506815812550878
"CAMLG",0.984242213331335
"CAMP",0.991402692435382
"CAMSAP1",0.000116726959355966
"CAMSAP2",0.96992688123532
"CAMSAP3",2.26147838870088e-06
"CAMTA1",0.929417607003624
"CAMTA2",0.856893500399205
"CAND1",0.157880433352841
"CAND2",0.873616669361545
"CANT1",0.347236851321586
"CANX",0.0765138195892462
"CAP1",1.64690866177817e-06
"CAP2",0.987443115022773
"CAPG",2.93090030564044e-05
"CAPN1",0.0212984308045537
"CAPN10",0.00109849989062272
"CAPN11",0.950375679448449
"CAPN12",0.462324595149762
"CAPN13",0.16150163500948
"CAPN14",0.158486959488017
"CAPN15",0.571501452069142
"CAPN2",0.0322339208556877
"CAPN3",0.982843249961793
"CAPN5",5.18014621970583e-05
"CAPN6",0.998393321332421
"CAPN7",0.0223361433155223
"CAPN8",0.175643359692004
"CAPN9",0.314612599874772
"CAPNS1",3.09486300156987e-05
"CAPNS2",0.440401453179762
"CAPRIN1",0.820249757206812
"CAPRIN2",0.999880756649618
"CAPS",0.337822935957038
"CAPS2",0.177125985954293
"CAPSL",0.0859836205836585
"CAPZA1",0.109956060448324
"CAPZA2",0.0686860887867976
"CAPZA3",0.673100575551336
"CAPZB",0.00115627726242822
"CARD10",0.995800373131572
"CARD11",4.26131016385324e-08
"CARD14",0.0100173894277473
"CARD16",8.21314524903042e-13
"CARD17",0.994736611962137
"CARD18",0.94347488991388
"CARD6",2.99118290677537e-10
"CARD8",0.00126921332341926
"CARD9",8.93061607179493e-07
"CARF",0.134151421875208
"CARHSP1",0.85977453526612
"CARM1",0.702504796732729
"CARMIL1",NA
"CARNMT1",NA
"CARNS1",0.624868975236726
"CARS",0.0993755792683564
"CARS2",0.128463536748938
"CARTPT",0.76305921872524
"CASC1",0.0537005458481601
"CASC3",0.00410837270789539
"CASC4",0.20381226708589
"CASD1",0.00784776605026677
"CASK",0.990828416720118
"CASKIN1",0.0643454253234512
"CASKIN2",0.975035424005901
"CASP1",1.07498009561968e-21
"CASP10",4.2800528496264e-05
"CASP12",0.951181765309185
"CASP14",0.957460827130853
"CASP2",0.503147847627699
"CASP3",0.968323058512138
"CASP4",3.43618546204631e-10
"CASP5",0.00938431509892546
"CASP6",0.465213895493622
"CASP7",0.366571773288707
"CASP8",0.0654674580976928
"CASP8AP2",0.303711689285094
"CASP9",0.390890407615791
"CASQ1",0.935806177653136
"CASQ2",0.644932697668816
"CASR",0.140598880955395
"CASS4",1.72783279769994e-10
"CAST",0.00388222597733803
"CASTOR2",NA
"CASZ1",0.960828353341697
"CAT",0.537868866568788
"CATIP",0.281737405293094
"CATSPER1",0.158674644451293
"CATSPER2",0.0113969246387109
"CATSPER3",0.536883136356843
"CATSPER4",0.927911011127003
"CATSPERB",0.814237123184652
"CATSPERD",0.2118484432891
"CATSPERG",0.0201651910468345
"CAV1",0.0853043864623897
"CAV2",0.0133952238361968
"CAV3",0.715501880707362
"CAVIN1",NA
"CAVIN2",NA
"CAVIN3",NA
"CBARP",NA
"CBFA2T2",0.000241443933587576
"CBFA2T3",0.000654402054655451
"CBFB",0.0669259473934865
"CBL",0.0324270889918252
"CBLB",0.025033941316329
"CBLC",0.0155474194383396
"CBLL1",0.668253952642706
"CBLN1",0.0431471877570013
"CBLN2",0.0889673358816171
"CBLN3",0.572294372573908
"CBLN4",0.986776700303015
"CBR1",0.0109582411377975
"CBR3",7.47623143133102e-05
"CBR4",0.341252681165045
"CBS",0.990067859978777
"CBWD1",0.753253598335071
"CBWD2",0.0731257987072131
"CBWD3",0.257909746945673
"CBWD5",0.443254640845034
"CBX1",1.14122140517657e-07
"CBX2",0.00451129531395814
"CBX3",0.808923529235004
"CBX4",0.967257067128652
"CBX5",0.995996441595226
"CBX6",0.655149813648459
"CBX7",0.87847882894132
"CBX8",2.11183534522566e-05
"CBY1",0.0629274633740923
"CBY3",0.0382872024266214
"CC2D1A",0.00497071396695507
"CC2D1B",0.955523056408811
"CC2D2A",0.92237828965979
"CC2D2B",0.979546583483154
"CCAR1",0.353768848859894
"CCAR2",7.51353749353549e-05
"CCBE1",0.205601602753149
"CCDC102A",0.297019384118476
"CCDC102B",0.827045764181181
"CCDC103",0.831517320154888
"CCDC105",0.861057151226245
"CCDC106",0.950280233443961
"CCDC107",0.829322718664251
"CCDC110",0.535527215591745
"CCDC112",0.795789110621983
"CCDC113",0.114341703306563
"CCDC114",0.0692396628090983
"CCDC115",0.996600507395218
"CCDC116",0.765217115820853
"CCDC117",0.0285274561865305
"CCDC12",0.291195183405251
"CCDC120",0.121670406138811
"CCDC121",0.130114599018614
"CCDC122",0.96252369330162
"CCDC124",0.945055363877064
"CCDC125",0.681723964581686
"CCDC126",0.922143280832518
"CCDC127",0.45954009678682
"CCDC13",0.122747451535099
"CCDC130",0.457440346454541
"CCDC134",0.443390809808601
"CCDC136",0.00613744233850518
"CCDC137",0.587813751721662
"CCDC138",1.90167598512926e-10
"CCDC14",2.60060211109435e-05
"CCDC141",0.414140574929051
"CCDC142",0.00676200934280968
"CCDC144A",0.249095703046239
"CCDC144NL",0.231967646989109
"CCDC146",0.0106878577515584
"CCDC148",0.0777360077208955
"CCDC149",0.116680204842124
"CCDC15",0.0255172059391162
"CCDC150",0.00161510495381334
"CCDC151",0.773246063686348
"CCDC152",0.973778305894821
"CCDC153",0.300945744412216
"CCDC154",0.0126341603086238
"CCDC155",0.38953023338836
"CCDC157",0.242307851965349
"CCDC158",0.496229581298059
"CCDC159",0.174184074597217
"CCDC160",0.984725607461317
"CCDC166",0.625218666534166
"CCDC167",0.999366816679755
"CCDC168",0.819470004415122
"CCDC169",0.177459924685283
"CCDC169-SOHLH2",0.59730470336027
"CCDC17",0.136053389814734
"CCDC170",0.707067473539494
"CCDC171",6.83116799602111e-06
"CCDC172",0.78822131567782
"CCDC173",0.0223149283380083
"CCDC174",0.329277826462848
"CCDC175",0.207280018709933
"CCDC177",2.13144223762695e-06
"CCDC178",0.553373869039873
"CCDC179",0.961685851603625
"CCDC18",0.942436428366679
"CCDC180",0.0093266283252964
"CCDC181",0.155385917598132
"CCDC182",0.995499286103402
"CCDC183",0.000440226596178296
"CCDC184",0.0352683626238922
"CCDC185",0.900311786966021
"CCDC186",0.455976357791032
"CCDC22",0.745130197475971
"CCDC24",0.0956227768834605
"CCDC25",0.947388821624602
"CCDC27",0.753550535039693
"CCDC28A",0.873494409449384
"CCDC28B",0.981331882093801
"CCDC3",0.623455700694074
"CCDC30",0.00560052446321432
"CCDC33",0.151393191734447
"CCDC34",2.58363500655014e-05
"CCDC36",0.812524624434611
"CCDC38",0.398272091254278
"CCDC39",0.125477591982131
"CCDC40",0.0191938448202008
"CCDC42",0.988608884298203
"CCDC43",0.290872418309712
"CCDC47",0.0748673484818091
"CCDC50",0.0222355481603207
"CCDC51",0.991827250775784
"CCDC54",0.681989771636729
"CCDC57",0.000207967181401983
"CCDC58",0.948548187070655
"CCDC59",0.703525840976237
"CCDC6",0.966426617029864
"CCDC60",0.534088114492642
"CCDC61",0.548069917953665
"CCDC62",0.127262045032428
"CCDC63",0.879352366375064
"CCDC65",0.00654007566605594
"CCDC66",0.000106182181785239
"CCDC68",0.995963564430022
"CCDC69",0.450312416844857
"CCDC7",0.606072532109171
"CCDC70",0.637913949778692
"CCDC71",0.914365489887804
"CCDC71L",0.224902285655073
"CCDC73",0.901472040612697
"CCDC74A",0.106459858062035
"CCDC74B",0.136366019223698
"CCDC77",0.490587077766072
"CCDC78",0.0529002212711693
"CCDC8",0.246961562621366
"CCDC80",0.891038192050997
"CCDC81",0.106037518897325
"CCDC82",0.8326204912671
"CCDC83",0.939671539311565
"CCDC84",0.0844483566583527
"CCDC85A",0.425290924388757
"CCDC85B",0.912004856391378
"CCDC85C",0.000772108893906282
"CCDC86",0.179505597438368
"CCDC87",0.991976339950036
"CCDC88A",0.821345538107793
"CCDC88B",0.619764699143925
"CCDC88C",3.58547952557689e-05
"CCDC89",0.660549270583879
"CCDC9",0.69511501354054
"CCDC90B",0.667916178683981
"CCDC91",0.182101376622617
"CCDC92",0.486231740893834
"CCDC93",0.251225868430045
"CCDC96",0.20883913625184
"CCDC97",0.99351462456012
"CCER1",0.946646683436742
"CCER2",0.764228735039291
"CCHCR1",0.00174353240251256
"CCIN",0.727016179118248
"CCK",0.840211493120364
"CCKAR",0.502373137007863
"CCKBR",0.525822358959521
"CCL1",0.915684549021245
"CCL11",0.999929931927711
"CCL13",0.994181028117095
"CCL14",0.0240576577143435
"CCL15",0.743095902877616
"CCL16",0.979580584494113
"CCL17",0.931200511553683
"CCL18",0.994634163973112
"CCL19",0.574222529705546
"CCL2",6.96066282592243e-05
"CCL20",0.951485842117578
"CCL21",0.99532839937748
"CCL22",0.829437037407602
"CCL23",0.853322081375458
"CCL24",0.620386816419836
"CCL25",0.893728947468632
"CCL26",0.927417007086321
"CCL27",0.32964205425787
"CCL28",0.289786995744816
"CCL3",0.000286425985098996
"CCL3L3",0.017707358275771
"CCL4",0.000318879872038066
"CCL4L2",0.00871253764321946
"CCL5",8.94046432909836e-06
"CCL7",0.942755464696454
"CCL8",0.112632668440016
"CCM2",0.93110618506827
"CCM2L",0.681467069566227
"CCNA1",0.000664692950039898
"CCNA2",0.302530671499312
"CCNB1",0.169141434856084
"CCNB1IP1",0.108008283249449
"CCNB2",0.249062751712813
"CCNB3",0.805361399595285
"CCNC",0.758748821716264
"CCND1",0.20244312317587
"CCND2",0.563802945555631
"CCND3",0.000897537774913494
"CCNDBP1",0.978167387754163
"CCNE1",0.19112826806802
"CCNE2",0.101998754601588
"CCNF",0.0086460688846048
"CCNG1",0.963684519531773
"CCNG2",0.0174814339926982
"CCNH",0.892080534264167
"CCNI",0.117266853143959
"CCNI2",0.933266324186713
"CCNJ",0.358317664065678
"CCNJL",0.1188088580317
"CCNK",0.851866972766262
"CCNL1",0.988431461397972
"CCNL2",0.00909872002151362
"CCNO",0.192234731344468
"CCNT1",0.0710292243436814
"CCNT2",0.0367109799842251
"CCNY",0.882490999918548
"CCNYL1",0.045454918963646
"CCP110",6.38749633343109e-06
"CCPG1",0.0398099403024938
"CCR1",2.19811225659423e-17
"CCR10",0.999715637779242
"CCR2",1.27091086188981e-06
"CCR3",0.982600374665075
"CCR4",0.612192579783583
"CCR5",1.13464470604676e-16
"CCR6",0.944933635677234
"CCR7",0.945324252451408
"CCR8",0.936046644385379
"CCR9",0.958492181815289
"CCRL2",6.77355969616381e-11
"CCS",0.873269350220295
"CCSAP",0.727313237142718
"CCSER1",3.28048504682627e-06
"CCSER2",0.961250657616342
"CCT2",0.970976212748733
"CCT3",0.776376169935325
"CCT4",0.22483206770654
"CCT5",0.995803320214835
"CCT6A",0.981114311778822
"CCT6B",0.116168405868869
"CCT7",0.162291966522862
"CCT8",0.714701257741228
"CCT8L2",0.858409291480899
"CCZ1",0.993590024386643
"CCZ1B",0.516973510576187
"CD101",0.00137540827977887
"CD109",0.577324661078967
"CD14",1.09193555509008e-19
"CD151",0.000728357831697597
"CD160",0.271703606759513
"CD163",3.43146624118981e-09
"CD163L1",0.752418208151613
"CD164",0.0180814576946528
"CD164L2",0.238330414039761
"CD177",0.891146632715809
"CD180",3.76215872341228e-09
"CD19",0.988671649757851
"CD1A",0.819091688387386
"CD1B",0.948836289414099
"CD1C",0.414471753907049
"CD1D",0.00444280855241297
"CD1E",0.365652023791892
"CD2",5.99596387077345e-06
"CD200",0.996203159799739
"CD200R1",0.0125518995337381
"CD200R1L",0.891626317299413
"CD207",0.676401847554213
"CD209",0.544293926553399
"CD22",0.979846488728605
"CD226",0.260802968223537
"CD24",3.45347342258061e-06
"CD244",0.0520642441488002
"CD247",0.574407320541171
"CD248",0.202366177080196
"CD27",0.0272891289324304
"CD274",0.0581600259179334
"CD276",0.266065534049476
"CD28",0.303895345093621
"CD2AP",0.99986641604753
"CD2BP2",0.998295951823798
"CD300A",7.34378063135555e-15
"CD300C",1.87872111830383e-14
"CD300E",0.883325714598714
"CD300LB",0.00166656896046715
"CD300LD",0.978005326413166
"CD300LF",0.000408937982881131
"CD300LG",0.669697167035115
"CD302",3.985083191127e-06
"CD320",0.467415525555721
"CD33",1.06020759320623e-16
"CD34",0.0728052985882208
"CD36",0.91521201851874
"CD37",5.67178661550381e-12
"CD38",0.960212021237428
"CD3D",2.35017433489436e-05
"CD3E",1.50998967570347e-06
"CD3EAP",0.964950089789199
"CD3G",0.00165926404474503
"CD4",9.59370011452123e-18
"CD40",0.500354348619523
"CD40LG",0.135478125716918
"CD44",0.000157695596644504
"CD46",0.893014055960804
"CD47",0.996067146403512
"CD48",1.64295859580391e-10
"CD5",0.349980174239108
"CD52",0.000769758458561169
"CD53",9.06678426661024e-22
"CD55",0.961711104953464
"CD58",0.000618685775076506
"CD59",2.93268857671215e-10
"CD5L",0.968134415470641
"CD6",0.0420356331854971
"CD63",2.52796610604323e-10
"CD68",1.65321590833415e-14
"CD69",6.10842594627921e-06
"CD7",0.0134470130157827
"CD70",0.995597593792105
"CD72",0.916299669927559
"CD74",2.88754358618334e-18
"CD79A",0.832733923019179
"CD79B",0.802682933948885
"CD80",0.185348697653168
"CD81",0.000999786054457357
"CD82",0.0472534380625546
"CD83",0.150439633885027
"CD84",1.66079372132468e-15
"CD86",9.72896270660148e-18
"CD8A",0.0467645293612176
"CD8B",0.551236994172904
"CD9",0.0426208342186924
"CD93",2.84319819693776e-08
"CD96",0.000497674563246494
"CD99",0.0217476650988853
"CD99L2",0.124367167519695
"CDA",0.285470392154295
"CDADC1",0.832293503023725
"CDAN1",0.0107327726370553
"CDC123",0.750530353050002
"CDC14A",0.99464861432349
"CDC14B",0.499006106448218
"CDC14C",0.654068722890526
"CDC16",0.212326087673233
"CDC20",0.366938847146154
"CDC20B",0.61937169768051
"CDC23",0.370162344722397
"CDC25A",0.0707812124530354
"CDC25B",0.626589329456292
"CDC25C",0.060096834213154
"CDC26",0.938380430032592
"CDC27",0.974515186899051
"CDC34",0.00149734747128452
"CDC37",0.957398066190404
"CDC37L1",0.846655934381468
"CDC40",0.999745142278449
"CDC42",0.965609708848175
"CDC42BPA",0.695905237341002
"CDC42BPB",0.0274044874086458
"CDC42BPG",0.000431003234857248
"CDC42EP1",0.0322707985049453
"CDC42EP2",0.9698372348192
"CDC42EP3",0.979325552971955
"CDC42EP4",0.852315879838393
"CDC42EP5",0.889087108130132
"CDC42SE1",6.3078574721584e-05
"CDC42SE2",0.585102465425147
"CDC45",0.225292425253503
"CDC5L",0.317193460740324
"CDC6",0.222639281264711
"CDC7",0.746061150313847
"CDC73",0.992851812921408
"CDCA2",0.259454124658405
"CDCA3",0.383829800242787
"CDCA4",0.0347103897633775
"CDCA5",0.335293733154667
"CDCA7",0.0008140221437938
"CDCA7L",0.991446957422556
"CDCA8",0.336782794660392
"CDCP1",5.05763323231281e-05
"CDCP2",0.861393711668241
"CDH1",0.963990057742176
"CDH10",0.524546387233757
"CDH11",0.00157192733725695
"CDH12",0.218956383900077
"CDH13",0.302844808326154
"CDH15",0.00622861961926024
"CDH16",0.839900427114722
"CDH17",0.79950810266519
"CDH18",0.040133895620758
"CDH19",0.00477987801137975
"CDH2",0.209857173511185
"CDH20",0.286816796544808
"CDH22",2.34324824987744e-10
"CDH23",0.155434682838881
"CDH24",0.0316003586842568
"CDH26",0.989439104214117
"CDH3",0.960621851155135
"CDH4",0.994054450747001
"CDH5",0.596866716123601
"CDH6",0.43059659150819
"CDH7",0.778009307739851
"CDH8",0.14294054810704
"CDH9",0.282538163812143
"CDHR1",0.143651116376433
"CDHR2",0.012451611850712
"CDHR3",8.59871362620421e-05
"CDHR4",0.335615689752973
"CDHR5",0.0297776860531606
"CDIP1",0.99898334634481
"CDIPT",0.956595596405186
"CDK1",0.69397563956292
"CDK10",0.0152163607360549
"CDK11A",0.132399847625292
"CDK11B",0.58291562020368
"CDK12",0.112958998986891
"CDK13",0.0113492373916862
"CDK14",0.999196528390055
"CDK15",0.734843828190599
"CDK16",0.936722068986445
"CDK17",0.64773058688133
"CDK18",0.818555413169743
"CDK19",0.911189330948253
"CDK2",0.991546628895585
"CDK20",0.0467426277076414
"CDK2AP1",0.728896149039563
"CDK2AP2",0.051716197677236
"CDK3",0.188128097917621
"CDK4",0.991940941621665
"CDK5",0.172010837773918
"CDK5R1",0.0002889572213051
"CDK5R2",0.456382251359915
"CDK5RAP1",0.111240466965902
"CDK5RAP2",0.0174821542738383
"CDK5RAP3",0.351943594646537
"CDK6",0.996458119720834
"CDK7",0.400898873193816
"CDK8",0.0255674893648967
"CDK9",0.111611171806142
"CDKAL1",0.981673108584684
"CDKL1",0.0146641918562207
"CDKL2",0.0734661855488977
"CDKL3",0.124205680380227
"CDKL4",0.261681924969524
"CDKL5",0.0436167101763659
"CDKN1A",0.00122000761156267
"CDKN1B",0.00675377421998675
"CDKN1C",0.860040688672304
"CDKN2A",0.249149350136076
"CDKN2AIP",0.112359425568792
"CDKN2AIPNL",0.453650497910839
"CDKN2B",0.0188465592823975
"CDKN2C",0.264627081291722
"CDKN2D",0.168937288032312
"CDKN3",0.986084443461904
"CDNF",0.0310387696950383
"CDO1",0.276410855637533
"CDON",0.00386147611190524
"CDPF1",0.606650973180796
"CDR1",0.762169952248949
"CDR2",0.924072226526302
"CDR2L",0.789079190523582
"CDRT1",0.23952924730318
"CDRT15",0.0258519363469398
"CDRT15L2",0.928330112658182
"CDRT4",0.0508575543986834
"CDS1",0.00291162933024037
"CDS2",0.814192191512476
"CDSN",0.874342829841019
"CDT1",0.11961559835337
"CDV3",0.25783741017817
"CDX1",0.848662999947869
"CDX2",0.734791411145242
"CDX4",0.961139428249067
"CDY1",0.957368503261983
"CDY1B",0.961781287739264
"CDY2A",0.962031204414286
"CDY2B",0.962031204414286
"CDYL",0.99999494003393
"CDYL2",0.559920225904699
"CEACAM1",0.439423202878532
"CEACAM16",0.995633755683286
"CEACAM18",0.964552103879181
"CEACAM19",0.74969089509463
"CEACAM20",0.97814958500373
"CEACAM21",0.000338166050352733
"CEACAM3",0.99305128083504
"CEACAM4",0.480666958945423
"CEACAM5",0.497864716872903
"CEACAM6",0.248952170828073
"CEACAM7",0.904729653781474
"CEACAM8",0.383865112736392
"CEBPA",1.7468287840317e-05
"CEBPB",0.000232643691425157
"CEBPD",8.58937554741495e-10
"CEBPE",0.987132516350875
"CEBPG",0.149097833008746
"CEBPZ",0.833992851536869
"CEBPZOS",0.999718032134984
"CECR2",0.780547808539996
"CEL",0.214592088957562
"CELA1",0.845089757907836
"CELA2A",0.751605308730722
"CELA2B",0.435040600920657
"CELA3A",0.990656991750155
"CELA3B",0.939502643935264
"CELF1",0.0231816953742784
"CELF2",0.230412427500007
"CELF3",0.0259611964078867
"CELF4",0.0061448330910138
"CELF5",0.423509446262004
"CELF6",0.0090937787732306
"CELSR1",0.158602811730305
"CELSR2",0.774334791259554
"CELSR3",0.000201228956481323
"CEMIP",0.724186136835701
"CEMP1",0.588915475267261
"CEND1",0.55764979751893
"CENPA",0.439932954441346
"CENPB",0.673150348830936
"CENPBD1",0.829772285218174
"CENPC",0.215928117803126
"CENPE",0.365453435208764
"CENPF",0.145452963939041
"CENPH",0.0111186085570163
"CENPI",0.410560313854533
"CENPJ",0.000776577036419768
"CENPK",0.138933462347763
"CENPL",0.963583094101542
"CENPM",0.485997559562
"CENPN",0.731725475360441
"CENPO",0.560963152757776
"CENPP",0.599719180398379
"CENPQ",0.873060235173624
"CENPT",0.01249943338655
"CENPU",0.490042384522949
"CENPV",0.0963982694577402
"CENPW",0.216951503962066
"CEP104",0.983316642575189
"CEP112",0.0398573171680507
"CEP120",0.293106958882221
"CEP126",0.351828396237307
"CEP128",7.46700047197086e-08
"CEP131",0.00011417621130503
"CEP135",0.434390194391972
"CEP152",0.253847143104684
"CEP162",0.083767028910922
"CEP164",0.122987117013473
"CEP170",0.101642137127251
"CEP170B",0.0189150604864268
"CEP19",0.0769558297306097
"CEP192",2.87336060448472e-05
"CEP250",0.00159135240763674
"CEP290",0.0868875715511074
"CEP295",0.0425047984886241
"CEP295NL",0.985649070537538
"CEP350",0.945095118786436
"CEP41",0.844576488557053
"CEP44",0.0478632545134127
"CEP55",0.875224126219896
"CEP57",0.000395445709827596
"CEP57L1",0.0216443128974439
"CEP63",0.173935548961098
"CEP68",0.576015077920768
"CEP70",0.617146544983316
"CEP72",6.72365488507131e-08
"CEP76",0.00158618200828852
"CEP78",0.00129676439893832
"CEP83",0.000229396254470155
"CEP85",1.44045766663096e-05
"CEP85L",0.421287587260571
"CEP89",0.00836057585849019
"CEP95",6.22581720619553e-08
"CEP97",0.104002567492258
"CEPT1",0.173108708076375
"CER1",0.262772880059564
"CERCAM",0.818055299086376
"CERK",0.00269853852966929
"CERKL",0.100763870525607
"CERS1",0.83506491889017
"CERS2",0.449398800662786
"CERS3",0.0211421205887503
"CERS4",0.141375098306171
"CERS5",0.791272191638075
"CERS6",0.0218176779633822
"CES1",0.915097619222752
"CES2",0.932670159385489
"CES3",0.0329623939104236
"CES4A",0.0335160106988292
"CES5A",0.746976062529643
"CETN1",0.959326201771598
"CETN2",0.752238228931554
"CETN3",0.114051815588613
"CETP",0.596017765420248
"CFAP126",0.384604599480675
"CFAP20",0.0371691436298032
"CFAP221",0.0778391222840377
"CFAP298",NA
"CFAP36",0.0820791922329328
"CFAP43",0.0164071511162558
"CFAP44",0.00095177594482172
"CFAP45",0.105257999044879
"CFAP46",0.0701001675010424
"CFAP47",0.00845012621911492
"CFAP52",0.126399686678854
"CFAP53",0.0617294185243864
"CFAP54",0.215983235238372
"CFAP57",0.00349931114070918
"CFAP58",0.0458521882153764
"CFAP61",0.330645857817655
"CFAP69",0.000113102568503258
"CFAP70",0.0504258664654353
"CFAP74",0.03634964311687
"CFAP97",0.945787230544786
"CFAP99",0.0800432499524042
"CFB",0.885398711066384
"CFC1",0.590936503153112
"CFC1B",0.886436342065313
"CFD",0.0002479964369521
"CFDP1",0.0254803010685767
"CFH",0.0111877806553225
"CFHR1",0.903266155761391
"CFHR2",0.95252232229728
"CFHR3",0.927043491118337
"CFHR4",0.95367826612918
"CFHR5",0.99842455668797
"CFI",9.847224364194e-13
"CFL1",0.0159311397744337
"CFL2",0.968507795578404
"CFLAR",0.265581538855817
"CFP",0.939803551999449
"CFTR",0.987913288268498
"CGA",0.996374043036481
"CGB1",0.95840796767015
"CGB2",0.944940964526156
"CGB5",0.859246463629743
"CGB7",0.093663123797688
"CGB8",0.879746497972548
"CGGBP1",0.429337783121357
"CGN",0.952611939970751
"CGNL1",0.239390419383263
"CGREF1",0.715456249012647
"CGRRF1",0.930410098623654
"CH25H",0.0558689664308509
"CH507-42P11.6",0.256844920032781
"CHAC1",0.600875207228985
"CHAC2",0.999905334739358
"CHAD",0.20482518748179
"CHADL",0.0100102856036133
"CHAF1A",0.0385424717965585
"CHAF1B",0.000327632308399297
"CHAMP1",0.0390377217344223
"CHAT",0.976440338358407
"CHCHD1",0.986735283175914
"CHCHD10",0.00998465363152674
"CHCHD2",0.928707871533492
"CHCHD3",0.889515281150965
"CHCHD4",0.963169449288089
"CHCHD5",0.995780274601561
"CHCHD6",0.0881241687256317
"CHCHD7",0.721263536172866
"CHD1",0.955073699407945
"CHD1L",0.949089552292399
"CHD2",0.00618862948312351
"CHD3",0.522449847625728
"CHD4",0.511145020855467
"CHD5",0.105840409214994
"CHD6",0.00620268963999372
"CHD7",0.48503109363479
"CHD8",0.348907512669908
"CHD9",0.90427214467267
"CHDH",0.00336651229526002
"CHEK1",0.213540478443496
"CHEK2",0.729081879367626
"CHERP",0.13851596842545
"CHFR",0.751558402096632
"CHGA",0.031492328756328
"CHGB",0.221400545762247
"CHI3L1",3.09925451547174e-06
"CHI3L2",0.00111724295510931
"CHIA",0.966230377475421
"CHIC1",0.932792086236996
"CHIC2",0.927219210462771
"CHID1",0.0250067386919294
"CHIT1",0.675276644841073
"CHKA",0.901741433263925
"CHKB",0.58041014250886
"CHL1",0.000695192333584428
"CHM",0.882293780911779
"CHML",0.00859897353830375
"CHMP1A",0.998898593405714
"CHMP1B",0.943262720721277
"CHMP2A",0.354203157522052
"CHMP2B",0.902683368971768
"CHMP3",0.983831978746513
"CHMP4A",0.498598046971823
"CHMP4B",0.236870788898381
"CHMP4C",0.908876181892
"CHMP5",0.989756293806656
"CHMP6",0.759040314312629
"CHMP7",0.990832640035992
"CHN1",0.886398202842919
"CHN2",0.550701069959245
"CHODL",0.983317576076589
"CHORDC1",0.0251805970811315
"CHP1",0.00769208620995889
"CHP2",0.695529872825437
"CHPF",0.0763951910107184
"CHPF2",0.0110654677212453
"CHPT1",0.0252104576767457
"CHRAC1",0.96512440841307
"CHRD",0.797492082792477
"CHRDL1",0.966408489809691
"CHRDL2",0.895294918004761
"CHRFAM7A",0.328166037613775
"CHRM1",0.742874966397874
"CHRM2",0.0747356893956954
"CHRM3",0.995553240045142
"CHRM4",0.108680209847125
"CHRM5",0.221342731043896
"CHRNA1",0.989127947070578
"CHRNA10",0.206971723290734
"CHRNA2",0.335989250373992
"CHRNA3",0.119182050552516
"CHRNA4",0.0748352976776486
"CHRNA5",0.316595915347005
"CHRNA6",0.791481610760252
"CHRNA7",0.0240889558831363
"CHRNA9",0.444464924587311
"CHRNB1",0.628678093495443
"CHRNB2",3.37746066643011e-05
"CHRNB3",0.431991149780922
"CHRNB4",0.878703717590633
"CHRND",0.585996967577979
"CHRNE",0.995903702069056
"CHRNG",0.198354181192021
"CHST1",0.807657720742048
"CHST10",0.987076537313426
"CHST11",5.22399323864638e-08
"CHST12",0.305005117518924
"CHST13",0.996237767354503
"CHST14",0.243465708013472
"CHST15",0.00395057307295906
"CHST2",5.34117362175755e-05
"CHST3",0.0283037826316884
"CHST4",0.457864806569152
"CHST5",0.00488752899158798
"CHST6",0.114931030096479
"CHST7",4.67224752497082e-05
"CHST8",0.235152371285858
"CHST9",0.956057380886272
"CHSY1",0.886176921364901
"CHSY3",0.269911227066408
"CHTF18",0.000670335007519213
"CHTF8",0.967172239358845
"CHTOP",0.074179190170888
"CHUK",0.532073287689216
"CHURC1",0.49993752195341
"CHURC1-FNTB",0.0087083177855364
"CIAO1",0.951763964654259
"CIAO2A",NA
"CIAO3",NA
"CIAPIN1",0.349869333501383
"CIART",0.88667700481633
"CIB1",0.380626545436195
"CIB2",0.994935308835677
"CIB3",0.865798226516007
"CIB4",0.727048272513879
"CIC",0.973611310983395
"CIDEA",0.658148256840284
"CIDEB",0.999970102120452
"CIDEC",0.898568013196807
"CIITA",3.8847492235926e-12
"CILP",0.801100598456041
"CILP2",0.31666735543066
"CINP",0.978072699651312
"CIPC",0.267247128301959
"CIR1",0.0168631779152474
"CIRBP",0.160529727199583
"CISD1",0.169679407994708
"CISD2",0.685595893990423
"CISD3",0.0756860135943487
"CISH",0.995575168341393
"CIT",0.974535917376305
"CITED1",0.000167028088718659
"CITED2",0.591827084718568
"CITED4",0.999995224431113
"CIZ1",0.772531217026172
"CKAP2",0.249750516510351
"CKAP2L",0.38385289848126
"CKAP4",0.946037876387727
"CKAP5",0.362731390490011
"CKB",0.594499088634871
"CKLF",0.0143373876895992
"CKLF-CMTM1",0.937908923361777
"CKM",0.288506373664587
"CKMT1A",0.004104070406793
"CKMT1B",0.00678947043099858
"CKMT2",0.829790944514678
"CKS1B",0.814959849785544
"CKS2",0.623517348688245
"CLASP1",0.900700245247228
"CLASP2",0.360044334193181
"CLASRP",0.198474587958654
"CLC",0.966565606467802
"CLCA1",0.692162204544614
"CLCA2",0.220927815497867
"CLCA4",0.195605960454411
"CLCC1",0.817108941806593
"CLCF1",0.798351741714698
"CLCN1",0.875819559539843
"CLCN2",0.686440771327906
"CLCN3",0.114258233003747
"CLCN4",0.738804145586095
"CLCN5",0.996825553634188
"CLCN6",0.978917580109291
"CLCN7",0.732986629571502
"CLCNKA",0.398623249728265
"CLCNKB",0.0916103925986204
"CLDN1",0.874786607799482
"CLDN10",0.852138628831175
"CLDN11",0.637951887833376
"CLDN12",0.835851817897334
"CLDN14",0.994909457201951
"CLDN15",0.140283554514444
"CLDN16",0.689244791403551
"CLDN17",0.864996360228062
"CLDN18",0.584715870982252
"CLDN19",0.81881759784806
"CLDN2",0.925020496799193
"CLDN20",0.667423945993792
"CLDN22",0.962027525860423
"CLDN23",0.617807893140305
"CLDN24",0.619471254621054
"CLDN25",0.91669848844344
"CLDN3",0.0121760531406729
"CLDN34",0.793471157122775
"CLDN4",0.00889532851375524
"CLDN5",0.997500463665206
"CLDN6",0.832929996736559
"CLDN7",0.756649920207949
"CLDN8",0.857824754324722
"CLDN9",0.289861449486844
"CLDND1",0.999986560049186
"CLDND2",0.813940179855094
"CLEC10A",4.27426330480539e-05
"CLEC11A",0.98887865546387
"CLEC12A",3.1232117758626e-06
"CLEC12B",0.364719498218323
"CLEC14A",0.635945338032035
"CLEC16A",0.416524322970928
"CLEC17A",2.70057599992766e-07
"CLEC18A",0.741160964721528
"CLEC18B",0.993615359605703
"CLEC18C",0.602554311597126
"CLEC19A",0.396859240070819
"CLEC1A",0.357576517122158
"CLEC1B",0.939551070512173
"CLEC2A",0.923386314110379
"CLEC2B",0.000189448313095018
"CLEC2D",0.808466253389842
"CLEC2L",0.0092616129722604
"CLEC3A",0.751465317391868
"CLEC3B",0.418112927285717
"CLEC4A",5.20314519992437e-05
"CLEC4C",0.993048786608459
"CLEC4D",0.999997510457398
"CLEC4E",0.0697229682460817
"CLEC4F",0.440868668685737
"CLEC4G",0.36289321168846
"CLEC4M",0.83007652629089
"CLEC5A",0.0427101029351238
"CLEC6A",0.99589446137436
"CLEC7A",6.68258799556684e-15
"CLEC9A",0.587785059748757
"CLECL1",1.53893797437e-06
"CLGN",0.0010332535077907
"CLHC1",0.0139497550927036
"CLIC1",0.000106131680080565
"CLIC2",6.46466942049524e-06
"CLIC3",0.106302606748458
"CLIC4",0.00166780879537213
"CLIC5",0.688355415856515
"CLIC6",0.98068058186999
"CLINT1",0.890389263239808
"CLIP1",0.476000176835691
"CLIP2",0.871826792309133
"CLIP3",0.849631396732819
"CLIP4",0.826593826237405
"CLK1",0.183697566697742
"CLK2",0.00198214889641126
"CLK3",0.034881639976696
"CLK4",0.00480198118152968
"CLLU1OS",0.999554500303201
"CLMN",0.875443853701502
"CLMP",0.756677115144676
"CLN3",0.112827961332083
"CLN5",0.0864568517533748
"CLN6",0.999245119481689
"CLN8",0.158095299088865
"CLNK",0.999862149846984
"CLNS1A",0.0773982713709002
"CLOCK",0.206672815715176
"CLP1",0.845522194793518
"CLPB",0.0219346082843298
"CLPP",0.869525269502794
"CLPS",0.98455119389788
"CLPSL1",0.726792976759361
"CLPSL2",0.638605727735467
"CLPTM1",0.0755313827981687
"CLPTM1L",0.99547612366304
"CLPX",0.144268930012334
"CLRN1",0.999890782935147
"CLRN2",0.923353068512349
"CLRN3",0.837383246792836
"CLSPN",0.410947631706993
"CLSTN1",0.886345956280234
"CLSTN2",0.921269537480604
"CLSTN3",0.817183354132873
"CLTA",0.927178870515049
"CLTB",0.993912121005401
"CLTC",0.160624997500412
"CLTCL1",0.247080618761245
"CLU",0.21067106061837
"CLUAP1",0.0084697946447695
"CLUH",0.689586080757196
"CLUL1",0.522810082041649
"CLVS1",0.00374438534303455
"CLVS2",0.00498569783272113
"CLYBL",0.560754769589087
"CMA1",0.820059819636306
"CMAS",0.546543420461569
"CMBL",0.716661737844224
"CMC1",0.999931881834046
"CMC2",0.999478647009015
"CMC4",0.945740685862812
"CMIP",0.985115771527191
"CMKLR1",3.78333595702624e-11
"CMPK1",0.997796428513788
"CMPK2",0.392299455426794
"CMSS1",0.0682522723072722
"CMTM1",0.999953958141836
"CMTM2",0.751711755603412
"CMTM3",2.56806795596494e-07
"CMTM4",0.559011087900926
"CMTM5",0.480558078919541
"CMTM6",0.105550615487742
"CMTM7",0.00131642983459067
"CMTM8",0.235287085397113
"CMTR1",0.908623327541661
"CMTR2",0.986612063720652
"CMYA5",5.44174672757742e-05
"CNBD1",0.997114548181119
"CNBD2",0.160779261360985
"CNBP",0.961948554465695
"CNDP1",0.574092297754286
"CNDP2",0.333400850585816
"CNEP1R1",0.549562118935655
"CNFN",0.268076561667623
"CNGA1",0.468485100499353
"CNGA2",0.922800970542215
"CNGA3",0.994890879265845
"CNGA4",0.156769009709055
"CNGB1",0.106479431223035
"CNGB3",0.971631610654653
"CNIH1",0.142105932277175
"CNIH2",0.686513411621955
"CNIH3",0.00494838824143889
"CNIH4",0.9999283829177
"CNKSR1",0.000357314787153775
"CNKSR2",0.686814972581979
"CNKSR3",0.35122536262156
"CNN1",0.980090992600386
"CNN2",0.316213929459512
"CNN3",0.000151815151383221
"CNNM1",0.102532467968159
"CNNM2",0.87361414222651
"CNNM3",0.0415767550441832
"CNNM4",0.291270895343797
"CNOT1",0.144495399699998
"CNOT10",0.0486384774256729
"CNOT11",0.996895241353387
"CNOT2",0.0945927978146689
"CNOT3",0.436222562300843
"CNOT4",0.98436470861084
"CNOT6",0.301643290178908
"CNOT6L",0.87842593288938
"CNOT7",0.0244292563877809
"CNOT8",0.346063849515956
"CNOT9",NA
"CNP",0.59967734373373
"CNPPD1",0.223151991496208
"CNPY1",0.014723606024275
"CNPY2",0.161867810308747
"CNPY3",0.000110590337215988
"CNPY4",0.549048575926484
"CNR1",0.00441122124877478
"CNR2",0.975194596949462
"CNRIP1",0.987729879364568
"CNST",0.0133970667129791
"CNTD1",0.955117134567304
"CNTD2",0.959395366559543
"CNTF",0.00315658990353596
"CNTFR",0.181141090962652
"CNTLN",0.00926431851887527
"CNTN1",0.380976828261091
"CNTN2",0.980914966393784
"CNTN3",0.206604881395356
"CNTN4",0.0673810156190173
"CNTN5",0.0953869267224696
"CNTN6",0.561920751432106
"CNTNAP1",0.405082738554405
"CNTNAP2",0.0351933527005363
"CNTNAP3",0.899523207792925
"CNTNAP3B",0.00484666038155601
"CNTNAP4",0.334666927615488
"CNTNAP5",0.961661915998834
"CNTRL",0.340629560804925
"CNTROB",0.216338143599965
"COA1",0.929074292128194
"COA3",0.998680829426966
"COA4",0.628534960627602
"COA5",0.756618538569312
"COA6",0.998895984684018
"COA7",0.967822557329508
"COASY",0.594408945599393
"COBL",0.400267751357948
"COBLL1",0.121708653197091
"COCH",0.980683326625595
"COG1",0.00513617809183263
"COG2",0.241370424069323
"COG3",0.77069336123849
"COG4",0.724937832453928
"COG5",0.820304305762193
"COG6",0.984424705083717
"COG7",0.151402042396675
"COG8",0.845197535875481
"COIL",0.0176341499440221
"COL10A1",0.995039668772405
"COL11A1",0.191361337118035
"COL11A2",0.952027760304118
"COL12A1",0.365177567975798
"COL13A1",0.699744823997861
"COL14A1",0.426123238034369
"COL15A1",0.000282340272672957
"COL16A1",0.443382851469057
"COL17A1",0.00160732331716703
"COL18A1",0.930676610445704
"COL19A1",0.558564361064801
"COL1A1",0.693330561844911
"COL1A2",0.563043146172144
"COL20A1",0.17871728132792
"COL21A1",0.425385718509985
"COL22A1",0.000327852543494931
"COL23A1",0.998296673220764
"COL24A1",0.966324760462402
"COL25A1",0.161190424716835
"COL26A1",0.306110458118653
"COL27A1",0.634579957550448
"COL28A1",0.0489240279816313
"COL2A1",0.90512879353117
"COL3A1",0.487063265476299
"COL4A1",0.0762168567895221
"COL4A2",0.0560784258951824
"COL4A2-AS2",0.995430797319406
"COL4A3",0.997874728841546
"COL4A3BP",0.501249083848296
"COL4A4",0.953867736878845
"COL4A5",0.471864168671792
"COL4A6",0.764920185244318
"COL5A1",0.781221834219623
"COL5A2",0.336957090079462
"COL5A3",0.177010414337564
"COL6A1",0.982285108832295
"COL6A2",0.999952314206961
"COL6A3",0.833878866737415
"COL6A5",0.965697895450981
"COL6A6",0.646240710579131
"COL7A1",0.950625054070728
"COL8A1",2.31254466238947e-07
"COL8A2",0.215734262922115
"COL9A1",0.271102324586468
"COL9A2",0.750917404448423
"COL9A3",0.186231098324303
"COLCA1",0.0115263942316876
"COLCA2",0.0562663753318933
"COLEC10",0.982092070852105
"COLEC11",0.509595260311753
"COLEC12",0.0239260171619036
"COLGALT1",0.0235800468145658
"COLGALT2",0.0262822166033394
"COLQ",0.00157054826202333
"COMMD1",0.997571953552797
"COMMD10",0.886918358196423
"COMMD2",0.912125270820652
"COMMD3",0.522012579783633
"COMMD3-BMI1",0.999285766380915
"COMMD4",0.181500658284154
"COMMD5",0.394146230698305
"COMMD6",0.823821836422756
"COMMD7",0.947487898484517
"COMMD8",0.927374316272333
"COMMD9",0.280467812482262
"COMP",0.89205538165974
"COMT",0.00194128580268293
"COMTD1",0.870563752605592
"COPA",0.990985894394771
"COPB1",0.958055629100246
"COPB2",0.525965228207297
"COPE",0.90536213067289
"COPG1",0.5784048885002
"COPG2",0.969542576535509
"COPRS",0.911329871612733
"COPS2",0.959415752299853
"COPS3",0.999586084853954
"COPS4",0.998324824308296
"COPS5",0.97282326906416
"COPS6",0.883333926953685
"COPS7A",0.0371631280112009
"COPS7B",0.426201987382285
"COPS8",0.754769073479696
"COPZ1",0.944798971689375
"COPZ2",0.012413803308033
"COQ10A",0.474662854581735
"COQ10B",0.219674419609535
"COQ2",0.299357253179928
"COQ3",0.821698615488414
"COQ4",0.0153122751014753
"COQ5",0.319929662414797
"COQ6",0.783365562087076
"COQ7",0.0796209555258126
"COQ8A",NA
"COQ8B",NA
"COQ9",0.637769093648424
"CORIN",0.973218477446572
"CORO1A",9.6939751436831e-12
"CORO1B",0.0626204881322797
"CORO1C",0.0753416271153289
"CORO2A",0.818365142942271
"CORO2B",0.999198080922937
"CORO6",0.0843864274588131
"CORO7",0.0383582572262186
"CORO7-PAM16",0.713994769879185
"CORT",0.0397109385356343
"COTL1",4.64102943084044e-09
"COX10",0.544069197361356
"COX11",0.0166499764390553
"COX14",0.601198553027505
"COX15",0.920075609679962
"COX16",0.892778033614944
"COX17",0.670759728518212
"COX18",0.99017295943543
"COX19",0.00567427452958578
"COX20",0.984243690740171
"COX4I1",0.998685594026376
"COX4I2",0.979916900187979
"COX5A",0.999414728394477
"COX5B",0.95746334809254
"COX6A1",0.990818893216582
"COX6A2",0.457203407928527
"COX6B1",0.951989300823269
"COX6B2",0.327228998642885
"COX6C",0.313444549388192
"COX7A1",0.963848345620893
"COX7A2",0.992958789315205
"COX7A2L",0.291798902282709
"COX7B",0.864208040594944
"COX7B2",0.946092199085921
"COX7C",0.720520506097864
"COX8A",0.635608267508474
"COX8C",0.35717513934195
"CP",0.281892451637901
"CPA1",0.737004736776572
"CPA2",0.651199210035591
"CPA3",0.991101217181046
"CPA4",0.99639484408244
"CPA5",0.949280660337333
"CPA6",0.993597347084016
"CPAMD8",0.00612804017573865
"CPB1",0.639945004581391
"CPB2",0.740880094209898
"CPD",0.00266590210320611
"CPE",0.868363269830148
"CPEB1",0.8947385279388
"CPEB2",0.21373763645638
"CPEB3",0.907815981505438
"CPEB4",0.0845068561798064
"CPED1",0.00134875385017465
"CPLX1",0.00661399670719356
"CPLX2",0.0258336680785126
"CPLX3",0.0907330111233218
"CPLX4",0.549169771154064
"CPM",0.000151775255569799
"CPN1",0.922383121322167
"CPN2",0.937138373264905
"CPNE1",0.881948778032742
"CPNE2",0.133450811333411
"CPNE3",0.0159887565218905
"CPNE4",0.984544063919033
"CPNE5",0.0584149301699681
"CPNE6",0.0952261204434522
"CPNE7",0.69860766228246
"CPNE8",0.041206550102923
"CPNE9",0.00794833758737306
"CPO",0.700446322562826
"CPOX",0.761357712612384
"CPPED1",6.64266573729649e-06
"CPQ",0.000473917575306934
"CPS1",0.986538814099887
"CPSF1",0.213885854611782
"CPSF2",0.956205185509419
"CPSF3",0.641317776338817
"CPSF4",0.850305086140456
"CPSF4L",0.28170142875464
"CPSF6",2.4637881697222e-06
"CPSF7",0.498511067446927
"CPT1A",0.000217419030586506
"CPT1B",0.0148571708313922
"CPT1C",0.436819614567432
"CPT2",0.535409330423797
"CPTP",0.9461022903631
"CPVL",2.72640011103623e-05
"CPXCR1",0.936777327415581
"CPXM1",0.985171495587876
"CPXM2",0.950299183239545
"CPZ",0.998468383414821
"CR1",0.114730896590801
"CR1L",0.969441650230028
"CR2",0.975876071107883
"CRABP1",0.153357513600698
"CRABP2",0.29795368923339
"CRACR2A",0.884120631144255
"CRACR2B",0.224135337672453
"CRADD",0.978614773004444
"CRAT",0.0379222128934701
"CRB1",0.297053205936004
"CRB2",0.997955490149018
"CRB3",0.153213270288233
"CRBN",0.166958198508214
"CRCP",0.999339256756632
"CRCT1",0.510214810893045
"CREB1",0.607017168883314
"CREB3",0.863232656427872
"CREB3L1",0.000904761309685344
"CREB3L2",0.00605423256956198
"CREB3L3",0.864204622501809
"CREB3L4",8.08043683823849e-05
"CREB5",0.99047620267409
"CREBBP",0.232322529530739
"CREBL2",0.104017661029947
"CREBRF",0.983988763898903
"CREBZF",1.63243593529675e-07
"CREG1",0.00355836585041241
"CREG2",0.363094175202229
"CRELD1",0.821295710359332
"CRELD2",0.0454658994320488
"CREM",0.0131219818230775
"CRH",0.995447869604574
"CRHBP",0.63518608145909
"CRHR1",0.00235509956060371
"CRHR2",0.236568821663336
"CRIM1",0.167210647727541
"CRIP1",0.977179707168285
"CRIP2",0.981572339865498
"CRIP3",0.145927162653122
"CRIPAK",0.679891422469542
"CRIPT",0.992224923592186
"CRISP1",0.960889658895098
"CRISP2",0.809952623272803
"CRISP3",0.940159053020315
"CRISPLD1",0.0154197677337001
"CRISPLD2",0.074178390406345
"CRK",0.746741940507643
"CRKL",0.991943047661124
"CRLF1",0.0555695951541305
"CRLF2",0.935232132360753
"CRLF3",0.570580845400535
"CRLS1",0.749158333816356
"CRMP1",0.636639576298638
"CRNDE",0.0346375067019397
"CRNKL1",0.939724505363269
"CRNN",0.537432592595015
"CROCC",4.91812877800947e-06
"CROCC2",0.193205063496333
"CROT",0.868871440398843
"CRP",0.988890247151632
"CRTAC1",0.98148751319884
"CRTAM",0.956578686274951
"CRTAP",0.090999755809379
"CRTC1",0.104506390351251
"CRTC2",0.995477341063251
"CRTC3",0.998596694658397
"CRX",0.678134484290729
"CRY1",0.469333842413662
"CRY2",0.000267179619922241
"CRYAA",0.982960905525789
"CRYAB",0.0871981499423756
"CRYBA1",0.997725709597411
"CRYBA2",0.905843811806802
"CRYBA4",0.969875142487888
"CRYBB1",4.60467807069729e-06
"CRYBB2",0.762446969991682
"CRYBB3",0.774541295075164
"CRYBG3",0.978381510272808
"CRYGA",0.942683752169692
"CRYGB",0.907447349157663
"CRYGC",0.916481870984884
"CRYGD",0.721596073273476
"CRYGN",0.97244781843769
"CRYGS",0.922695406333631
"CRYL1",0.331745696177354
"CRYM",0.0738875245976366
"CRYZ",0.991384751980654
"CRYZL1",0.00905420527069894
"CS",0.943731954134144
"CSAD",0.150744863964767
"CSAG1",0.976380381575658
"CSAG2",0.999844549483691
"CSAG3",0.987861835434747
"CSDC2",0.966684495331514
"CSDE1",0.996900789257795
"CSE1L",0.487447232351226
"CSF1",1.16426471893639e-11
"CSF1R",7.08347706899092e-15
"CSF2",0.913042006491009
"CSF2RA",3.1484342433258e-10
"CSF2RB",4.99583605804659e-07
"CSF3",0.996054628339535
"CSF3R",1.45776761865788e-06
"CSGALNACT1",0.103155145724955
"CSGALNACT2",0.958383591885185
"CSH1",0.959898671340326
"CSH2",0.940402684941166
"CSHL1",0.99584911913837
"CSK",0.0695043247496187
"CSMD1",0.868977780730574
"CSMD2",0.0354044782096862
"CSMD3",0.819862274230847
"CSN1S1",0.979200142739774
"CSN2",0.952464895312216
"CSN3",0.833820995281298
"CSNK1A1",0.260315209487804
"CSNK1A1L",0.675639921757174
"CSNK1D",0.737004615572273
"CSNK1E",0.0490400909506152
"CSNK1G1",0.0143609390507967
"CSNK1G2",0.265241343648646
"CSNK1G3",0.205558210525073
"CSNK2A1",0.151249921151098
"CSNK2A2",0.993801491942417
"CSNK2A3",0.299241501769684
"CSNK2B",0.998236477969082
"CSPG4",0.0766515892191958
"CSPG5",0.793341833769881
"CSPP1",0.0463578758048144
"CSRNP1",0.58333239262803
"CSRNP2",0.892976658919359
"CSRNP3",0.161996531212128
"CSRP1",0.485865021471779
"CSRP2",0.989559930785887
"CSRP3",0.961884213363082
"CST1",0.705959486857456
"CST11",0.948251489364718
"CST2",0.999752165059605
"CST3",0.0801831645668573
"CST4",0.87107924482199
"CST5",0.733391995140947
"CST6",0.995920291411254
"CST7",0.0905772550047026
"CST8",0.956106772336453
"CST9",0.932100914618716
"CST9L",0.95518694504676
"CSTA",9.67104101811963e-10
"CSTB",0.757443432301811
"CSTF1",0.958062556220238
"CSTF2",0.777892946742518
"CSTF2T",0.94360356380719
"CSTF3",0.0769002713378913
"CSTL1",0.915496388900102
"CT45A1",0.764909310702983
"CT45A10",0.819090892306547
"CT45A2",0.960195008660283
"CT45A3",0.770874769415456
"CT45A5",0.859255032945008
"CT45A6",0.922851412772141
"CT45A7",0.973187410380563
"CT45A8",0.951732380546683
"CT45A9",0.950706270043267
"CT47A1",0.962027525860423
"CT47A10",0.962027525860423
"CT47A11",0.962027525860423
"CT47A12",0.959142057354816
"CT47A2",0.962027525860423
"CT47A3",0.962027525860423
"CT47A4",0.962027525860423
"CT47A5",0.962027525860423
"CT47A6",0.961847535799533
"CT47A7",0.963839876484947
"CT47A8",0.960903668697571
"CT47A9",0.962027525860423
"CT47B1",0.97450979788828
"CT55",0.919816869162959
"CT62",0.846220022974058
"CT83",0.937845032774276
"CTAG1A",0.928363636648339
"CTAG1B",0.945041631373963
"CTAG2",0.977101184530948
"CTAGE1",0.952884810759905
"CTAGE15",0.993478660694408
"CTAGE4",0.95731771823958
"CTAGE6",0.959206889768543
"CTAGE8",0.709981821630327
"CTAGE9",0.921608298118817
"CTBP1",0.0385049063869289
"CTBP2",0.531418666823961
"CTBS",0.00343221199122563
"CTC1",0.157659786906841
"CTCF",0.00392064224598761
"CTCFL",0.852902894070824
"CTDNEP1",0.507854654021719
"CTDP1",0.997867558445381
"CTDSP1",0.141454626328457
"CTDSP2",0.000777060799203564
"CTDSPL",0.643074475079295
"CTDSPL2",0.00279826515545091
"CTF1",0.386969934917352
"CTH",0.907871990430975
"CTHRC1",5.86807647408603e-06
"CTIF",0.599972238399921
"CTLA4",0.655188558198491
"CTNNA1",0.032629388168017
"CTNNA2",0.990262759756024
"CTNNA3",0.774562509311851
"CTNNAL1",0.982211503741596
"CTNNB1",0.375061690799468
"CTNNBIP1",0.442699517691859
"CTNNBL1",0.995259934862607
"CTNND1",0.0247009971057601
"CTNND2",0.851532838766639
"CTNS",0.300740884409005
"CTPS1",0.31881284069527
"CTPS2",0.207038460432313
"CTR9",0.999441164164602
"CTRB1",0.85739381093945
"CTRB2",0.529291456105364
"CTRC",0.66261774856665
"CTRL",0.0113022536281642
"CTSA",3.60570731646389e-12
"CTSB",1.98145865888732e-12
"CTSC",4.89404799638803e-16
"CTSD",6.18702507929319e-08
"CTSE",0.926796052281681
"CTSF",0.827995003240136
"CTSG",0.999102865092419
"CTSH",0.0434985792156541
"CTSK",0.0204632061273124
"CTSL",0.0933999488080659
"CTSO",4.40415416470605e-05
"CTSS",5.99409124915044e-18
"CTSV",0.170136163001218
"CTSW",1.08612334505893e-05
"CTSZ",1.11985748318094e-11
"CTTN",0.994370256018901
"CTTNBP2",0.328654978345253
"CTTNBP2NL",0.0127019376108265
"CTU1",0.90582849302229
"CTU2",0.817863202955532
"CTXN1",0.394648935313395
"CTXN2",0.335709150086159
"CTXN3",0.594266249875035
"CUBN",0.996428584537219
"CUEDC1",0.781042921841596
"CUEDC2",0.999808916067782
"CUL1",0.303278666746278
"CUL2",0.978169750052641
"CUL3",0.234659970612871
"CUL4A",0.235930839494273
"CUL4B",0.970793959896261
"CUL5",0.0428328952963828
"CUL7",0.184553184046711
"CUL9",0.0622704727808232
"CUTA",0.992876703226816
"CUTC",0.513719521446501
"CUX1",0.277148028220367
"CUX2",0.000163348434923395
"CUZD1",0.444739822815259
"CWC15",0.933972517183408
"CWC22",0.610160042871725
"CWC25",0.112306093541311
"CWC27",0.843223612579949
"CWF19L1",0.947184304940194
"CWF19L2",0.624008149043929
"CWH43",0.506656149246257
"CX3CL1",0.396080461707608
"CX3CR1",1.61595618300607e-05
"CXADR",0.960218137756164
"CXCL1",0.957760385199068
"CXCL10",0.2519887534991
"CXCL11",0.787646834978033
"CXCL12",0.0804879051688654
"CXCL13",0.969081557904583
"CXCL14",0.40091834335788
"CXCL16",9.41307645927662e-15
"CXCL17",0.634712816583897
"CXCL2",0.999595741464542
"CXCL3",0.781497456482001
"CXCL5",0.260450142693733
"CXCL6",0.854330061911822
"CXCL8",0.837510041597549
"CXCL9",0.15570237063818
"CXCR1",0.997667376804533
"CXCR2",0.914438934683529
"CXCR3",0.0580900548586024
"CXCR4",0.0581541392566367
"CXCR5",0.986429042148543
"CXCR6",0.0986198970683982
"CXorf38",NA
"CXXC1",0.0384958508239276
"CXXC4",0.410721757357521
"CXXC5",0.995862575081772
"CYB561",0.17016478011596
"CYB561A3",0.850017184560987
"CYB561D1",0.904923863102578
"CYB561D2",0.405366209261615
"CYB5A",0.448218600780893
"CYB5B",0.425686920060315
"CYB5D1",0.135281389961299
"CYB5D2",0.0296337406889392
"CYB5R1",0.138840063752434
"CYB5R2",0.940885173571858
"CYB5R3",0.00426700371633248
"CYB5R4",0.0113604913642059
"CYB5RL",0.999919788425519
"CYBA",7.64668470018389e-08
"CYBB",8.93045008569375e-24
"CYBC1",NA
"CYBRD1",0.551658082188838
"CYC1",0.995209222169895
"CYCS",0.999998575461026
"CYFIP1",9.16695132783984e-06
"CYFIP2",0.743111137905949
"CYGB",0.998612269473995
"CYHR1",0.213393989999709
"CYLC1",0.998157116859182
"CYLC2",0.942188048453228
"CYLD",0.0509795411574595
"CYP11A1",0.115680501190166
"CYP11B1",0.913681277412148
"CYP11B2",0.954814753155886
"CYP17A1",0.383482418745546
"CYP19A1",0.54102378632334
"CYP1A1",0.93627047395915
"CYP1A2",0.905704175123026
"CYP1B1",0.00822072523587485
"CYP20A1",0.779499110312232
"CYP21A2",0.00996348573201592
"CYP24A1",0.832849864679292
"CYP26A1",0.358260992268769
"CYP26B1",0.493016757793274
"CYP26C1",0.287347288765087
"CYP27A1",0.0684359980999826
"CYP27B1",0.245570704906697
"CYP27C1",0.640949869685475
"CYP2A13",0.853935305238687
"CYP2A6",0.863401958070624
"CYP2A7",0.998714770188921
"CYP2B6",0.963968088652752
"CYP2C18",0.296774818632815
"CYP2C19",0.94839803576874
"CYP2C8",0.0705310103228207
"CYP2C9",0.907618068464184
"CYP2D6",0.000817709863528527
"CYP2D7",0.000997474279271515
"CYP2E1",0.0169080892960187
"CYP2F1",0.387287067833501
"CYP2J2",0.216863466975993
"CYP2R1",0.813991713482565
"CYP2S1",0.230546187869852
"CYP2U1",0.00357822636834876
"CYP2W1",0.0438796680300094
"CYP39A1",0.998631128813007
"CYP3A4",0.284561571983437
"CYP3A43",0.810128691351987
"CYP3A5",0.0168938528747444
"CYP3A7",0.193705298963825
"CYP3A7-CYP3A51P",0.920453469624024
"CYP46A1",0.962524929967608
"CYP4A11",0.778179488250437
"CYP4A22",0.83993464506835
"CYP4B1",0.525653062366104
"CYP4F11",0.59440823480346
"CYP4F12",0.0587510188765628
"CYP4F2",0.1800803212049
"CYP4F22",0.961083359941498
"CYP4F3",0.0837609051025789
"CYP4F8",0.869759495447078
"CYP4V2",0.00120326827479156
"CYP4X1",0.0483748676680202
"CYP4Z1",0.384458860732595
"CYP51A1",0.910551928470117
"CYP7A1",0.96524668137143
"CYP7B1",0.767836913548054
"CYP8B1",0.869307053678366
"CYS1",0.346051833517132
"CYSLTR1",7.92809462022802e-05
"CYSLTR2",0.988873445266065
"CYSRT1",0.19966633449449
"CYSTM1",0.541648539755945
"CYTH1",0.156519525460025
"CYTH2",0.923716849316733
"CYTH3",0.914870243768728
"CYTH4",7.43934116926639e-13
"CYTIP",1.06266868362482e-09
"CYTL1",0.0311279172472928
"CYYR1",0.989260247627553
"D2HGDH",0.359968608304182
"DAAM1",0.0355662176026244
"DAAM2",0.220852593895714
"DAB1",0.891496669588389
"DAB2",2.88285146469515e-06
"DAB2IP",0.820413818262298
"DACH1",0.000724484592854421
"DACH2",0.0418290156833837
"DACT1",0.32672628502822
"DACT2",0.896475721422281
"DACT3",0.780626412089251
"DAD1",0.145695533451723
"DAG1",0.0009539085098815
"DAGLA",0.96606660011145
"DAGLB",0.55628812977233
"DALRD3",0.00566105363289816
"DAND5",0.841293825604245
"DAO",0.0373446429785683
"DAOA",0.958788181212274
"DAP",0.401804891603472
"DAP3",0.962276529994754
"DAPK1",0.0182543816220171
"DAPK2",0.531911284534663
"DAPK3",0.98838684762228
"DAPL1",0.858728754588188
"DAPP1",1.28202523363912e-10
"DARS",0.305121365027193
"DARS2",0.970009791845235
"DAW1",0.338576128408886
"DAXX",0.961865209948433
"DAZ1",0.80787832813998
"DAZ2",0.885480667961109
"DAZ3",0.971834511857751
"DAZ4",0.915398905381692
"DAZAP1",0.269956479875311
"DAZAP2",0.00868553609900727
"DAZL",0.715167972308256
"DBF4",0.506299522134136
"DBF4B",2.66731626261952e-06
"DBH",0.147013760538915
"DBI",0.129852578855548
"DBN1",0.0103817299790562
"DBNDD1",0.058089108895302
"DBNDD2",0.825520652774494
"DBNL",0.0334102782577628
"DBP",0.531799929242575
"DBR1",0.98087051356651
"DBT",0.80892187063977
"DBX1",0.694530585365053
"DBX2",0.00221366336758407
"DCAF1",NA
"DCAF10",0.373177777698314
"DCAF11",0.888726940661775
"DCAF12",0.610830113900651
"DCAF12L1",0.96579898593697
"DCAF12L2",0.937615175191463
"DCAF13",0.884469601351634
"DCAF15",0.998151580849677
"DCAF16",0.00162643947253759
"DCAF17",0.0499423625812455
"DCAF4",0.805938298317937
"DCAF4L1",0.777224482771672
"DCAF4L2",0.987201962424089
"DCAF5",0.919182650510402
"DCAF6",0.923647024565337
"DCAF7",0.331157848927483
"DCAF8",0.00335480446341614
"DCAF8L1",0.940649731395484
"DCAF8L2",0.917424141805947
"DCAKD",0.94852019241946
"DCANP1",0.985393499702102
"DCBLD1",0.00517829007253278
"DCBLD2",0.459392933489955
"DCC",0.999964861387416
"DCD",0.978435369207071
"DCDC1",0.00351422849987976
"DCDC2",0.33941113881924
"DCDC2B",0.00203925319307649
"DCDC2C",0.919628747640889
"DCHS1",0.518335486947569
"DCHS2",0.99985354638344
"DCK",0.928859127453007
"DCLK1",0.833235677638078
"DCLK2",0.821411930792867
"DCLK3",0.122628930038203
"DCLRE1A",0.998545213464292
"DCLRE1B",0.730610657836218
"DCLRE1C",0.970143576029376
"DCN",0.0649777538168797
"DCP1A",0.142414111150154
"DCP1B",0.93796774785935
"DCP2",0.465958114674969
"DCPS",0.697593670912799
"DCST1",0.804698758747545
"DCST2",0.0787749459545437
"DCSTAMP",0.893711810913362
"DCT",0.696231059900027
"DCTD",0.787584481172313
"DCTN1",0.912021411911696
"DCTN2",0.997507212769727
"DCTN3",0.982472099232015
"DCTN4",0.862228564464937
"DCTN5",0.999991054084367
"DCTN6",0.884136166243784
"DCTPP1",0.955798809241831
"DCUN1D1",0.951181496431651
"DCUN1D2",9.23581406914973e-05
"DCUN1D3",0.559635540177543
"DCUN1D4",0.344531485405117
"DCUN1D5",0.389514633243195
"DCX",0.784773365849632
"DCXR",0.624429830851847
"DDA1",0.136064254562968
"DDAH1",0.815603115729021
"DDAH2",0.810409983932646
"DDB1",0.610285987035768
"DDB2",0.875328500107408
"DDC",0.791982547454666
"DDHD1",0.999995206926705
"DDHD2",0.00229128585191657
"DDI1",0.982674137442578
"DDI2",0.0104962548450045
"DDIAS",0.511196874475252
"DDIT3",0.89800691123229
"DDIT4",0.932332402983053
"DDIT4L",0.150840791912587
"DDN",0.231621388464216
"DDO",0.0793599614921546
"DDOST",0.03404257929783
"DDR1",0.0176124230024188
"DDR2",0.104952149788178
"DDRGK1",0.422556692259178
"DDT",0.218849426688491
"DDTL",0.468448970867365
"DDX1",0.688928172653634
"DDX10",0.0107026612983551
"DDX11",0.0585973638672967
"DDX17",0.0377184212010746
"DDX18",0.571020652669084
"DDX19A",0.999869894968793
"DDX19B",0.934208044604685
"DDX20",0.280707110393816
"DDX21",0.998694321548086
"DDX23",0.148542753486038
"DDX24",0.974465322078986
"DDX25",0.00301071890947371
"DDX27",0.475667724582264
"DDX28",0.996758230716755
"DDX31",0.066461457810253
"DDX39A",0.971179130359321
"DDX39B",0.23606983087422
"DDX3X",0.913610243231587
"DDX3Y",0.962542596769403
"DDX4",0.618435319565298
"DDX41",0.765653932709653
"DDX42",0.0150296027424737
"DDX43",0.998468359090062
"DDX46",0.0590447046473348
"DDX47",0.97948885007522
"DDX49",0.622729440653599
"DDX5",0.949001736333976
"DDX50",0.929106775852718
"DDX51",0.0128842706878756
"DDX52",0.24557026238925
"DDX53",0.970688102170221
"DDX54",0.95560705627423
"DDX55",0.00385014802645079
"DDX56",0.626684143685028
"DDX58",0.0108028279489669
"DDX59",0.926502373026104
"DDX6",0.464223374211911
"DDX60",0.0683135442540852
"DDX60L",0.0429221294538425
"DEAF1",0.387451104003702
"DECR1",0.162406489288533
"DECR2",0.984167371703706
"DEDD",0.994216323506733
"DEDD2",0.195220598925853
"DEF6",2.85616331474669e-05
"DEF8",0.998835219910209
"DEFA1",0.997113828868342
"DEFA1B",0.99996355166655
"DEFA3",0.999124723651516
"DEFA4",0.984254805106856
"DEFA5",0.296749258149491
"DEFA6",0.924581448095743
"DEFB1",0.556157393732979
"DEFB103A",0.973295301668511
"DEFB103B",0.954430049754906
"DEFB104A",0.875125993883719
"DEFB104B",0.875125993883719
"DEFB105A",0.906208179914733
"DEFB105B",0.962027525860423
"DEFB106A",0.946301562259963
"DEFB106B",0.962027525860423
"DEFB107A",0.961245725823193
"DEFB107B",0.961245725823193
"DEFB108B",0.704211219688202
"DEFB110",0.95094940082777
"DEFB112",0.971040927225916
"DEFB113",0.962027525860423
"DEFB114",0.971780173118462
"DEFB115",0.955227235226528
"DEFB116",0.95642393719126
"DEFB118",0.956099281613389
"DEFB119",0.88757531351651
"DEFB121",0.958329566308492
"DEFB123",0.945087573768646
"DEFB124",0.975448534803697
"DEFB125",0.95938935992253
"DEFB126",0.95099230681132
"DEFB127",0.961549919723688
"DEFB128",0.94553093932632
"DEFB129",0.940700839760624
"DEFB132",0.955067480123483
"DEFB134",0.958546908882704
"DEFB135",0.992743320429301
"DEFB136",0.943146434320374
"DEFB4A",0.962027525860423
"DEFB4B",0.997458045882427
"DEGS1",0.00256835786286976
"DEGS2",0.0164401968759519
"DEK",0.0379114063365946
"DENND1A",0.198147600702957
"DENND1B",0.976327469703641
"DENND1C",1.62647648724206e-05
"DENND2A",0.189510111352115
"DENND2C",0.0236692295731395
"DENND2D",6.02044703255812e-11
"DENND3",8.24846349170313e-05
"DENND4A",0.880568530470004
"DENND4B",0.998820252406792
"DENND4C",0.996213251926056
"DENND5A",0.588169159188837
"DENND5B",0.496337836198716
"DENND6A",0.958108754189195
"DENND6B",0.0679994258498276
"DENR",0.627802463296544
"DEPDC1",0.237774262755627
"DEPDC1B",0.014289284579735
"DEPDC4",0.896399431595349
"DEPDC5",0.732872658029387
"DEPDC7",0.786118139399486
"DEPTOR",0.674032384566462
"DERA",0.181650848044724
"DERL1",0.133783224797263
"DERL2",0.155740560901843
"DERL3",0.828852343122781
"DES",0.743362624686453
"DESI1",0.238924960540607
"DESI2",0.758413922523007
"DET1",0.404324907847206
"DEXI",0.883625573771282
"DFFA",0.99771004157319
"DFFB",0.0855153771546762
"DGAT1",0.57036737693692
"DGAT2",0.0801959508894125
"DGAT2L6",0.921603715481879
"DGCR2",0.841564731311582
"DGCR6",0.999558770140049
"DGCR6L",0.955260278990208
"DGCR8",0.000962665509597862
"DGKA",0.047914656316296
"DGKB",0.0565560681902396
"DGKD",0.0118150584817234
"DGKE",0.0164636827049436
"DGKG",0.0214865500523446
"DGKH",0.877720116618142
"DGKI",0.98496847941557
"DGKK",0.991512194212546
"DGKQ",0.784436077624197
"DGKZ",0.992117875946674
"DGLUCY",NA
"DGUOK",0.698615706664858
"DHCR24",0.95376599666412
"DHCR7",0.425476011968638
"DHDDS",0.739469246561298
"DHDH",0.167673444291262
"DHFR",0.661640813547308
"DHH",0.512507099204806
"DHODH",0.999978800628616
"DHPS",0.00349139620402477
"DHRS1",0.515941150277319
"DHRS11",0.173817177244566
"DHRS12",0.818420092932648
"DHRS13",0.971214228485177
"DHRS2",0.678626088163359
"DHRS3",0.00253931769691783
"DHRS4",0.503745443961172
"DHRS4L1",0.198901271967101
"DHRS4L2",0.730276334223308
"DHRS7",1.59741089805961e-08
"DHRS7B",0.499011878456532
"DHRS7C",0.793201305085098
"DHRS9",0.999860652013577
"DHRSX",0.633762542110784
"DHTKD1",0.902807077691329
"DHX15",0.223241771574823
"DHX16",0.226531957681193
"DHX29",0.998127675807935
"DHX30",0.170115552433976
"DHX32",0.016693567575024
"DHX33",0.942697378665329
"DHX34",0.0879442791152197
"DHX35",0.506544949868484
"DHX36",0.991932307091686
"DHX37",0.995171284423512
"DHX38",0.42484402151718
"DHX40",0.154267951382735
"DHX57",0.159740949488159
"DHX58",0.148430225055138
"DHX8",0.999255665278211
"DHX9",0.251975062518368
"DIABLO",0.931304623108213
"DIAPH1",0.950827359365921
"DIAPH2",0.481435545111768
"DIAPH3",0.029644288593206
"DICER1",0.999844749417218
"DIDO1",0.0109928588869113
"DIMT1",0.994542633774034
"DIO1",0.976484368073788
"DIO2",0.99809560581449
"DIO3",0.979390733623632
"DIP2A",0.0681804982206915
"DIP2B",0.8619729948954
"DIP2C",0.913293664235898
"DIRAS1",0.936741579842518
"DIRAS2",0.761169504360795
"DIRAS3",0.0032587680620396
"DIS3",0.559232892626925
"DIS3L",0.987174711641467
"DIS3L2",1.59988453681765e-08
"DISC1",0.254940171272459
"DISP1",0.0602677110303864
"DISP2",0.0543620635832604
"DIXDC1",0.0318252516171517
"DKC1",0.00646541483186263
"DKK1",0.975065895954079
"DKK2",0.805558720887379
"DKK3",0.0223490049307667
"DKK4",0.00648759310695215
"DKKL1",1.24035136579064e-05
"DLAT",0.998057105185852
"DLC1",0.00548980370293395
"DLD",0.999833840026292
"DLEC1",0.324241432145917
"DLEU7",0.481375796196409
"DLG1",0.762264973454738
"DLG2",0.0481103610981476
"DLG3",0.116827085172079
"DLG4",0.387659115995378
"DLG5",0.974352558526218
"DLGAP1",0.931927908112869
"DLGAP2",0.0277550040029057
"DLGAP3",0.0114184678831502
"DLGAP4",0.980187646416063
"DLGAP5",0.321372571097901
"DLK1",0.998340646673038
"DLK2",0.999944188840244
"DLL1",0.683653677249008
"DLL3",0.987544318141099
"DLL4",0.535836927969893
"DLST",0.691041862823528
"DLX1",0.292033586378837
"DLX2",0.143710220910702
"DLX3",0.0369492510655327
"DLX4",0.0835170064844211
"DLX5",0.0805321142620317
"DLX6",0.173708255170402
"DMAP1",0.750525335271376
"DMBT1",0.980795012177226
"DMBX1",0.757388708393946
"DMC1",0.766934716297483
"DMD",0.63208438642752
"DMGDH",0.812285200966107
"DMKN",6.79930487067381e-05
"DMP1",0.991991568404003
"DMPK",0.694285358271842
"DMRT1",0.902759369874716
"DMRT2",0.583948906076149
"DMRT3",0.997516027594869
"DMRTA1",0.766581581355954
"DMRTA2",0.910121521436893
"DMRTB1",0.896173891993427
"DMRTC1",0.681305582660152
"DMRTC1B",0.853516333981226
"DMRTC2",0.964368309326063
"DMTF1",0.0116013216211454
"DMTN",0.350641187185415
"DMWD",0.479739370471539
"DMXL1",0.737673094699017
"DMXL2",0.423971996750825
"DNA2",0.00296627690315345
"DNAAF1",0.0603381685811899
"DNAAF2",9.43127371980823e-05
"DNAAF3",0.0429048163411637
"DNAAF5",0.845018379054528
"DNAH1",0.910480731649113
"DNAH10",0.0101326587455772
"DNAH10OS",0.350616672175051
"DNAH11",0.214896360570928
"DNAH12",0.0376773046323205
"DNAH14",0.676295821536825
"DNAH17",0.124097025636054
"DNAH2",0.044132936450828
"DNAH3",0.174670363528826
"DNAH5",0.411848070495171
"DNAH6",0.00512675670143706
"DNAH7",0.0346019185886485
"DNAH8",0.874968567974492
"DNAH9",0.958907900122506
"DNAI1",0.0212749876566597
"DNAI2",0.13451432850274
"DNAJA1",0.40683665767766
"DNAJA2",0.997086679201566
"DNAJA3",0.799437486620079
"DNAJA4",0.7632832054131
"DNAJB1",0.0780422788086682
"DNAJB11",0.264021475523397
"DNAJB12",0.00113030461732783
"DNAJB13",0.0147297459180218
"DNAJB14",0.95812211626035
"DNAJB2",0.38588582813152
"DNAJB3",0.917588624921805
"DNAJB4",0.997956692244565
"DNAJB5",0.961145619735029
"DNAJB6",0.0293888615109388
"DNAJB7",0.0186119587991992
"DNAJB8",0.883741935559348
"DNAJB9",0.985022953792654
"DNAJC1",0.329403739036816
"DNAJC10",0.993217409939829
"DNAJC11",0.497636730815743
"DNAJC12",0.708810742961249
"DNAJC13",0.616545188142552
"DNAJC14",0.941846632996097
"DNAJC15",0.442603273280743
"DNAJC16",0.614056587034308
"DNAJC17",0.812316431133256
"DNAJC18",0.898049120050815
"DNAJC19",0.773526631423246
"DNAJC2",0.900404446732994
"DNAJC21",0.991639259113013
"DNAJC22",0.985780070333459
"DNAJC24",0.579935423515834
"DNAJC25",0.441898789619917
"DNAJC25-GNG10",0.568898041796531
"DNAJC27",0.0488599749745991
"DNAJC28",0.893970801588609
"DNAJC3",0.00054604394944548
"DNAJC30",0.902094561806619
"DNAJC4",0.941860563706952
"DNAJC5",0.984055625745351
"DNAJC5B",0.996567544834114
"DNAJC5G",0.543173880809312
"DNAJC6",0.930711382877466
"DNAJC7",0.61937487195572
"DNAJC8",0.847149348546611
"DNAJC9",0.0199884501058892
"DNAL1",0.47609593902479
"DNAL4",0.174863764810841
"DNALI1",0.924512973781143
"DNASE1",0.00108320514661567
"DNASE1L1",0.69695004295282
"DNASE1L2",0.00985766476458595
"DNASE1L3",0.957231513526074
"DNASE2",0.000717925489806912
"DNASE2B",0.631060075842583
"DND1",0.276747065954009
"DNER",0.305116135932189
"DNHD1",0.230201275129038
"DNLZ",0.999484574946287
"DNM1",0.959872001863303
"DNM1L",0.0754840946778792
"DNM2",0.640866428296551
"DNM3",0.893468831084987
"DNMBP",0.0109955074084321
"DNMT1",0.828169936015972
"DNMT3A",0.00261746147074308
"DNMT3B",0.00830983417058785
"DNMT3L",0.918313769947096
"DNPEP",0.996193787279622
"DNPH1",0.935847179619212
"DNTT",0.801511820719204
"DNTTIP1",0.887607300408904
"DNTTIP2",0.799099773571618
"DOC2A",1.61458000526399e-05
"DOC2B",0.703017387276756
"DOCK1",0.0615936730323616
"DOCK10",0.00708307050389565
"DOCK11",0.00353942849392361
"DOCK2",3.05185000259201e-19
"DOCK3",0.370567024911829
"DOCK4",0.0205333764730534
"DOCK5",0.704071722353813
"DOCK6",0.470101224515882
"DOCK7",0.949395938074171
"DOCK8",5.68199115644651e-09
"DOCK9",0.969749971414793
"DOHH",0.681483933782003
"DOK1",1.95337839550329e-08
"DOK2",0.0423567671423537
"DOK3",6.12352804081057e-11
"DOK4",0.716483566357963
"DOK5",0.970745338368294
"DOK6",0.000874776835558408
"DOK7",0.0167643537626967
"DOLK",0.0279044274650844
"DOLPP1",0.857376857468227
"DONSON",0.402605194021694
"DOP1B",NA
"DOT1L",0.216088908556678
"DPAGT1",0.894334263334769
"DPCD",0.745565963748772
"DPEP1",0.985897216387678
"DPEP2",0.00364578776161607
"DPEP3",0.952155677955297
"DPF1",0.778745984050285
"DPF2",0.916725811650951
"DPF3",0.568115691823332
"DPH1",0.107146348402863
"DPH2",0.610863396577297
"DPH3",0.0408562441935467
"DPH3P1",0.981699100970381
"DPH5",0.396774528052071
"DPH6",0.858266881581995
"DPH7",0.0258060899384867
"DPM1",0.975967292622012
"DPM2",0.779656306734043
"DPM3",0.819942513472034
"DPP10",0.911811613400034
"DPP3",0.0292842731149995
"DPP4",0.76373186501887
"DPP6",0.953446636265863
"DPP7",0.819502013732997
"DPP8",0.989158264474184
"DPP9",0.854418907265286
"DPP9-AS1",0.30780136740342
"DPPA2",0.931826320196778
"DPPA3",0.875211706728265
"DPPA4",0.990403218777614
"DPPA5",0.937473866718875
"DPRX",0.931896874546642
"DPT",0.999746891722104
"DPY19L1",0.0627992378993843
"DPY19L2",0.0885153170131866
"DPY19L3",0.307649661657531
"DPY19L4",0.859889921302746
"DPY30",0.766275757235617
"DPYD",3.67253864711836e-07
"DPYS",0.348703981041022
"DPYSL2",0.5254850960632
"DPYSL3",0.801237198960852
"DPYSL4",0.144802856959663
"DPYSL5",0.928086435293347
"DQX1",0.165800505904588
"DR1",0.994018829447929
"DRAM1",8.68364137082455e-10
"DRAM2",0.0635346766449758
"DRAP1",0.0165042280323361
"DRAXIN",0.995687949607866
"DRC1",0.318276045745294
"DRC7",0.0867681925803787
"DRD1",0.00953996677757828
"DRD2",0.247284265523228
"DRD3",0.928274587200621
"DRD4",0.0146170041842888
"DRD5",0.298153633082533
"DRG1",0.763198950834713
"DRG2",0.9824958548284
"DRGX",0.753267150210023
"DRICH1",0.169303208989138
"DROSHA",0.0625846095698198
"DRP2",0.382343072432473
"DSC1",0.118064069289674
"DSC2",0.998273764161498
"DSC3",0.0563562308504334
"DSCAM",0.329584902018551
"DSCAML1",0.993665136538139
"DSCC1",0.598266299847643
"DSE",0.000121791927067433
"DSEL",0.154657248702164
"DSG1",0.579806501607036
"DSG2",0.00571178740539271
"DSG3",2.64544258739368e-05
"DSG4",0.321759435228084
"DSN1",0.532630897566841
"DSP",0.28948933672169
"DSPP",0.994954792374453
"DST",0.735171544930446
"DSTN",0.395422489418636
"DSTYK",0.867526261716082
"DTD1",0.717374998127159
"DTD2",0.406151075903448
"DTHD1",0.139242168453863
"DTL",0.407093084490375
"DTNA",0.185808911360083
"DTNB",0.123184229779758
"DTNBP1",0.264418226750788
"DTWD1",0.231440566113127
"DTWD2",0.762421390632727
"DTX1",0.999653545483185
"DTX2",0.384816211734055
"DTX3",0.0684512025502115
"DTX3L",3.1230687956777e-13
"DTX4",0.618210996850542
"DTYMK",0.921296092782694
"DUOX1",0.00774797657148051
"DUOX2",0.0371996650523171
"DUOXA1",0.504111337763365
"DUOXA2",0.0787139433780021
"DUPD1",0.733762404524959
"DUS1L",0.713764924705248
"DUS2",0.345968561983002
"DUS3L",0.381521364018182
"DUS4L",0.0396457052700397
"DUSP1",0.00068982579012909
"DUSP10",0.417206121942636
"DUSP11",0.84855647449385
"DUSP12",0.875667550395639
"DUSP13",0.452980515044405
"DUSP14",0.990756958189895
"DUSP15",0.988752784093088
"DUSP16",0.500336938397909
"DUSP18",0.999494917321148
"DUSP19",0.217222478647787
"DUSP2",0.961446558480926
"DUSP21",0.931013105416035
"DUSP22",0.278782071492062
"DUSP23",0.421189077163468
"DUSP26",0.997988433839039
"DUSP27",0.0321871430890001
"DUSP28",0.765925582713837
"DUSP3",0.503583264980193
"DUSP4",0.0716846994779502
"DUSP5",0.386196827776909
"DUSP6",5.93058344455725e-06
"DUSP7",0.96167423555044
"DUSP8",0.0137267191412107
"DUSP9",0.781608587248911
"DUT",0.131435463019237
"DUX4",0.845727024954573
"DUXA",0.955472215486641
"DVL1",0.0430707073332735
"DVL2",0.582454066229189
"DVL3",0.696156161724609
"DXO",0.17365847984316
"DYDC1",0.113697057167963
"DYDC2",0.0316522874342634
"DYM",0.480828901121604
"DYNAP",0.929964041807228
"DYNC1H1",0.86016185433779
"DYNC1I1",0.117718721091275
"DYNC1I2",0.666498377544662
"DYNC1LI1",0.0750057633430475
"DYNC1LI2",0.994753623464486
"DYNC2H1",0.0382732837365119
"DYNC2LI1",0.118804609865077
"DYNLL1",0.999827831212544
"DYNLL2",0.702140352429234
"DYNLRB1",0.638872096286167
"DYNLRB2",0.0245972544886633
"DYNLT1",0.984543082968838
"DYNLT3",0.0237547874377191
"DYRK1A",9.5915186677268e-05
"DYRK1B",0.0221730653744881
"DYRK2",0.0063738581661214
"DYRK3",0.734569012142023
"DYRK4",0.185322251213601
"DYSF",0.59139824474509
"DYTN",0.871653751451094
"DZANK1",0.00326888374444732
"DZIP1",0.105760407129303
"DZIP1L",0.479029012358688
"DZIP3",0.0208077466795894
"E2F1",0.300059030843224
"E2F2",0.313038614024415
"E2F3",0.933856032906403
"E2F4",0.998756385237021
"E2F5",0.644743840855228
"E2F6",0.999663701380888
"E2F7",0.234016623083522
"E2F8",0.332244191746342
"E4F1",0.00417985955079533
"EAF1",0.0956148906126039
"EAF2",0.972411881173971
"EAPP",0.138193345837679
"EARS2",0.486872849050513
"EBAG9",0.99987144210783
"EBF1",0.116753364270836
"EBF2",0.924191871164448
"EBF3",0.1222513313782
"EBF4",0.685427830668057
"EBI3",2.40115882323093e-10
"EBLN1",0.828498614818555
"EBLN2",0.130384994448076
"EBNA1BP2",0.0566014986125044
"EBP",0.909269522387483
"EBPL",0.79091907428278
"ECD",0.741878714126719
"ECE1",4.58369632958558e-07
"ECE2",0.994759635676791
"ECEL1",0.593716037358853
"ECH1",0.967775443219249
"ECHDC1",0.0923888065479035
"ECHDC2",0.883613800467925
"ECHDC3",0.517238037328116
"ECHS1",0.944610075067018
"ECI1",0.854852645007477
"ECI2",0.40783115655838
"ECM1",1.36357942302025e-09
"ECM2",0.997472420490278
"ECPAS",NA
"ECSCR",0.0421448833804587
"ECSIT",0.0313482567924703
"ECT2",0.348791419931424
"ECT2L",0.152397533933661
"EDA",0.203650671628099
"EDA2R",0.0950187213225265
"EDAR",0.000838511963332553
"EDARADD",0.311803650664698
"EDC3",0.181292160545725
"EDC4",0.0390806177038102
"EDDM3A",0.951944093526295
"EDDM3B",0.954024222904781
"EDEM1",0.0328843067608156
"EDEM2",5.54355844658519e-07
"EDEM3",0.0035142239795597
"EDF1",0.823096336829444
"EDIL3",0.93603620942645
"EDN1",0.621464705827589
"EDN2",0.286193453337099
"EDN3",0.883507533506807
"EDNRA",0.0867270269619848
"EDNRB",0.8598482074605
"EDRF1",0.0722459012656384
"EEA1",2.26227999169393e-05
"EED",0.858858038969937
"EEF1A1",0.934917136302421
"EEF1A2",0.959550196820234
"EEF1AKMT1",NA
"EEF1AKMT2",NA
"EEF1B2",0.956221339750075
"EEF1D",0.906748821784186
"EEF1E1",0.69661003363193
"EEF1G",0.616973720180894
"EEF2",0.786935916529055
"EEF2K",0.704239845559092
"EEF2KMT",0.39047598420819
"EEFSEC",0.999715662601034
"EEPD1",0.99348982945722
"EFCAB1",0.00231367435744125
"EFCAB10",0.118246735986768
"EFCAB11",0.451908304054932
"EFCAB12",0.0268016826250183
"EFCAB13",0.998243316010165
"EFCAB14",0.0933966333858517
"EFCAB2",0.427919254941071
"EFCAB3",0.938641852898292
"EFCAB5",0.0770081007521779
"EFCAB6",0.00246728241679684
"EFCAB7",0.0914677740261941
"EFCAB8",0.809809229618011
"EFCAB9",0.954374092459905
"EFCC1",0.952976347073103
"EFEMP1",0.0527910002225237
"EFEMP2",0.036113329911157
"EFHB",0.841730774039377
"EFHC1",0.669180909490106
"EFHC2",0.451294422496468
"EFHD1",0.0796046973712792
"EFHD2",0.901579363019685
"EFL1",NA
"EFNA1",0.0350656851845504
"EFNA2",0.974751246619841
"EFNA3",0.000964937531898614
"EFNA4",0.411227145986802
"EFNA5",0.0165630257805598
"EFNB1",0.926342628507612
"EFNB2",0.989276706456255
"EFNB3",0.304363117652701
"EFR3A",0.748469124277391
"EFR3B",0.957572078976471
"EFS",0.999922373839989
"EFTUD2",0.902471162984266
"EGF",0.967613991592114
"EGFL6",0.958970681301061
"EGFL7",0.833391290392328
"EGFL8",0.385032031176381
"EGFLAM",0.992428603575887
"EGFR",0.213413110857076
"EGLN1",0.999628518136545
"EGLN2",0.841571129942227
"EGLN3",0.401297577705734
"EGR1",0.0210309305514485
"EGR2",2.9159838467107e-05
"EGR3",0.107478137656868
"EGR4",0.643679385729162
"EHBP1",0.0489444707140009
"EHBP1L1",0.807807969991572
"EHD1",0.975892164331992
"EHD2",2.90687174102918e-08
"EHD3",0.161169126071465
"EHD4",3.74187845320712e-12
"EHF",0.010993560044218
"EHHADH",0.488091867430648
"EHMT1",0.00206242952265607
"EHMT2",0.00695690428044257
"EI24",0.381338255031621
"EID1",0.668144201748813
"EID2",0.283809132279649
"EID2B",2.74742247140003e-05
"EID3",0.405858436060682
"EIF1",0.24936057344494
"EIF1AD",0.99063257135555
"EIF1AX",0.973974544599355
"EIF1AY",0.999330924906372
"EIF1B",0.991715049125211
"EIF2A",0.997942455230409
"EIF2AK1",0.141637668659894
"EIF2AK2",0.626536869430459
"EIF2AK3",0.400057444333555
"EIF2AK4",0.999250312281636
"EIF2B1",0.958752112016216
"EIF2B2",0.99811141051388
"EIF2B3",0.934661145921048
"EIF2B4",0.423422462289756
"EIF2B5",0.154968252127317
"EIF2D",0.966291024339958
"EIF2S1",0.999222121916943
"EIF2S2",0.972813351004114
"EIF2S3",0.97859266026572
"EIF3A",0.818765369893075
"EIF3B",0.833673664872336
"EIF3C",0.999989163443937
"EIF3CL",0.982474589629464
"EIF3D",0.994024359565347
"EIF3E",0.761095650968258
"EIF3F",0.800973465638648
"EIF3G",0.991680869659806
"EIF3H",0.898602612570223
"EIF3I",0.997922690310015
"EIF3J",0.9888242257156
"EIF3K",0.99887716326092
"EIF3L",0.524976437956834
"EIF3M",0.952223798067285
"EIF4A1",0.131224455018876
"EIF4A2",0.184010430921338
"EIF4A3",0.406279999472414
"EIF4B",0.248578555834897
"EIF4E",0.960483692125164
"EIF4E1B",0.319485132993312
"EIF4E2",0.664847336165358
"EIF4E3",0.417354628573252
"EIF4EBP1",0.559669656548952
"EIF4EBP2",0.999949579049621
"EIF4EBP3",0.953523034757155
"EIF4ENIF1",0.0456509211407227
"EIF4G1",0.998112012042805
"EIF4G2",0.998829380849925
"EIF4G3",0.988954836756658
"EIF4H",0.966268590603701
"EIF5",0.955237058170169
"EIF5A",0.350090835187055
"EIF5A2",0.814273153793032
"EIF5AL1",0.993411285811831
"EIF5B",0.999169451906143
"EIF6",0.72260489744549
"EIPR1",NA
"ELAC1",0.992125534950782
"ELAC2",0.998667762717789
"ELANE",0.996278927873498
"ELAVL1",0.852519673990514
"ELAVL2",0.00217109546793884
"ELAVL3",0.831151177588737
"ELAVL4",0.813960329253603
"ELF1",0.000512817694688124
"ELF2",0.266924332438757
"ELF3",0.337992155455038
"ELF4",0.388044937610517
"ELF5",0.707951368268713
"ELFN1",0.936479185153355
"ELFN2",0.999871446587445
"ELK1",0.760581050584873
"ELK3",0.000296759644428289
"ELK4",0.784351715417819
"ELL",0.812996672542543
"ELL2",0.00214512047660245
"ELL3",0.51370890951996
"ELMO1",0.438616546959872
"ELMO2",0.994365467093674
"ELMO3",0.0153833519697888
"ELMOD1",0.0300982162598309
"ELMOD2",0.0473196387007686
"ELMOD3",0.701457953102913
"ELMSAN1",0.985988035133935
"ELN",0.586507689034048
"ELOB",NA
"ELOC",NA
"ELOF1",0.780656881716987
"ELOVL1",0.470713128716389
"ELOVL2",0.997190953224947
"ELOVL3",0.76329889512588
"ELOVL4",0.70631285277187
"ELOVL5",0.00599151577428182
"ELOVL6",0.165630658192938
"ELOVL7",0.988679270647454
"ELP1",NA
"ELP2",0.239817310516031
"ELP3",0.993133088822361
"ELP4",0.94266873870059
"ELP5",0.917750191519465
"ELP6",0.745768273459587
"ELSPBP1",0.937155765960508
"EMB",0.00287156358601792
"EMC1",0.959080466275498
"EMC10",0.0054247318424906
"EMC2",0.951026345328015
"EMC3",0.00763590128752798
"EMC4",0.96490470728164
"EMC6",0.864294448614466
"EMC7",0.000864219262924162
"EMC8",0.995336659181763
"EMC9",0.587381340229214
"EMCN",0.483681800360014
"EMD",0.675366744689479
"EME1",0.0611096213774326
"EME2",0.0661108552612744
"EMG1",0.995278285037148
"EMID1",0.659317546477946
"EMILIN1",0.0119329069537367
"EMILIN2",0.00205126833715567
"EMILIN3",0.979761526029787
"EML1",0.998622618392458
"EML2",0.988854927959709
"EML3",0.000654323172151076
"EML4",0.926512562638427
"EML5",0.000106105966012889
"EML6",0.247713695076998
"EMP1",6.99931534350656e-06
"EMP2",0.0592134116176492
"EMP3",0.000482788806235387
"EMSY",NA
"EMX1",0.188031753839847
"EMX2",0.627224839402641
"EN1",0.999749110504132
"EN2",0.145313155704754
"ENAH",0.914680585795797
"ENAM",0.0870855539979246
"ENC1",0.330802116810517
"ENDOD1",7.69805218468481e-10
"ENDOG",0.999640099648355
"ENDOU",0.123741640808358
"ENDOV",2.14478915588245e-05
"ENG",4.42425060983643e-09
"ENGASE",0.217886707151893
"ENHO",0.969310595757629
"ENKD1",0.010143688310728
"ENKUR",0.989784825826768
"ENO1",0.972005557897485
"ENO2",0.275907609160309
"ENO3",0.666290798026047
"ENO4",0.631081656143233
"ENOPH1",0.539507695026684
"ENOSF1",0.992430215483752
"ENOX1",0.0364922995510991
"ENOX2",0.999983827334466
"ENPEP",0.946282010103883
"ENPP1",0.883053201745841
"ENPP2",0.890341186213267
"ENPP3",0.585461384039612
"ENPP4",0.0643730752832126
"ENPP5",0.411087487194168
"ENPP6",0.994794866390403
"ENPP7",0.984887986433487
"ENSA",0.468297041919043
"ENTHD1",0.961309022999345
"ENTPD1",1.78403517436325e-08
"ENTPD2",0.885934448099075
"ENTPD3",0.789376792217333
"ENTPD4",0.996032411499017
"ENTPD5",0.997699957058232
"ENTPD6",0.1938868273674
"ENTPD7",0.942468407692376
"ENTPD8",0.031750124436804
"ENY2",0.893699089862563
"EOGT",0.978942928531643
"EOMES",0.438683365940016
"EP300",0.999206989226238
"EP400",0.094252005101113
"EPAS1",0.0971648923671635
"EPB41",0.211531490340789
"EPB41L1",0.941702017563864
"EPB41L2",0.0123599483332172
"EPB41L3",0.905652236413714
"EPB41L4A",0.988071275430742
"EPB41L4B",0.778412707316672
"EPB41L5",0.00281877555249837
"EPB42",0.428676711768203
"EPC1",0.201612988695199
"EPC2",0.967767846976215
"EPCAM",0.32482097974963
"EPDR1",0.000307183326177108
"EPG5",0.498250894267801
"EPGN",0.277203885152143
"EPHA1",0.983704950131514
"EPHA10",0.0137871562442528
"EPHA2",0.958650481984931
"EPHA3",0.941687734971245
"EPHA4",0.152115090050397
"EPHA5",0.9831107839805
"EPHA6",0.0127032023323569
"EPHA7",0.000320682337502413
"EPHA8",0.0802056611357724
"EPHB1",0.631961236731459
"EPHB2",0.931822765759015
"EPHB3",0.839443031078116
"EPHB4",0.382284811414008
"EPHB6",0.0472532744514212
"EPHX1",0.956533739056076
"EPHX2",0.0300891483886876
"EPHX3",0.54422623209545
"EPHX4",0.723477127489886
"EPM2A",0.966936327101285
"EPM2AIP1",0.281530670955682
"EPN1",0.975098167614911
"EPN2",0.282661388379143
"EPN3",0.00851687049015191
"EPO",0.392494962415129
"EPOR",0.999791857319932
"EPPIN",0.773265279391483
"EPPIN-WFDC6",0.944161042098458
"EPPK1",0.00351172191693883
"EPRS",0.835039210084465
"EPS15",0.967046166172192
"EPS15L1",0.386219352628342
"EPS8",0.150782207979938
"EPS8L1",0.272826175774157
"EPS8L2",0.57481687732707
"EPS8L3",0.463822950416334
"EPSTI1",0.0204324107635909
"EPX",0.270751263706233
"EPYC",0.867168560972977
"EQTN",0.57378179391105
"ERAL1",0.851734682236948
"ERAP1",3.2764628004944e-05
"ERAP2",0.301052581847701
"ERAS",0.13896740526943
"ERBB2",0.758666554329126
"ERBB3",0.369510655133275
"ERBB4",0.943452352260027
"ERBIN",NA
"ERC1",0.0423764650896737
"ERC2",0.191645256708899
"ERCC1",0.829783271979399
"ERCC2",0.693305762046445
"ERCC3",0.0208453798843468
"ERCC4",0.996758675569767
"ERCC5",0.978782134454777
"ERCC6",0.86197375773591
"ERCC6L",0.0876075847700982
"ERCC6L2",0.41559067052447
"ERCC8",0.989538833350683
"EREG",0.989016840564645
"ERF",0.866088110413797
"ERG",0.449791636586977
"ERGIC1",0.000353463903737952
"ERGIC2",0.0917579490580261
"ERGIC3",0.999895599218034
"ERH",0.706315942308981
"ERI1",0.950326060943757
"ERI2",0.409133705988412
"ERI3",0.994468025145533
"ERICH1",0.837992765131756
"ERICH2",0.95717177101463
"ERICH3",0.715998732934275
"ERICH4",0.915844022272631
"ERICH5",0.206176983004208
"ERICH6",0.470327895736515
"ERICH6B",0.00824304534915789
"ERLEC1",0.322300948984753
"ERLIN1",0.68022148647699
"ERLIN2",0.910595621947702
"ERMAP",0.0228011133411348
"ERMARD",0.374802461542671
"ERMN",0.836801696167149
"ERMP1",0.967525000791867
"ERN1",0.846765377440971
"ERN2",0.703419595033119
"ERO1A",NA
"ERP27",0.0326964568641354
"ERP29",0.947003704329092
"ERP44",0.947173423476913
"ERRFI1",0.894532975655582
"ERV3-1",0.052008985072418
"ERVFRD-1",0.313697512820877
"ERVH48-1",0.0249786355632583
"ERVMER34-1",0.723115217604238
"ERVV-1",0.954023279143439
"ERVV-2",0.999995051846539
"ERVW-1",0.751713567810923
"ESAM",0.438683330777987
"ESCO1",0.0258843982366501
"ESCO2",0.473535014424327
"ESD",0.989730336823005
"ESF1",0.960713449754344
"ESM1",0.686524058665342
"ESPL1",0.39430544023024
"ESPN",0.800890322398282
"ESPNL",0.903781981123241
"ESR1",0.0476301117511907
"ESR2",0.180914780990915
"ESRP1",0.0326055023232925
"ESRP2",0.0011529371371965
"ESRRA",0.398087939418445
"ESRRB",0.976973517410927
"ESRRG",0.525796009679549
"ESS2",NA
"ESX1",0.784137470682067
"ESYT1",0.924907346165964
"ESYT2",0.378974732607944
"ESYT3",0.84504314722421
"ETAA1",0.161982801429785
"ETF1",0.144614420533001
"ETFA",0.762958411226363
"ETFB",0.722267638335195
"ETFDH",0.96845276324018
"ETHE1",0.0990947385539669
"ETNK1",0.979902964375175
"ETNK2",0.677637116424711
"ETNPPL",0.0307781824418247
"ETS1",1.30470119928955e-06
"ETS2",0.00583833973369291
"ETV1",0.0273208084143541
"ETV2",0.266478325212818
"ETV3",0.979858676632181
"ETV3L",0.933981129564118
"ETV4",0.81745236622965
"ETV5",3.65103598391546e-06
"ETV6",1.68737753320912e-05
"ETV7",7.44367652613119e-11
"EVA1A",0.233009192658564
"EVA1B",0.0590391752548915
"EVA1C",0.000437215260686112
"EVC",0.738083699497721
"EVC2",0.904922600682337
"EVI2A",0.00763747628748973
"EVI2B",2.72728297374644e-10
"EVI5",0.732283756058336
"EVI5L",0.891423471591373
"EVL",0.486531543922264
"EVPL",0.000440957496256997
"EVPLL",0.537928349945496
"EVX1",0.503624787710003
"EVX2",0.615435302246856
"EWSR1",0.00142283668922611
"EXD1",0.830761280754533
"EXD2",0.999331552130717
"EXD3",0.101646201952586
"EXO1",0.186015569914172
"EXO5",0.393720379926412
"EXOC1",0.797125328073596
"EXOC2",0.992246473443012
"EXOC3",0.854428372670503
"EXOC3L1",0.818987040381229
"EXOC3L2",0.0253232192449123
"EXOC3L4",0.910185206870536
"EXOC4",0.495490582238027
"EXOC5",0.649003420134313
"EXOC6",0.898894009591688
"EXOC6B",0.0133585438289072
"EXOC7",0.626175109993283
"EXOC8",0.910826389574769
"EXOG",0.677961274024234
"EXOSC1",0.646309091165805
"EXOSC10",0.927583370180674
"EXOSC2",0.0263936870600722
"EXOSC3",0.113808172604089
"EXOSC4",0.81280730347721
"EXOSC5",0.459865364164802
"EXOSC6",0.753282878050603
"EXOSC7",0.00224495117058604
"EXOSC8",0.831985649951922
"EXOSC9",0.645083642469441
"EXPH5",5.7840445936154e-05
"EXT1",0.721582737827513
"EXT2",0.0880130782718803
"EXTL1",0.157331165990014
"EXTL2",0.949941315050251
"EXTL3",0.361995666015861
"EYA1",0.14910659493715
"EYA2",0.79794204745025
"EYA3",0.891134687322966
"EYA4",0.717010198731129
"EYS",0.363354612313006
"EZH1",0.710520839301616
"EZH2",0.0275068227198836
"EZR",0.0038840737896513
"F10",0.849181689893487
"F11",0.952957901510224
"F11R",0.999999513791835
"F12",0.383194024638441
"F13A1",4.99362693505624e-09
"F13B",0.926884834774993
"F2",0.558034494074952
"F2R",0.899165855340245
"F2RL1",0.858149772666157
"F2RL2",0.907114811391461
"F2RL3",0.712308782327008
"F3",0.00376363283723749
"F5",0.600475564781667
"F7",0.305446882324093
"F8",0.0224276113267907
"F8A1",0.951535577690977
"F8A2",0.997709973554586
"F8A3",0.860559762581956
"F9",0.963830853802553
"FA2H",0.961341576093625
"FAAH",0.00226653535498752
"FAAH2",0.0241138526910962
"FAAP100",0.147741053251225
"FAAP20",0.916044474338928
"FAAP24",0.541972554100469
"FABP1",0.984923893242507
"FABP12",0.832209184186985
"FABP2",0.936226935203876
"FABP3",0.893615698970839
"FABP4",0.800284000639635
"FABP5",0.0286675306006175
"FABP6",0.0317066875792379
"FABP7",0.000178100587431929
"FABP9",0.996005283808238
"FADD",0.270182428694465
"FADS1",0.892989280522543
"FADS2",0.111997795194351
"FADS3",2.34763253159077e-05
"FADS6",0.00598411133820378
"FAF1",0.975974837541433
"FAF2",0.189828327233324
"FAH",0.0207274688304906
"FAHD1",0.646418575038518
"FAHD2A",0.848536656367981
"FAHD2B",0.0291899467855612
"FAIM",0.996564675841727
"FAIM2",0.2291442820438
"FAM102A",0.167736845842844
"FAM102B",0.991841989529734
"FAM104A",0.877948250432164
"FAM104B",0.833433643197289
"FAM106A",0.27127260618604
"FAM107A",0.655691534763594
"FAM107B",0.127379141748486
"FAM110A",0.392289168397997
"FAM110B",0.995296651853524
"FAM110C",0.0200996780623305
"FAM110D",0.466777392371696
"FAM111A",0.275238761144537
"FAM111B",0.520735695674016
"FAM114A1",1.72095319974654e-05
"FAM114A2",0.145420838009568
"FAM117A",0.367189474181427
"FAM117B",1.56147321217546e-06
"FAM118A",0.0372177899008687
"FAM118B",0.570372751898601
"FAM120A",0.165357940361047
"FAM120AOS",0.854872368356348
"FAM120B",0.997092000111467
"FAM120C",0.646642541459043
"FAM122A",0.98382700404441
"FAM122B",0.264440085786642
"FAM122C",0.104794268156597
"FAM124A",0.0342205167910197
"FAM124B",0.970552752293715
"FAM126A",0.0727303439543975
"FAM126B",0.00297698179432581
"FAM129A",NA
"FAM129B",NA
"FAM131A",0.152302755864324
"FAM131B",0.142837500748744
"FAM131C",0.00767595949249017
"FAM133A",0.869988386369908
"FAM133B",0.149456519113414
"FAM135A",0.619781943818008
"FAM135B",0.530707043284785
"FAM136A",0.28922433019824
"FAM13A",0.255330644512839
"FAM13B",0.885066060211529
"FAM13C",0.870244525494709
"FAM149A",0.748626110904511
"FAM149B1",0.841765030679361
"FAM151A",0.446407717595389
"FAM151B",0.962027646716184
"FAM153A",0.00765829059383171
"FAM153B",0.004325952460317
"FAM155A",0.98512793181261
"FAM155B",0.461798623092135
"FAM156A",0.19308920601097
"FAM156B",0.50014227603184
"FAM160A1",0.000908639832122815
"FAM160A2",0.0642091538295164
"FAM160B1",0.96356674805402
"FAM160B2",0.78290207602567
"FAM161A",2.22485329027512e-08
"FAM161B",0.852082041738615
"FAM162A",0.999653693783894
"FAM162B",0.669334716918422
"FAM163A",0.683459134407205
"FAM163B",0.0884350459109051
"FAM166A",0.00759415828227829
"FAM166B",0.0397572255078235
"FAM167A",0.170650036177452
"FAM167B",0.096126069230342
"FAM168A",0.00688539312718151
"FAM168B",0.116571816319479
"FAM169A",0.99150247367648
"FAM169B",0.928057321772182
"FAM170A",0.889019242511565
"FAM170B",0.966704580108667
"FAM171A1",0.347765817268296
"FAM171A2",0.0404654409496929
"FAM171B",0.998035302216756
"FAM172A",0.999999296264909
"FAM173A",0.336134554054786
"FAM174A",0.996618256339132
"FAM174B",0.0290238325947009
"FAM177A1",0.499296853736775
"FAM177B",6.12241494147393e-06
"FAM178B",0.16128415869499
"FAM180A",0.99334332423838
"FAM180B",0.0491036985249551
"FAM181A",0.872662018872464
"FAM181B",0.587258611776298
"FAM183A",0.0212988903779571
"FAM184A",0.956459983074523
"FAM184B",0.531937575792258
"FAM185A",0.0201026416563434
"FAM186A",0.230446659137271
"FAM186B",0.019224771156477
"FAM187A",0.791578152322253
"FAM187B",0.98517077298937
"FAM189A1",0.38124768489709
"FAM189A2",0.761335832640828
"FAM189B",0.993965457997792
"FAM192A",0.99963464616687
"FAM193A",0.439895223591425
"FAM193B",0.557516414017585
"FAM199X",0.998073669174758
"FAM200A",0.038443663416989
"FAM200B",0.236705687295655
"FAM204A",0.494145082584472
"FAM205A",0.276343532765859
"FAM205C",0.768678380581152
"FAM207A",0.825288852646104
"FAM208A",NA
"FAM209A",0.879086059458927
"FAM209B",0.993166426467613
"FAM20A",0.0191273662434754
"FAM20B",0.236209103209805
"FAM20C",1.05499489561924e-09
"FAM210A",0.828311768613386
"FAM210B",0.999710930739568
"FAM213A",NA
"FAM213B",NA
"FAM214A",0.622958069158934
"FAM214B",0.319557880605597
"FAM216A",0.37433845963815
"FAM216B",0.223576081131907
"FAM217A",0.644866412340512
"FAM217B",0.998453892713436
"FAM219A",0.847537569100759
"FAM219B",0.980856439980293
"FAM220A",0.120738376332624
"FAM221A",0.999852486580419
"FAM221B",0.0917602933707556
"FAM222A",0.991920145195684
"FAM222B",0.996243494478038
"FAM227A",9.35627574089254e-05
"FAM227B",0.0449624784944252
"FAM228A",0.0155189160581546
"FAM228B",0.00842095749095345
"FAM229A",0.533921660232025
"FAM229B",0.998680138612864
"FAM234A",NA
"FAM241B",NA
"FAM24A",0.939226732212543
"FAM24B",0.103390425258275
"FAM25A",0.791231928003723
"FAM25C",0.94440904985831
"FAM25E",0.860607240312344
"FAM25G",0.782805390256942
"FAM32A",0.999818832381605
"FAM3A",0.973097056487159
"FAM3B",0.998257246826889
"FAM3C",0.210078675565103
"FAM3D",0.996752914086167
"FAM43A",0.362129978791681
"FAM43B",0.691677456205799
"FAM45A",0.637216018085784
"FAM47A",0.879199514346971
"FAM47B",0.957633201747986
"FAM47C",0.912595764242703
"FAM47E",0.530468077690033
"FAM47E-STBD1",0.0467123394757138
"FAM49A",0.175195004676642
"FAM49B",0.000301687742065131
"FAM50A",0.996809901701415
"FAM50B",0.979427432848555
"FAM53A",0.00125607320582833
"FAM53B",0.999886925825638
"FAM53C",0.591047083330073
"FAM71A",0.963583854352775
"FAM71B",0.951850835056866
"FAM71C",0.190877922285675
"FAM71D",0.809915814825951
"FAM71E1",0.0514056805158599
"FAM71E2",0.832562243666146
"FAM71F1",0.872643696137525
"FAM71F2",0.525743185894661
"FAM72A",0.538055872784362
"FAM72B",0.994661555572815
"FAM72C",0.364220923014512
"FAM72D",0.609069570880755
"FAM76A",0.261827407185182
"FAM76B",0.133601500147776
"FAM78A",1.93345106674582e-12
"FAM78B",0.00521048478948266
"FAM81A",0.133348087440093
"FAM81B",0.303899118736032
"FAM83A",0.630027824105322
"FAM83B",0.0111403260908073
"FAM83C",0.844635225267362
"FAM83D",0.0559789904906875
"FAM83E",0.0528841707823501
"FAM83F",0.647167372536677
"FAM83G",0.170086679290323
"FAM83H",0.0677468106517059
"FAM84B",NA
"FAM86B1",0.407336119309354
"FAM86B2",0.740264806696056
"FAM86C1",0.88585329145971
"FAM89A",0.673713322234377
"FAM89B",0.773600739202263
"FAM8A1",0.339310967346847
"FAM90A1",0.941083913086544
"FAM90A26",0.93125223924631
"FAM91A1",0.0419826634776456
"FAM92B",0.152797241703354
"FAM98A",0.981541756478326
"FAM98B",0.558589458976178
"FAM98C",0.974827788954345
"FAM9A",0.816147590395515
"FAM9B",0.925020074200866
"FAM9C",0.895122271971531
"FAN1",0.000349527955302677
"FANCA",0.0378986680473693
"FANCB",0.00464031084681182
"FANCC",1.29186363051083e-06
"FANCD2",0.133569589676824
"FANCD2OS",0.748284732018068
"FANCE",0.0424059608522998
"FANCF",0.00121807453539747
"FANCG",0.0113703000275354
"FANCI",0.742578455161432
"FANCL",0.349813312256109
"FANCM",0.0992140470926243
"FANK1",0.593640021643486
"FAP",0.998605772495808
"FAR1",0.998844211690311
"FAR2",0.000701959864466195
"FARP1",0.734049603859927
"FARP2",0.980922413232219
"FARS2",0.895089627598543
"FARSA",0.855302682785216
"FARSB",0.811743152197732
"FAS",0.00291892559896743
"FASLG",0.229753225379384
"FASN",0.551749386648714
"FASTK",0.673099434632868
"FASTKD1",0.258395332754761
"FASTKD2",0.733729623895966
"FASTKD3",0.618862119104077
"FASTKD5",0.999937087982214
"FAT1",0.998726838141794
"FAT2",0.107896657139359
"FAT3",0.808073376327568
"FAT4",0.0082395191017332
"FATE1",0.78686526158686
"FAU",0.995686346160164
"FAXC",0.879051511115922
"FAXDC2",0.729157437660969
"FBF1",0.00260800603222703
"FBL",0.272885229799832
"FBLIM1",0.0317352478245761
"FBLL1",0.172795758635125
"FBLN1",0.0175945586221939
"FBLN2",0.966759333376118
"FBLN5",0.325186561834085
"FBLN7",0.139254467979137
"FBN1",0.889741850645727
"FBN2",0.97864677580722
"FBN3",0.352434443535053
"FBP1",1.70743692572769e-06
"FBP2",0.885054044662506
"FBRS",0.660500156561877
"FBRSL1",0.278000570014881
"FBXL12",0.829973414651398
"FBXL13",0.037079066458356
"FBXL14",0.999997924342986
"FBXL15",0.765885033353801
"FBXL16",0.732044550021286
"FBXL17",0.975433014026537
"FBXL18",0.664693752361954
"FBXL19",0.0293888376349135
"FBXL2",0.000790967305447751
"FBXL20",0.0464636981976187
"FBXL22",0.0325589948883967
"FBXL3",0.963935422317872
"FBXL4",0.559929175725802
"FBXL5",0.996734919569634
"FBXL6",0.284196254781044
"FBXL7",0.736174891414709
"FBXL8",0.802041579359406
"FBXO10",0.912951584632427
"FBXO11",0.120183204060165
"FBXO15",0.00490936609540805
"FBXO16",0.0503825365799055
"FBXO17",0.682570889163669
"FBXO2",0.953821904934384
"FBXO21",0.0909001513810349
"FBXO22",0.820575923380164
"FBXO24",0.0975758422783116
"FBXO25",0.0597300648664068
"FBXO27",0.727239236073603
"FBXO28",0.728235475181698
"FBXO3",0.586056635618007
"FBXO30",0.916696206993759
"FBXO31",0.998994782605959
"FBXO32",0.00130016158106651
"FBXO33",0.996835546672167
"FBXO34",0.113736505404157
"FBXO36",0.765214384864239
"FBXO38",0.906762846800336
"FBXO39",0.923838475731233
"FBXO4",0.718841309717235
"FBXO40",0.971903918224714
"FBXO41",0.10321101942504
"FBXO42",0.0734575532079853
"FBXO43",0.00428501896857166
"FBXO44",0.376809470769774
"FBXO45",0.771354326722773
"FBXO46",0.0407841004405687
"FBXO47",0.942252217413983
"FBXO48",0.729369059452102
"FBXO5",0.655245888818519
"FBXO6",0.908163681893217
"FBXO7",0.348571748316076
"FBXO8",0.260748273490849
"FBXO9",0.999842337994347
"FBXW10",0.105490629665951
"FBXW11",0.999202774342364
"FBXW12",0.0395740433734541
"FBXW2",0.94432146086508
"FBXW4",0.691323723268451
"FBXW5",0.996129838144774
"FBXW7",0.835179078170931
"FBXW8",0.831221791589995
"FBXW9",0.0363919915578615
"FCAMR",0.984768995848852
"FCAR",0.559357010725146
"FCER1A",4.57756384761324e-06
"FCER1G",3.96930833679656e-22
"FCER2",0.608135558152076
"FCF1",0.41911434365227
"FCGBP",3.63487587652477e-12
"FCGR1A",1.17256509952132e-16
"FCGR1B",2.63646841644415e-09
"FCGR2A",1.6965245419203e-18
"FCGR2B",4.14973059280007e-08
"FCGR2C",3.47995260302192e-10
"FCGR3A",2.4070290962195e-22
"FCGR3B",0.195744324253388
"FCGRT",5.4532380913466e-11
"FCHO1",0.70492986175756
"FCHO2",0.17767364431988
"FCHSD1",0.748203649151249
"FCHSD2",0.486733442737637
"FCMR",0.237778720839087
"FCN1",0.171282053338999
"FCN2",0.963473487159372
"FCN3",0.613407397428655
"FCRL1",0.954577996695211
"FCRL2",0.962324109798716
"FCRL3",0.979027961369616
"FCRL4",0.930919341717584
"FCRL5",0.898992539961152
"FCRL6",0.114277803407811
"FCRLA",0.000104288295164366
"FCRLB",0.0020752660154692
"FDCSP",0.0229234631515367
"FDFT1",0.544185995960712
"FDPS",0.991465653272264
"FDX1",0.30947683988106
"FDXACB1",0.866976847039907
"FDXR",0.963866365208114
"FECH",0.83292031474114
"FEM1A",0.122582964905158
"FEM1B",0.582330037591396
"FEM1C",0.00947283691731593
"FEN1",0.0527453563793129
"FER",0.999866600331976
"FER1L5",0.252436907599381
"FER1L6",0.765198335639704
"FERD3L",0.614459927112592
"FERMT1",0.999166847733978
"FERMT2",5.43179244595055e-05
"FERMT3",6.85447732592331e-14
"FES",0.00104168256785235
"FETUB",0.370951806859923
"FEV",0.957383227740501
"FEZ1",0.0317692040505805
"FEZ2",0.0569323277556464
"FEZF1",0.804645002084669
"FEZF2",0.687867666934712
"FFAR1",0.741440412412615
"FFAR2",0.999957815857894
"FFAR3",0.602180820465491
"FFAR4",0.000504869014888234
"FGA",0.977830401463799
"FGB",0.947684022307246
"FGD1",0.402952296125782
"FGD2",1.6227874538497e-07
"FGD3",0.000621491100410968
"FGD4",0.881393136918072
"FGD5",0.94628989265304
"FGD6",0.00715600741417515
"FGF1",0.00132470053556798
"FGF10",0.442946599509211
"FGF11",0.999747639429777
"FGF12",0.845276322484325
"FGF13",0.0534000211366326
"FGF14",0.0710706779336892
"FGF16",0.956742103966322
"FGF17",0.449986254722142
"FGF18",0.91374490072494
"FGF19",0.0934640953397292
"FGF2",0.0480572400028351
"FGF20",0.998781067253282
"FGF21",0.932142391338322
"FGF22",0.203943952343255
"FGF23",0.788092491742063
"FGF3",0.564189282752993
"FGF4",0.440921495196763
"FGF5",0.56939130794738
"FGF6",0.983832560433436
"FGF7",0.773860179259465
"FGF8",0.0318113181267145
"FGF9",0.000125299654961292
"FGFBP1",0.815031518872886
"FGFBP2",0.629902482511862
"FGFBP3",0.997608669821073
"FGFR1",0.806003044035548
"FGFR1OP",0.000521231517805333
"FGFR1OP2",0.654379020059867
"FGFR2",0.03447200885155
"FGFR3",0.895614585811833
"FGFR4",0.0257275318002961
"FGFRL1",0.696119603226413
"FGG",0.979683260838138
"FGGY",0.66478599661073
"FGL1",0.966827088762403
"FGL2",1.01336291683009e-07
"FGR",0.0237370304827314
"FH",0.712423758848092
"FHAD1",0.337609725035667
"FHDC1",0.726838449685943
"FHIT",0.756717155273938
"FHL1",0.683249732042554
"FHL2",0.904751375419869
"FHL3",2.28795181263771e-06
"FHL5",0.97200200654859
"FHOD1",0.788436961900167
"FHOD3",0.0542137279981599
"FIBCD1",0.949354391238956
"FIBIN",0.0758121228883472
"FIBP",0.391835837195292
"FICD",0.00776918415184762
"FIG4",0.941553744389506
"FIGLA",0.83106673311172
"FIGN",0.014376700072211
"FIGNL1",0.131233284881848
"FIGNL2",0.706128785286092
"FILIP1",0.344480769581479
"FILIP1L",0.0804789064496367
"FIP1L1",0.0878777521150697
"FIS1",0.439047252351212
"FITM1",0.386714323564925
"FITM2",0.68906663444737
"FIZ1",0.326151387859862
"FJX1",0.00205970227301698
"FKBP10",0.0156747348024563
"FKBP11",0.694216707932501
"FKBP14",0.226801511760011
"FKBP15",1.52681853567284e-06
"FKBP1A",0.000136212127307294
"FKBP1B",0.784596553872347
"FKBP2",0.351511558692297
"FKBP3",0.796461576028284
"FKBP4",0.0013783231062045
"FKBP5",0.102606228220238
"FKBP6",0.985958975102621
"FKBP7",0.999778097048143
"FKBP8",0.99420494531105
"FKBP9",0.274845614613749
"FKBPL",0.501842318741805
"FKRP",0.962996869379438
"FKTN",0.958918986859467
"FLAD1",0.308343793181092
"FLCN",0.789743318548284
"FLG",0.978139935120088
"FLG2",0.808587523793986
"FLI1",5.51112514667627e-11
"FLII",0.999797307473176
"FLNA",0.695946061016018
"FLNB",0.338547921230563
"FLNC",0.95521616767338
"FLOT1",2.07568521159158e-05
"FLOT2",0.234617741377375
"FLRT1",0.41337387414194
"FLRT2",0.906552155754272
"FLRT3",0.876138900451148
"FLT1",0.962121590191954
"FLT3",0.974758130312282
"FLT3LG",0.000289665490102552
"FLT4",0.766422044227145
"FLVCR1",0.0145661542677811
"FLVCR2",0.00329586496985305
"FLYWCH1",0.935292802844615
"FLYWCH2",0.747303887451285
"FMN1",0.803780755776616
"FMN2",0.984649551757111
"FMNL1",0.00235076096105905
"FMNL2",0.994858587952447
"FMNL3",0.301481779418246
"FMO1",0.840171227171031
"FMO2",0.893569576661181
"FMO3",0.994262092874586
"FMO4",0.649586374978328
"FMO5",0.920310280767713
"FMOD",0.00508015149208989
"FMR1",0.00142088734494989
"FMR1NB",0.95706069782617
"FN1",0.412676139813231
"FN3K",0.999200701799325
"FN3KRP",0.801294435217467
"FNBP1",0.684812645811094
"FNBP1L",7.93923900888426e-06
"FNBP4",0.0109546245008225
"FNDC1",0.872096288534567
"FNDC3A",0.0201838361817827
"FNDC3B",0.00304896680980752
"FNDC4",0.000461205725436682
"FNDC5",0.0335430668643141
"FNDC7",0.301109951986305
"FNDC8",0.730671887810788
"FNDC9",0.994090745105337
"FNIP1",0.993485924050878
"FNIP2",0.834613385958256
"FNTA",0.862840338858677
"FNTB",0.000237102514166811
"FOCAD",0.843148545980187
"FOLH1",0.96511472033011
"FOLH1B",0.889492421341339
"FOLR1",0.535493590117862
"FOLR2",1.09037898416298e-05
"FOLR3",0.998388623988844
"FOPNL",0.797560069058918
"FOS",7.72536248004988e-05
"FOSB",0.333493849938964
"FOSL1",0.000460434859438812
"FOSL2",0.288106375231472
"FOXA1",0.400805249736311
"FOXA2",0.54351544488008
"FOXA3",0.272356112116074
"FOXB1",0.994284639950478
"FOXB2",0.945044821600507
"FOXC1",0.260540315377634
"FOXC2",0.864875750948404
"FOXD1",0.988575575090198
"FOXD2",0.593679582892657
"FOXD3",0.0637025592889429
"FOXD4",0.220203827378765
"FOXD4L1",0.640333861755403
"FOXD4L3",0.215327696405192
"FOXD4L4",0.437466358118723
"FOXD4L5",0.736765888547901
"FOXD4L6",0.472258549570359
"FOXE1",0.191122631362421
"FOXE3",0.606169953801005
"FOXF1",0.974929831337352
"FOXF2",0.826811067822017
"FOXG1",0.99094021962121
"FOXH1",0.562914408433835
"FOXI1",0.927415059931838
"FOXI2",0.725983065776319
"FOXI3",0.0120309768881332
"FOXJ1",0.959885646155825
"FOXJ2",0.952250860642629
"FOXJ3",0.583190093163974
"FOXK1",0.999827645949363
"FOXK2",0.000672739285671634
"FOXL1",0.99445082902442
"FOXL2",0.986429208619845
"FOXL2NB",0.956206384847661
"FOXM1",0.717204550273083
"FOXN1",0.0837880250420297
"FOXN2",0.638501020679153
"FOXN3",0.925061084573202
"FOXN4",0.00434208138825475
"FOXO1",0.464621976400797
"FOXO3",0.928441281324859
"FOXO3B",0.0669057301396795
"FOXO4",0.999592779099473
"FOXO6",0.000491199740432846
"FOXP1",0.978698369879896
"FOXP2",0.00213235592586958
"FOXP3",0.600825714432891
"FOXP4",0.930426767697582
"FOXQ1",0.396565767528174
"FOXR1",0.4195380076556
"FOXR2",0.913602431848525
"FOXRED1",0.00459591741319025
"FOXRED2",0.801305476033112
"FOXS1",0.999550875746575
"FPGS",0.892526662067928
"FPGT",0.978715111032027
"FPGT-TNNI3K",0.954314913542846
"FPR1",6.80096802457275e-14
"FPR2",0.305564691629405
"FPR3",8.75952209873625e-11
"FRA10AC1",0.888591891756621
"FRAS1",0.15844363232314
"FRAT1",0.992573389305181
"FRAT2",0.64522003387477
"FREM1",2.20876512792013e-06
"FREM2",0.243153259023425
"FREM3",0.764304770035732
"FRG1",0.997683601369238
"FRG2",0.950928125110059
"FRG2B",0.883274041570725
"FRG2C",0.731092627620962
"FRK",0.111797195145419
"FRMD1",0.924895020831805
"FRMD3",0.00416299186560622
"FRMD4A",0.632278879845888
"FRMD4B",0.979525137672196
"FRMD5",0.118384517510542
"FRMD6",0.998934199647998
"FRMD7",0.911934211850842
"FRMD8",0.00246311575960934
"FRMPD1",0.861387675105607
"FRMPD2",0.093248531426517
"FRMPD3",0.905598051634433
"FRMPD4",0.0125203084889778
"FRRS1",0.708788228343628
"FRRS1L",0.960170155021735
"FRS2",0.550429260154231
"FRS3",0.00354417884839123
"FRY",0.974579563234574
"FRYL",0.946431156496828
"FRZB",0.784753818383453
"FSBP",0.688801117279064
"FSCB",0.989356884185823
"FSCN1",0.460318719879884
"FSCN2",0.00247091752632299
"FSCN3",0.401170145695
"FSD1",0.969289434337143
"FSD1L",1.20327609506961e-05
"FSD2",0.339635797702858
"FSHB",0.985372330097297
"FSHR",0.688975706111546
"FSIP1",0.536262644819454
"FSIP2",0.391952055763462
"FST",0.660590774077542
"FSTL1",0.934318425726125
"FSTL3",0.950326927808993
"FSTL4",0.00161538146547665
"FSTL5",0.0167122313007812
"FTCD",0.0448622727762425
"FTCD-AS1",0.375061209631411
"FTCDNL1",0.655476517411113
"FTH1",0.0159823867762231
"FTH1P18",0.952397363490505
"FTHL17",0.963336690706172
"FTL",6.79817783972098e-06
"FTMT",0.949331851854166
"FTO",0.872901836968439
"FTSJ1",0.979705394461885
"FTSJ3",0.233377956385193
"FUBP1",8.5032060033951e-05
"FUBP3",0.898502437592693
"FUCA1",0.00107567221755112
"FUCA2",0.16497355114285
"FUK",NA
"FUNDC1",0.983630777617084
"FUNDC2",0.972502242928213
"FUOM",0.0902969668981122
"FURIN",0.111123157581475
"FUS",0.964691677215699
"FUT1",0.283082919528789
"FUT10",0.416648251698594
"FUT11",0.000401552907603512
"FUT2",0.00216559529545144
"FUT3",0.279945732909676
"FUT4",0.964471789491828
"FUT5",0.512383729705532
"FUT6",0.56642365290051
"FUT7",0.371151349709816
"FUT8",0.826004681124321
"FUT9",0.340268684297078
"FUZ",0.0812225596967124
"FXN",0.999992071006457
"FXR1",0.0705494719073652
"FXR2",0.674664811750151
"FXYD1",0.543253479870912
"FXYD2",0.534315780773627
"FXYD3",0.906941919998146
"FXYD4",0.636246716719404
"FXYD5",4.71854948148838e-08
"FXYD6",0.814077886407432
"FXYD6-FXYD2",0.974968635997232
"FXYD7",0.0670870934497721
"FYB1",NA
"FYCO1",0.0317244683657483
"FYN",0.344107341836538
"FYTTD1",0.794943505303692
"FZD1",0.240254142636741
"FZD10",0.236854726797135
"FZD2",0.567901538671861
"FZD3",0.253477405077929
"FZD4",0.707078660601612
"FZD5",0.616872013488838
"FZD6",0.535366343875468
"FZD7",0.135002382451695
"FZD8",0.9987047268376
"FZD9",0.929443091720097
"FZR1",0.135154936529128
"G0S2",0.15077801828643
"G2E3",0.000419914653129846
"G3BP1",0.99624170429753
"G3BP2",0.21812326182296
"G6PC",0.946596936572143
"G6PC2",0.967932014359748
"G6PC3",0.0858835276089622
"G6PD",0.000345669447843716
"GAA",3.04771706078938e-06
"GAB1",0.55275315216354
"GAB2",0.440644705219462
"GAB3",4.94195860447894e-09
"GAB4",0.965520653150053
"GABARAP",0.0134042980001209
"GABARAPL1",0.662399948684769
"GABARAPL2",0.956022399939832
"GABBR1",0.716188963247835
"GABBR2",0.979218523142668
"GABPA",0.865075348157252
"GABPB1",0.0575847470270853
"GABPB2",0.771608419432848
"GABRA1",0.0130266185320074
"GABRA2",0.134253677805731
"GABRA3",0.479415358397323
"GABRA4",0.338862831393423
"GABRA5",0.294317376258414
"GABRA6",0.450713343429963
"GABRB1",0.827973561660055
"GABRB2",0.129383694114225
"GABRB3",0.320750757330481
"GABRD",0.0255071296957013
"GABRE",0.843799434050412
"GABRG1",0.00334260626737587
"GABRG2",0.0159664252057116
"GABRG3",0.86451047256642
"GABRP",0.855120775700662
"GABRQ",0.998797683255645
"GABRR1",0.933477927134555
"GABRR2",0.4618454531247
"GABRR3",0.854866215041163
"GAD1",0.39560844983185
"GAD2",0.1271153907451
"GADD45A",0.000236867696392739
"GADD45B",5.54131993143894e-06
"GADD45G",0.00119966272923205
"GADD45GIP1",0.86140881518728
"GADL1",0.810110987567569
"GAGE1",0.940276447110069
"GAGE10",0.860416906188196
"GAGE12B",0.974535878726499
"GAGE12C",0.962027525860423
"GAGE12D",0.962027525860423
"GAGE12E",0.988182491582429
"GAGE12F",0.962027525860423
"GAGE12G",0.962027525860423
"GAGE12H",0.972536273349429
"GAGE12J",0.971789137872232
"GAGE13",0.9644895045778
"GAGE2A",0.999792267133213
"GAGE2E",0.954067599233149
"GAK",0.873419585408883
"GAL",0.90659011677874
"GAL3ST1",0.321021070723972
"GAL3ST2",0.964248660460233
"GAL3ST3",0.720205384829603
"GAL3ST4",6.53284856646128e-11
"GALC",0.0121827190084465
"GALE",0.969782311990011
"GALK1",0.039829639139805
"GALK2",0.117389351057518
"GALM",0.355899723768635
"GALNS",0.800167723823941
"GALNT1",0.99279474820911
"GALNT10",0.00332017028913546
"GALNT11",0.989895563423524
"GALNT12",0.807916616233365
"GALNT13",0.718588179645032
"GALNT14",0.111470025160294
"GALNT15",0.178359130787231
"GALNT16",0.996716060154591
"GALNT18",0.971777700397687
"GALNT2",0.00401511559962302
"GALNT3",0.158866424950995
"GALNT4",0.64045424536251
"GALNT5",0.000295585009130319
"GALNT6",0.72601094813552
"GALNT7",0.0223004238601678
"GALNT8",0.958679983494897
"GALNT9",0.09787435326187
"GALNTL5",0.55719533377119
"GALNTL6",0.0124034914689011
"GALP",0.899140180744174
"GALR1",0.0300502446843641
"GALR2",0.860321358507922
"GALR3",0.0390784819199853
"GALT",0.871361906755954
"GAMT",0.920459811983875
"GAN",0.238552791858707
"GANAB",0.33437660015127
"GANC",0.959142179791337
"GAP43",5.02477578486175e-07
"GAPDH",0.164634487427275
"GAPDHS",0.961712107414294
"GAPT",1.24120298625491e-11
"GAPVD1",0.995634951781387
"GAR1",0.993202804914337
"GARNL3",0.00463738934054979
"GARS",0.988007993942771
"GART",0.999859806146321
"GAS1",0.968436703020678
"GAS2",0.977958978118568
"GAS2L1",0.942009194933926
"GAS2L2",0.0553126064751649
"GAS2L3",0.993848185378568
"GAS6",0.896681313189908
"GAS7",0.396990983571274
"GAS8",0.449242044779581
"GAST",0.854208829759374
"GATA1",0.687612375788188
"GATA2",0.898267528913687
"GATA3",0.966572131060551
"GATA4",0.983649004906876
"GATA5",0.745294076378203
"GATA6",0.995243064705866
"GATAD1",0.632138409226017
"GATAD2A",0.250700647486535
"GATAD2B",0.304899548903765
"GATB",0.811360484584353
"GATC",0.984443660297534
"GATD1",NA
"GATD3B",NA
"GATM",0.00474273689209933
"GBA",5.27092868007771e-11
"GBA2",0.565769156875271
"GBA3",0.484573476280263
"GBE1",0.243100688983677
"GBF1",0.695914935089347
"GBGT1",7.78486230908141e-09
"GBP1",0.00352789352418959
"GBP2",9.19463455946489e-13
"GBP3",0.000231341457866973
"GBP4",9.52985956375842e-06
"GBP5",0.012618168418389
"GBP6",0.116413354369888
"GBP7",0.92970582770584
"GBX1",0.421952710736264
"GBX2",0.279712200232422
"GC",0.986950851138033
"GCA",0.986039320456756
"GCAT",0.958455400673331
"GCC1",0.939530361215455
"GCC2",0.832506989667014
"GCDH",0.988616967699519
"GCFC2",0.0156642271850089
"GCG",0.86728392935407
"GCGR",0.459816161634598
"GCH1",0.964816896422654
"GCHFR",0.380200778873386
"GCK",0.998175857727255
"GCKR",0.0241584542392619
"GCLC",0.92772362570478
"GCLM",0.997243069308693
"GCM1",0.897141578505082
"GCM2",0.575133293362783
"GCN1",NA
"GCNT1",0.920616591170109
"GCNT2",0.770449518596558
"GCNT3",0.663874666590111
"GCNT4",0.581735004501093
"GCNT7",0.870727597879113
"GCOM1",0.63653018863933
"GCSAM",0.667691181336649
"GCSAML",0.666469398706425
"GCSH",0.95759629435207
"GDA",0.709381077413444
"GDAP1",0.150585363080129
"GDAP1L1",0.126716502866153
"GDAP2",0.73751412285716
"GDE1",0.0788965825826759
"GDF1",0.786801591335606
"GDF10",0.850293019290233
"GDF11",0.569724501194402
"GDF15",0.0208386683184845
"GDF2",0.739294039059999
"GDF3",0.932806710718978
"GDF5",0.970619425255113
"GDF6",0.745799122127089
"GDF7",0.342722686935548
"GDF9",0.117087879584171
"GDI1",0.999994720828428
"GDI2",0.417452168328779
"GDNF",0.0062445578622609
"GDPD1",0.25974997522565
"GDPD2",0.967780893645818
"GDPD3",0.133872323889456
"GDPD4",0.984044104087771
"GDPD5",0.286683882225312
"GDPGP1",0.999979397756626
"GEM",0.999989290143459
"GEMIN2",0.124945416929082
"GEMIN4",0.287613469993276
"GEMIN5",0.120556573674459
"GEMIN6",0.845995410238749
"GEMIN7",0.970047810441399
"GEMIN8",0.238756154138649
"GEN1",0.134520536834786
"GET4",0.218549972371137
"GFAP",0.319414246780654
"GFER",0.993011192587799
"GFI1",0.870157176936647
"GFI1B",0.801652451881437
"GFM1",0.366209439884846
"GFM2",0.678987347678104
"GFOD1",0.997917297946732
"GFOD2",0.000976249838780591
"GFPT1",0.812977710185205
"GFPT2",0.462343684420163
"GFRA1",0.13035929422775
"GFRA2",0.981802031180834
"GFRA3",0.894201962924928
"GFRA4",0.939428199226579
"GFRAL",0.941664074333001
"GFY",0.660583972717665
"GGA1",0.90648478976264
"GGA2",0.991468155030397
"GGA3",0.773503687658825
"GGACT",0.327282047714892
"GGCT",0.953911498415116
"GGCX",0.699859446208822
"GGH",0.0127101122719649
"GGN",0.00229201418677774
"GGNBP2",0.930682336965151
"GGPS1",0.513550724429616
"GGT1",0.933229698563148
"GGT2",0.912010758014872
"GGT5",1.07165689987491e-05
"GGT6",0.0484106527633769
"GGT7",0.661013798860117
"GGTLC1",0.964555768163435
"GGTLC2",0.5157493366341
"GGTLC3",0.676326182162407
"GH1",0.999624976111659
"GH2",0.996749913625611
"GHDC",0.000681399914074125
"GHITM",0.95897200631843
"GHR",0.341502477653215
"GHRH",0.58786881630358
"GHRHR",0.828940557267151
"GHRL",0.582546577990609
"GHSR",0.96793587603236
"GID4",0.966461290681384
"GID8",0.00256455690463709
"GIGYF1",0.00179718962947495
"GIGYF2",0.0685698266942772
"GIMAP1",2.49457346916396e-10
"GIMAP1-GIMAP5",2.78835305484616e-09
"GIMAP2",1.81613021586074e-12
"GIMAP4",2.47598129831778e-16
"GIMAP5",0.0236100369013214
"GIMAP6",1.28404722662863e-14
"GIMAP7",4.97681391534037e-08
"GIMAP8",5.99679744444253e-11
"GIMD1",0.947863684569511
"GIN1",0.668226931194068
"GINM1",0.00804518564548296
"GINS1",0.119979231701471
"GINS2",0.00216383525199889
"GINS3",0.859470772034473
"GINS4",0.297161218455198
"GIP",0.999897332470862
"GIPC1",0.0375311564899892
"GIPC2",0.450153869756059
"GIPC3",0.259842151219024
"GIPR",0.0817962249865586
"GIT1",0.0257337238922457
"GIT2",0.00402839205824062
"GJA1",0.908004500764042
"GJA10",0.950975919725982
"GJA3",0.68053382220831
"GJA4",0.0412454676536327
"GJA5",0.436671493162404
"GJA8",0.882700888961593
"GJA9",0.1811145589832
"GJB1",0.864574775074505
"GJB2",0.87199417417628
"GJB3",0.107940898665502
"GJB4",0.380267733709658
"GJB5",0.00654366756920075
"GJB6",0.00101901236059553
"GJB7",0.608326009691111
"GJC1",0.166121626676661
"GJC2",0.217055170626487
"GJC3",0.633360282644446
"GJD2",0.406091508910447
"GJD3",0.999998873695812
"GJD4",0.737350149573298
"GJE1",0.885800713129568
"GK",0.607071678212593
"GK2",0.720388742170456
"GK5",0.0614591187598647
"GKAP1",0.00070448090042028
"GKN1",0.960734345792203
"GKN2",0.943594809727051
"GLA",0.918157996519882
"GLB1",0.0217432404203296
"GLB1L",0.49357423635935
"GLB1L2",0.00840951750633139
"GLB1L3",0.757737440805724
"GLCCI1",0.371578377555032
"GLCE",0.222174226992509
"GLDC",0.000224380141325567
"GLDN",0.706578923971246
"GLE1",0.844710708836127
"GLG1",0.468550477867604
"GLI1",0.132837525606741
"GLI2",0.0380323082682935
"GLI3",0.53804958442503
"GLI4",0.283707941352973
"GLIPR1",3.0836322554601e-13
"GLIPR1L1",0.678011355808981
"GLIPR1L2",0.999966314412589
"GLIPR2",0.1974706695173
"GLIS1",0.961037323244342
"GLIS2",0.62802407129299
"GLIS3",0.0769185641279112
"GLMN",0.255480440531664
"GLMP",0.000544251912750902
"GLO1",0.997867509912577
"GLOD4",0.843871981345532
"GLOD5",0.39298193698795
"GLP1R",0.230480718832157
"GLP2R",0.342716122337602
"GLRA1",0.222557061012749
"GLRA2",0.0721730365075157
"GLRA3",0.424064106851117
"GLRA4",0.10744157429561
"GLRB",0.522477501134394
"GLRX",1.43265197148117e-08
"GLRX2",0.281824215850513
"GLRX3",0.958421997806471
"GLRX5",0.950697255717937
"GLS",0.82633357048104
"GLS2",0.0110103241424854
"GLT1D1",0.526209901534388
"GLT6D1",0.91854342437513
"GLT8D1",0.808532957567835
"GLT8D2",0.859321408220816
"GLTP",0.239418286094178
"GLTPD2",0.957925527558436
"GLUD1",0.999860744079614
"GLUD2",1.72338912772736e-05
"GLUL",0.053094841030225
"GLYAT",0.835522768907854
"GLYATL1",0.910103099679277
"GLYATL2",0.751644454250385
"GLYATL3",0.930607239798312
"GLYCTK",0.419036551288025
"GLYR1",0.726165583599458
"GM2A",0.000813622879281853
"GMCL1",0.000545969383331323
"GMDS",0.512047736254879
"GMEB1",0.258462075512982
"GMEB2",0.293512980600454
"GMFB",0.0362855044308139
"GMFG",1.48318439952981e-17
"GMIP",0.00167697217292713
"GML",0.949314876558807
"GMNC",0.437260103395209
"GMNN",0.532969122049409
"GMPPA",0.11113945027921
"GMPPB",0.998937591025919
"GMPR",0.07929412794306
"GMPR2",0.979727548276441
"GMPS",0.41973406888079
"GNA11",0.967970985228186
"GNA12",2.12831238488922e-08
"GNA13",0.998670913749783
"GNA14",0.024634391084076
"GNA15",1.78043893598875e-08
"GNAI1",0.315405141948976
"GNAI2",5.25123220244215e-05
"GNAI3",0.99985799094552
"GNAL",0.998611372250703
"GNAO1",0.999057147648199
"GNAQ",0.515683164204266
"GNAS",0.741130428701573
"GNAT1",0.605278124739415
"GNAT2",0.922954065357129
"GNAT3",0.992530319508638
"GNAZ",0.0762508039878852
"GNB1",0.998061144526627
"GNB1L",0.8762412836257
"GNB2",0.324664999639488
"GNB3",0.0866085554097915
"GNB4",1.51520698760429e-05
"GNB5",0.015200597537024
"GNE",0.999951259290428
"GNG10",0.0678182310590768
"GNG11",0.936790786922615
"GNG12",0.000111414358645226
"GNG13",0.38106621657527
"GNG2",0.132874979051502
"GNG3",0.866547690309849
"GNG4",0.00306969871191199
"GNG5",0.0213508134084103
"GNG7",0.00142723183086781
"GNG8",0.997569998370559
"GNGT1",0.817700288541823
"GNGT2",0.0306478945731972
"GNL1",0.9380819715629
"GNL2",0.873288890636647
"GNL3",0.371519789159613
"GNL3L",0.877092548747241
"GNLY",0.00701264378514976
"GNMT",0.788760209661955
"GNPAT",0.803100207785678
"GNPDA1",0.44257585589762
"GNPDA2",0.994455417041913
"GNPNAT1",0.938191317390893
"GNPTAB",0.307375096019823
"GNPTG",0.00133273783378707
"GNRH1",0.17426872247226
"GNRH2",0.468161953732085
"GNRHR",0.714537528609583
"GNS",0.0002307629447924
"GOLGA1",0.308893625625273
"GOLGA2",0.877454551763585
"GOLGA3",0.990680939386314
"GOLGA4",0.918442147496312
"GOLGA5",0.989082928924565
"GOLGA6A",0.392476153833751
"GOLGA6B",0.584407894426724
"GOLGA6C",0.787667989300953
"GOLGA6D",0.91980216468961
"GOLGA6L1",0.925278462435098
"GOLGA6L10",0.00276205864034115
"GOLGA6L2",0.805123517449688
"GOLGA6L22",0.944144712426751
"GOLGA6L3",0.811715057654756
"GOLGA6L4",0.106870306189797
"GOLGA6L6",0.938198649887361
"GOLGA6L9",0.000235355079216413
"GOLGA7",0.81857952549695
"GOLGA7B",0.0192382762105
"GOLGA8A",0.03130120717641
"GOLGA8B",0.0121152058701408
"GOLGA8F",0.965744866842153
"GOLGA8G",0.939523255335104
"GOLGA8H",0.320659595714867
"GOLGA8J",0.412051666784636
"GOLGA8K",0.262940802341747
"GOLGA8M",0.830338075130595
"GOLGA8N",0.797005247811716
"GOLGA8O",0.994297185556892
"GOLGA8Q",0.7141769009175
"GOLGA8R",0.930900013213891
"GOLGA8S",0.838749885117823
"GOLGA8T",0.437024980357403
"GOLGB1",0.887409274677453
"GOLIM4",0.548490696741807
"GOLM1",0.5869529590454
"GOLPH3",0.167522335445431
"GOLPH3L",0.966838963595587
"GOLT1A",0.162124555729807
"GOLT1B",0.00770458912865729
"GON4L",0.0107129614793101
"GON7",NA
"GOPC",0.857328299761561
"GORAB",0.936365008397421
"GORASP1",0.991174105660472
"GORASP2",0.673153423410225
"GOSR1",0.525363211241962
"GOSR2",0.982834463831947
"GOT1",0.741660158438124
"GOT1L1",0.926385482259117
"GOT2",0.908949600100274
"GP1BA",0.53097569469096
"GP1BB",0.0277025433937188
"GP2",0.978868014569643
"GP5",0.985972532742197
"GP6",0.590272378773564
"GP9",0.832714313870832
"GPA33",0.756845312402687
"GPAA1",0.364248498567986
"GPALPP1",0.0233755119595323
"GPAM",0.993552496699046
"GPANK1",0.994266815416734
"GPAT2",0.999601456696567
"GPATCH1",0.36626872829409
"GPATCH11",0.608323443572367
"GPATCH2",0.29149332042477
"GPATCH2L",0.997500431167235
"GPATCH3",0.823872097923939
"GPATCH4",0.998104601773793
"GPATCH8",0.024691252660499
"GPBAR1",0.922301573951068
"GPBP1",0.0360013802578911
"GPBP1L1",0.905933100926289
"GPC1",0.480875966728503
"GPC2",0.627555601047193
"GPC3",0.892929667621797
"GPC4",0.983120766206067
"GPC5",0.015602859374492
"GPC6",0.987492516311904
"GPCPD1",0.957617349638865
"GPD1",0.9633434835306
"GPD1L",0.798742030508151
"GPD2",0.161408113043358
"GPER1",0.332031471431915
"GPHA2",0.231992839312938
"GPHB5",0.921998763383103
"GPHN",0.507248500686596
"GPI",0.989477003260273
"GPIHBP1",0.941541629652229
"GPKOW",0.943520897662247
"GPLD1",0.000172273554490611
"GPM6A",0.85529259634824
"GPM6B",0.202130572461384
"GPN1",0.991243332620473
"GPN2",0.939778256502803
"GPN3",0.802150995341477
"GPNMB",8.15367447759863e-05
"GPR1",0.981624502056203
"GPR101",0.658283760769738
"GPR107",0.645974661357913
"GPR108",0.29274475995982
"GPR119",0.950101423570338
"GPR12",0.111581189820768
"GPR132",2.55287010687518e-09
"GPR135",0.000537204216128673
"GPR137",0.660688263341043
"GPR137B",0.266945887980386
"GPR137C",0.052689425233549
"GPR139",0.98060100959989
"GPR141",3.63090247660681e-09
"GPR142",0.666911722092735
"GPR143",0.211170775823697
"GPR146",0.999877449337377
"GPR148",0.462299799745067
"GPR149",0.645912176085834
"GPR15",0.771586374266096
"GPR150",0.961384759539387
"GPR151",0.709672222929308
"GPR152",0.952116975782291
"GPR153",0.999916874499641
"GPR155",0.057256324158747
"GPR156",0.192616828221992
"GPR157",0.987519199798307
"GPR158",0.378772038351498
"GPR160",0.563106738366539
"GPR161",0.0361632930263144
"GPR162",0.940094810517623
"GPR17",0.748782268755569
"GPR171",0.0819040948305389
"GPR173",0.99999979145103
"GPR174",0.638184580576923
"GPR176",0.370443171204825
"GPR179",0.617387888526723
"GPR18",0.98084272566466
"GPR180",0.974497466901651
"GPR182",0.109719967282611
"GPR183",3.24891116816557e-07
"GPR19",0.867146573834454
"GPR20",0.999495850290428
"GPR21",0.431177229023413
"GPR22",0.116174675790217
"GPR25",0.983191281744106
"GPR26",0.386033833087734
"GPR27",0.93586634682467
"GPR3",0.0196879429413012
"GPR31",0.990837839658158
"GPR32",0.861407334455995
"GPR33",0.999999491953849
"GPR34",4.01286697696367e-09
"GPR35",0.967096682847199
"GPR37",0.923969541479436
"GPR37L1",0.493559679559599
"GPR39",0.989897101889307
"GPR4",0.426508198170579
"GPR42",0.985618579897784
"GPR45",0.560021558882874
"GPR50",0.775227914556922
"GPR52",0.0870621327173551
"GPR55",0.415774526261514
"GPR6",0.647090691870444
"GPR61",0.0513103884246313
"GPR62",0.0409753677692599
"GPR63",0.0233636814169871
"GPR65",1.46980959060956e-18
"GPR68",0.00350289656239217
"GPR75",0.0535926277379326
"GPR75-ASB3",0.734419423794278
"GPR78",0.468847353146425
"GPR82",0.000779399181837036
"GPR83",0.129669149793556
"GPR84",0.000425619396582448
"GPR85",0.643038171721187
"GPR87",0.0696540034718531
"GPR88",0.873472639078943
"GPR89A",0.587098279798522
"GPR89B",0.559774000311664
"GPRASP1",0.877655184631688
"GPRASP2",0.213588793615171
"GPRC5A",0.219093475462966
"GPRC5B",0.0073382509221168
"GPRC5C",0.270332169649516
"GPRC5D",0.712630655553553
"GPRC6A",0.944547248337898
"GPRIN1",0.452280721528451
"GPRIN2",0.00629448783657233
"GPRIN3",0.726095869867964
"GPS1",0.338857609939645
"GPS2",0.983191753828245
"GPSM1",0.134452616330669
"GPSM2",0.939179867479621
"GPSM3",2.05262703438172e-16
"GPT",0.24033064546935
"GPT2",0.988392116374402
"GPX1",2.73012964161867e-11
"GPX2",0.0477306430640719
"GPX3",0.00631298365551719
"GPX4",0.969296132299375
"GPX5",0.912675395886522
"GPX6",0.953854828987788
"GPX7",0.927822034735303
"GPX8",0.995880234585307
"GRAMD1A",0.985687149441645
"GRAMD1B",0.99972620433011
"GRAMD1C",0.694797339812711
"GRAMD2B",NA
"GRAMD4",0.693501732971103
"GRAP",0.139197494579213
"GRAP2",0.219395618685536
"GRAPL",0.776518926679184
"GRASP",0.825231757494921
"GRB10",0.422274771390566
"GRB14",0.673003993818825
"GRB2",0.00718151400990282
"GRB7",0.00290967813277168
"GREB1",0.0821424276294646
"GREB1L",0.00042096323038943
"GREM1",0.983213779596554
"GREM2",0.0717364286153397
"GRHL1",0.0018887939027
"GRHL2",0.000687454585414585
"GRHL3",0.927205331421855
"GRHPR",0.989851758124324
"GRIA1",0.30365452608966
"GRIA2",0.215237659216692
"GRIA3",0.000921564841678093
"GRIA4",0.860716093937736
"GRID1",0.000888420863883223
"GRID2",0.955092907771957
"GRID2IP",0.883177585805304
"GRIFIN",0.213897299565126
"GRIK1",0.826059652495968
"GRIK2",0.963238203319288
"GRIK3",0.000147167484458212
"GRIK4",0.97347497637945
"GRIK5",0.777428403834207
"GRIN1",0.0242744740275642
"GRIN2A",0.323512065019435
"GRIN2B",0.988135170672636
"GRIN2C",0.0709180691968409
"GRIN2D",0.999918915964602
"GRIN3A",0.1112407967015
"GRIN3B",0.123782697940442
"GRINA",0.044127652312347
"GRIP1",3.75526596017545e-06
"GRIP2",0.381266011176584
"GRIPAP1",0.357832956083738
"GRK1",0.339680954499067
"GRK2",NA
"GRK4",0.866813998456283
"GRK5",0.994187978544736
"GRK6",0.0460302460782699
"GRK7",0.875007744285177
"GRM1",0.00552504579488224
"GRM2",0.00991808258155742
"GRM3",0.337309526124326
"GRM4",0.0542574926751969
"GRM5",0.368759216566513
"GRM6",0.000524799787200118
"GRM7",0.637231792560792
"GRM8",0.116377393946266
"GRN",3.26561783073467e-06
"GRP",0.999987061758292
"GRPEL1",0.907215203792439
"GRPEL2",0.00200008156138946
"GRPR",0.894100057588803
"GRSF1",0.374432935710428
"GRTP1",0.00312728094199416
"GRWD1",0.965046777298682
"GRXCR1",0.928390345038215
"GRXCR2",0.899665635272842
"GSAP",2.68708041616767e-05
"GSC",0.999962355077765
"GSC2",0.855075967750523
"GSDMA",0.097581404551122
"GSDMB",0.00153011822794306
"GSDMC",0.42025584323917
"GSDMD",0.0569875733447132
"GSDME",NA
"GSE1",1.94639232239822e-05
"GSG1",0.698196154519095
"GSG1L",0.878361346394724
"GSK3A",0.0730233961307384
"GSK3B",0.842545808046383
"GSKIP",0.999843771468298
"GSN",0.0130183074258754
"GSPT1",0.942065315445863
"GSPT2",0.920602808451026
"GSR",0.876252979926945
"GSS",0.189641827446445
"GSTA1",0.853790194563438
"GSTA2",0.959909059259447
"GSTA3",0.708938750206957
"GSTA4",0.628621747061944
"GSTA5",0.957969475729844
"GSTCD",0.962151605303636
"GSTK1",0.000206675708716017
"GSTM1",0.986363142942241
"GSTM2",0.994476952131747
"GSTM3",0.995190142761417
"GSTM4",0.0803321779164741
"GSTM5",0.990114497807368
"GSTO1",0.00575053518780324
"GSTO2",0.859226779735505
"GSTP1",0.995924358549422
"GSTT1",NA
"GSTT2",0.719091194696066
"GSTT2B",0.0239487685378023
"GSTZ1",0.99828595264174
"GSX1",0.936077914890817
"GSX2",0.979691007383414
"GTDC1",0.840330515214694
"GTF2A1",0.892803478568713
"GTF2A1L",0.985003501651684
"GTF2A2",0.968134841776989
"GTF2B",0.914369798103774
"GTF2E1",0.596537669540589
"GTF2E2",0.986506676671524
"GTF2F1",0.0979185188758425
"GTF2F2",0.959144742278753
"GTF2H1",0.918600584934024
"GTF2H2",0.935510136572724
"GTF2H2C",0.834285893365993
"GTF2H3",0.731822568824313
"GTF2H4",0.980433538229927
"GTF2H5",0.893245714206064
"GTF2I",0.00741254562179549
"GTF2IRD1",0.00925114209938667
"GTF2IRD2",0.00849877490263835
"GTF2IRD2B",0.00128682818282751
"GTF3A",0.0817047185034892
"GTF3C1",0.460528529504726
"GTF3C2",0.47983745224907
"GTF3C3",0.0776228423487705
"GTF3C4",0.0082217065227761
"GTF3C5",0.0548135046018595
"GTF3C6",0.379874438578209
"GTPBP1",0.000441223298802818
"GTPBP10",0.980389691979963
"GTPBP2",0.867274443993392
"GTPBP3",0.298118170464493
"GTPBP4",0.537250726544208
"GTPBP6",0.90987371095339
"GTPBP8",0.981289489869266
"GTSE1",0.474838554735775
"GTSF1",0.360547104148361
"GTSF1L",0.975376083786864
"GUCA1A",0.984420161086099
"GUCA1B",0.151372238892603
"GUCA1C",0.740716423197569
"GUCA2A",0.829781576126666
"GUCA2B",0.953217530071102
"GUCD1",0.0498356100480104
"GUCY1A1",NA
"GUCY1A2",0.02182726335266
"GUCY1B1",NA
"GUCY2C",0.670513901689468
"GUCY2D",0.467926491934967
"GUCY2F",0.883826306993039
"GUF1",0.386196563990723
"GUK1",0.774888107903684
"GULP1",0.0717399926580362
"GUSB",0.50716986829042
"GVQW1",0.152870701895143
"GXYLT1",0.997913137924978
"GXYLT2",0.677762652695436
"GYG1",0.0241591414532743
"GYG2",0.975171027570046
"GYPA",0.700990033421739
"GYPB",0.854833826995238
"GYPC",4.10595036079279e-09
"GYPE",0.987069624892923
"GYS1",0.997296159630509
"GYS2",0.908323712016485
"GZF1",0.951210647364243
"GZMA",1.90729133828018e-06
"GZMB",0.680080112899628
"GZMH",6.66052209638972e-05
"GZMK",0.0034120561238166
"GZMM",0.45833323984729
"H1F0",0.994579018336968
"H1FNT",0.365517818288182
"H1FOO",0.717460025638925
"H1FX",0.0610128154132492
"H2AFB1",0.663235937749232
"H2AFB2",0.887751317190766
"H2AFB3",0.553796538578913
"H2AFJ",0.996502438143004
"H2AFV",0.999999963021019
"H2AFX",0.754203202774774
"H2AFY",0.0614472005596162
"H2AFY2",0.0396746018753793
"H2AFZ",0.514253395819067
"H2BFM",0.886969252567081
"H2BFS",0.861131491532382
"H2BFWT",0.877303829175133
"H3F3A",0.157278987044174
"H3F3B",0.999919554179541
"H3F3C",0.96430536141285
"H6PD",0.0379921092545779
"HAAO",0.596139404320525
"HABP2",0.928480603350152
"HABP4",0.648090451196669
"HACD1",0.965563381919937
"HACD2",0.998487265071449
"HACD3",0.978932615206088
"HACD4",0.606710713445054
"HACE1",0.100754025132181
"HACL1",0.00971907313739705
"HADH",0.757657329760595
"HADHA",0.916884918510656
"HADHB",0.413006780954775
"HAGH",0.961654013629084
"HAGHL",0.993118753895064
"HAL",0.964940331841288
"HAMP",1.5849546734744e-11
"HAND1",0.765711659284694
"HAND2",0.896320599734961
"HAO1",0.842368128832885
"HAO2",0.858119659187118
"HAP1",6.9409985917956e-07
"HAPLN1",0.934530087888296
"HAPLN2",0.99851818363044
"HAPLN3",0.716689243036126
"HAPLN4",0.958353256981765
"HARBI1",0.950807628308895
"HARS",0.990631835382988
"HARS2",0.144424963186069
"HAS1",0.642021717900894
"HAS2",0.0242904564022244
"HAS3",0.637395038371819
"HAT1",0.93818452724043
"HAUS1",0.575361852768954
"HAUS2",0.727565053462577
"HAUS3",0.110782470688526
"HAUS4",0.984216648478547
"HAUS5",0.00648167427001143
"HAUS6",0.845953905691888
"HAUS7",0.897733784507037
"HAUS8",0.741604820800175
"HAVCR1",0.870097943384082
"HAVCR2",2.83794665317529e-23
"HAX1",0.99755478635103
"HBA1",0.871195221027056
"HBA2",0.780927019726801
"HBB",0.846607706401372
"HBD",0.97019138201869
"HBE1",0.869913937805219
"HBEGF",0.00216512781126822
"HBG1",0.981601179621315
"HBG2",0.978403929712903
"HBM",0.98860506758403
"HBP1",0.667413838115542
"HBQ1",0.268033746453989
"HBS1L",0.406421979198531
"HBZ",0.164997753042635
"HCAR1",0.776988363072884
"HCAR2",0.804018548100278
"HCAR3",0.843905840576938
"HCCS",0.630430812663355
"HCFC1",0.728212569534462
"HCFC1R1",0.982909726682645
"HCFC2",0.458704061980394
"HCG22",0.642726092509946
"HCK",2.11271977785422e-14
"HCLS1",1.29703689998977e-14
"HCN1",0.0297305704561438
"HCN2",0.968801799962086
"HCN3",7.24457043603554e-05
"HCN4",0.483349625778126
"HCRT",0.810655055853408
"HCRTR1",0.345939742852984
"HCRTR2",0.967870027119177
"HCST",5.41148684433327e-17
"HDAC1",0.806417478879666
"HDAC10",0.835155128470173
"HDAC11",0.875833985589353
"HDAC2",0.0641443668464326
"HDAC3",0.400719622162704
"HDAC4",0.436302912734269
"HDAC5",0.195820096139864
"HDAC6",0.49670777138804
"HDAC7",0.0971241288686182
"HDAC8",0.99434408121615
"HDAC9",0.938685636830157
"HDC",0.11977256977785
"HDDC2",0.750679767156811
"HDDC3",0.99374491872745
"HDGF",0.00392604645246493
"HDGFL1",0.77582241604917
"HDGFL2",NA
"HDGFL3",NA
"HDHD2",0.867038253430787
"HDHD3",0.995391858664025
"HDHD5",NA
"HDLBP",0.904758972271118
"HDX",0.469855965239892
"HEATR1",0.778150815168383
"HEATR3",0.392273872829902
"HEATR4",0.000280450605837937
"HEATR5A",0.964300152444253
"HEATR5B",0.383931274894713
"HEATR6",0.14164776046327
"HEATR9",0.729705977908204
"HEBP1",0.235007393720127
"HEBP2",0.919338659620767
"HECA",0.667443275114673
"HECTD1",0.00222195421232237
"HECTD2",0.994971283865824
"HECTD3",0.999701744303344
"HECTD4",0.00168692533469101
"HECW1",0.320599543944169
"HECW2",0.0127701439074757
"HEG1",0.186782576782924
"HELB",0.995724998114077
"HELLS",0.164948810720442
"HELQ",0.996161886840333
"HELT",0.856706222761842
"HELZ",0.993190504910012
"HELZ2",0.539442357053553
"HEMGN",0.878094924268831
"HEMK1",0.113117844686962
"HENMT1",0.992601243558556
"HEPACAM",0.507419477307878
"HEPACAM2",0.988493127243558
"HEPH",0.70140493711497
"HEPHL1",0.283280396214122
"HEPN1",0.533065075097894
"HERC1",0.00771706611766861
"HERC2",0.0176878796077942
"HERC3",0.793357780994591
"HERC4",0.936233096413844
"HERC5",0.0140413804746979
"HERC6",0.0143497769711958
"HERPUD1",0.0203700900443843
"HERPUD2",0.725325900691915
"HES1",0.962338497288066
"HES2",0.08281882559652
"HES3",0.747895103377213
"HES4",0.85077217091672
"HES5",0.0756345190982286
"HES6",0.00195765975812923
"HES7",0.533367203418344
"HESX1",0.970333212890972
"HEXA",3.22152884165551e-08
"HEXB",4.7894506019755e-05
"HEXIM1",0.388035274221657
"HEXIM2",0.482304738242631
"HEY1",0.0807045486353117
"HEY2",0.246855314703323
"HEYL",0.995130703028898
"HFE",0.00536678865174772
"HFM1",0.0268601507499016
"HGD",0.83897665838578
"HGF",1.10669517218361e-09
"HGFAC",0.00292577098773772
"HGH1",0.965415729565919
"HGS",0.556438282089833
"HGSNAT",0.777376667747342
"HHAT",0.0796508332030951
"HHATL",0.301173531208515
"HHEX",1.65596765185305e-08
"HHIP",0.0180615808841776
"HHIPL1",0.984730270622175
"HHIPL2",0.448300387801855
"HHLA1",0.88896619937462
"HHLA2",0.328477052024436
"HHLA3",0.489362013257082
"HIBADH",0.778340465270671
"HIBCH",0.26554526429763
"HIC1",0.0133776770074425
"HIC2",0.00131681376944675
"HID1",0.0503021001842469
"HIF1A",0.0101173294089021
"HIF1AN",0.0992575615343063
"HIF3A",0.00835830567561805
"HIGD1A",0.465132663731277
"HIGD1B",0.956750422622017
"HIGD1C",0.983276842671396
"HIGD2A",0.738333584891073
"HIGD2B",0.801848698053816
"HIKESHI",NA
"HILPDA",0.829100987969622
"HINFP",0.0159293420536738
"HINT1",0.903680551066626
"HINT2",0.971003160406051
"HINT3",0.885925390898852
"HIP1",0.00709093499088945
"HIP1R",0.997993413255426
"HIPK1",0.479879644207516
"HIPK2",0.921595066640316
"HIPK3",0.834569753352509
"HIPK4",0.0693373951396869
"HIRA",0.989017399912896
"HIRIP3",0.89265682289906
"HIST1H1A",0.91427437710499
"HIST1H1B",0.841223015470884
"HIST1H1C",0.860784123917836
"HIST1H1D",0.770007842329631
"HIST1H1E",0.913976703764391
"HIST1H1T",0.102424651396266
"HIST1H2AA",0.890220572784217
"HIST1H2AB",0.991716468734713
"HIST1H2AC",0.649587903456044
"HIST1H2AD",0.657105491495469
"HIST1H2AE",0.2062542295888
"HIST1H2AG",0.580674437382805
"HIST1H2AH",0.873713013723427
"HIST1H2AI",0.870865349327995
"HIST1H2AJ",0.937362435271638
"HIST1H2AK",0.80302532334497
"HIST1H2AL",0.931910130352334
"HIST1H2AM",0.890289955497703
"HIST1H2BA",0.892705747188801
"HIST1H2BB",0.978493559877602
"HIST1H2BC",0.961101195950603
"HIST1H2BD",0.177117536879011
"HIST1H2BE",0.96996259326742
"HIST1H2BF",0.138969265922691
"HIST1H2BG",0.224533427131373
"HIST1H2BH",0.980530568754615
"HIST1H2BI",0.912446053820421
"HIST1H2BJ",0.801313207607662
"HIST1H2BK",0.999579677828936
"HIST1H2BL",0.279506225369871
"HIST1H2BM",0.729242397333138
"HIST1H2BN",0.116272815022499
"HIST1H2BO",0.921688435139957
"HIST1H3A",0.83820792904671
"HIST1H3B",0.942340321889326
"HIST1H3C",0.982379734896042
"HIST1H3D",0.901133039362796
"HIST1H3E",0.612030459191778
"HIST1H3F",0.934469848208449
"HIST1H3G",0.78710864651897
"HIST1H3H",0.661653778022913
"HIST1H3I",0.84241839607097
"HIST1H3J",0.914691305720483
"HIST1H4A",0.681617960981236
"HIST1H4B",0.345823982207434
"HIST1H4C",0.242789680515406
"HIST1H4D",0.896116919684
"HIST1H4E",0.705911451965001
"HIST1H4F",0.55855511189247
"HIST1H4G",0.971208206872861
"HIST1H4H",0.820665273553501
"HIST1H4I",0.947548333875275
"HIST1H4J",0.964838074118253
"HIST1H4K",0.979873094165751
"HIST1H4L",0.984323089010097
"HIST2H2AA3",0.82212275786771
"HIST2H2AA4",0.999945013250216
"HIST2H2AB",0.86515151117762
"HIST2H2AC",0.989472937361094
"HIST2H2BE",0.692398953109413
"HIST2H2BF",0.534840291285012
"HIST2H3A",0.4856796839273
"HIST2H3C",0.865276382523606
"HIST2H3D",0.621506289809796
"HIST2H3PS2",0.590052628683949
"HIST2H4A",0.519579547382041
"HIST2H4B",0.0142376067685777
"HIST3H2A",0.0611141865804733
"HIST3H2BB",0.015431559807995
"HIST3H3",0.0584963129704377
"HIST4H4",0.999730074485407
"HIVEP1",0.0239292544511229
"HIVEP2",0.999684558544269
"HIVEP3",0.283206670724543
"HJURP",0.531771924051046
"HK1",0.30491787765378
"HK2",0.85539001410094
"HK3",0.0410520875032975
"HKDC1",0.912855200449464
"HLA-A",4.67520924060388e-12
"HLA-B",1.9324231304586e-14
"HLA-C",2.69030872150972e-09
"HLA-DMA",1.51711449310615e-19
"HLA-DMB",3.58952418105486e-20
"HLA-DOA",8.26452439095159e-13
"HLA-DOB",0.109743492772531
"HLA-DPA1",3.82113735403989e-16
"HLA-DPB1",5.55903675985229e-15
"HLA-DQA1",3.42335361049817e-09
"HLA-DQA2",6.31892972240127e-06
"HLA-DQB1",8.40714708620196e-06
"HLA-DQB2",0.000109962834907774
"HLA-DQB3",0.937369387184743
"HLA-DRA",2.20914386335742e-15
"HLA-DRB1",2.25034080939804e-14
"HLA-DRB5",0.0785226413522591
"HLA-E",8.34516060028025e-07
"HLA-F",1.78918218887299e-09
"HLA-G",0.899648227036177
"HLCS",0.564808262292044
"HLF",0.952784222396952
"HLTF",0.0675336839684797
"HLX",0.184459741394694
"HM13",0.10766726237198
"HMBOX1",0.994044757134526
"HMBS",0.80970331004362
"HMCES",0.271170250101874
"HMCN1",0.778194053965396
"HMCN2",0.99784095104159
"HMG20A",0.999998974612618
"HMG20B",0.979731152684485
"HMGA1",0.093750025846055
"HMGA2",0.787147466719386
"HMGB1",0.591883237484361
"HMGB2",0.055653060372097
"HMGB3",0.000113782990763759
"HMGB4",0.947003277395392
"HMGCL",0.82068949916656
"HMGCLL1",0.00453190520852566
"HMGCR",0.511598015488338
"HMGCS1",0.772511361228996
"HMGCS2",0.860385859509872
"HMGN1",0.027940129554678
"HMGN2",0.0130115296683841
"HMGN3",0.0749720501667726
"HMGN4",0.97720431513983
"HMGN5",0.672171764745632
"HMGXB3",0.545701237489908
"HMGXB4",0.683364654368155
"HMHB1",0.981416550397017
"HMMR",0.405757227413962
"HMOX1",2.0546643934859e-07
"HMOX2",0.972121083531547
"HMSD",0.425187502386825
"HMX1",0.796737897317423
"HMX2",0.999825668293389
"HMX3",0.97451281827679
"HNF1A",0.717720105222171
"HNF1B",0.888972081044598
"HNF4A",0.842037306572561
"HNF4G",0.349247193264594
"HNMT",0.003754887335225
"HNRNPA0",0.106107063424212
"HNRNPA1",0.1543796174408
"HNRNPA1L2",0.459002566619143
"HNRNPA2B1",0.513784113606868
"HNRNPA3",0.697393416619557
"HNRNPAB",0.845810196883303
"HNRNPC",0.139346799421957
"HNRNPCL1",0.956125093946326
"HNRNPCL2",0.938542852364457
"HNRNPCL3",0.95061755708673
"HNRNPCL4",0.961055171858447
"HNRNPD",0.380514974378877
"HNRNPDL",0.418664940157735
"HNRNPF",0.99329538564443
"HNRNPH1",0.0756838914956954
"HNRNPH2",0.997142478450845
"HNRNPH3",0.127278444587297
"HNRNPK",0.775881037615127
"HNRNPL",0.103748225289881
"HNRNPLL",0.115262176525352
"HNRNPM",0.38132427248554
"HNRNPR",0.24868192348727
"HNRNPU",0.0152829299360164
"HNRNPUL1",0.0744264425846448
"HNRNPUL2",0.526397537277605
"HOGA1",0.0607382775409217
"HOMER1",0.620258327346804
"HOMER2",6.29074028408904e-05
"HOMER3",0.831465859604149
"HOMEZ",0.936952878217789
"HOOK1",0.000743455457364547
"HOOK2",0.682911158492254
"HOOK3",0.893886255718903
"HOPX",0.00025210594539912
"HORMAD1",0.998771188168442
"HORMAD2",0.168553370555727
"HOXA1",0.941276773036467
"HOXA10",0.369962360451753
"HOXA11",0.525322642043369
"HOXA13",0.74753806171739
"HOXA2",0.870995960538646
"HOXA3",0.616886775221692
"HOXA4",0.659376670710017
"HOXA5",0.290411876904405
"HOXA6",0.317022998617854
"HOXA7",0.260759716575346
"HOXA9",0.339466515226592
"HOXB1",0.902601223768238
"HOXB13",0.614093116892214
"HOXB2",0.778355116860422
"HOXB3",0.997528342410401
"HOXB4",0.999920190453093
"HOXB5",0.999407016061423
"HOXB6",0.982876834022517
"HOXB7",0.950275189681267
"HOXB8",0.842549775396345
"HOXB9",0.849813928042263
"HOXC10",0.506548789131878
"HOXC11",0.621663281850919
"HOXC12",0.687017052506399
"HOXC13",0.158627455577309
"HOXC4",0.463056886612563
"HOXC5",0.569796713236493
"HOXC6",0.512780402126372
"HOXC8",0.458668552760698
"HOXC9",0.413255292296608
"HOXD1",0.555244797075155
"HOXD10",0.898814848614655
"HOXD11",0.858443414442183
"HOXD12",0.926894135002943
"HOXD13",0.5659913135911
"HOXD3",0.53867526787314
"HOXD4",0.762108327030453
"HOXD8",0.635085226441769
"HOXD9",0.701322554504225
"HP",0.581697824597347
"HP1BP3",0.0134239677291536
"HPCA",0.154448945263952
"HPCAL1",0.432116138060932
"HPCAL4",0.0163910018804546
"HPD",0.887765550559232
"HPDL",0.407395925627762
"HPF1",NA
"HPGD",0.885965519840772
"HPGDS",3.16394917508165e-11
"HPN",0.590108902801382
"HPR",0.768838627595788
"HPRT1",0.594571304057654
"HPS1",0.120534780077892
"HPS3",0.0209906824908432
"HPS4",0.0128118086489594
"HPS5",0.187759590668883
"HPS6",0.835404328145571
"HPSE",5.84427778106083e-05
"HPSE2",0.460223938605852
"HPX",0.275127308040236
"HR",0.242722104629732
"HRAS",0.777552491135766
"HRC",0.874920365796075
"HRCT1",0.999418446034911
"HRG",0.959344005938685
"HRH1",2.09080538676449e-10
"HRH2",0.00855158042141797
"HRH3",0.00656861408206483
"HRH4",0.994376883061557
"HRK",0.000335828259541784
"HRNR",0.508577361087237
"HS1BP3",0.79797637148867
"HS2ST1",0.0268245594737787
"HS3ST1",0.00184027049902477
"HS3ST2",0.440351390159043
"HS3ST3A1",0.999967634755856
"HS3ST3B1",0.998197863702956
"HS3ST4",0.114676025517937
"HS3ST5",0.973357716300458
"HS3ST6",0.451347678377742
"HS6ST1",0.983025942634806
"HS6ST2",0.705907918567637
"HS6ST3",0.70085723331983
"HSBP1",0.998999212024756
"HSBP1L1",0.211079031075832
"HSCB",0.431008659515127
"HSD11B1",0.990675299872311
"HSD11B1L",0.694149784181812
"HSD11B2",0.0111569850853187
"HSD17B1",0.623156791759594
"HSD17B10",0.256355256507832
"HSD17B11",0.161164506184912
"HSD17B12",0.0737646658809041
"HSD17B13",0.634298290608263
"HSD17B14",0.913288338556647
"HSD17B2",0.817764851505466
"HSD17B3",0.795631377809202
"HSD17B4",0.773742360101018
"HSD17B6",0.905224286647928
"HSD17B7",0.797422953185268
"HSD17B8",0.849888715907367
"HSD3B1",0.706582939684376
"HSD3B2",0.869138300593147
"HSD3B7",8.79272806794109e-08
"HSDL1",0.245807259816264
"HSDL2",0.788242736104172
"HSF1",0.91653680013186
"HSF2",0.0805497069910314
"HSF2BP",0.126298422390235
"HSF4",0.0443615832461807
"HSF5",0.579688484687722
"HSFX1",0.112413793628602
"HSFX2",0.654048985599207
"HSFY1",0.916655495777832
"HSFY2",0.578983497816335
"HSH2D",0.769847843446443
"HSP90AA1",0.428243648534477
"HSP90AB1",0.129322883346168
"HSP90B1",0.25833721606656
"HSPA12A",0.00883993023079486
"HSPA12B",0.986826982342713
"HSPA13",0.872448232485569
"HSPA14",0.109221323094493
"HSPA1A",0.961969867679938
"HSPA1B",0.739525116389938
"HSPA1L",0.508890351437258
"HSPA2",0.999891579154948
"HSPA4",0.971832919637743
"HSPA4L",0.330202404424154
"HSPA5",0.00733686391354129
"HSPA6",0.651151291463949
"HSPA8",0.997162868423769
"HSPA9",0.986603712630593
"HSPB1",0.477690658480087
"HSPB11",0.610846426722338
"HSPB2",0.669441649659659
"HSPB3",0.631112912203757
"HSPB6",0.457411296487631
"HSPB7",0.842017997718162
"HSPB8",0.996103450576787
"HSPB9",0.381438435032609
"HSPBAP1",0.895371455361922
"HSPBP1",0.627142400485575
"HSPD1",0.306790375346644
"HSPE1",0.965389370784789
"HSPE1-MOB4",0.96721888646121
"HSPG2",0.908287508972736
"HSPH1",0.0671343972279778
"HTATIP2",7.27340943838727e-06
"HTATSF1",0.104830435186438
"HTN1",0.729726982944041
"HTN3",0.99367238575105
"HTR1A",0.067895762153275
"HTR1B",0.355826067438249
"HTR1D",0.793980508996576
"HTR1E",0.226649249168625
"HTR1F",0.99114558625395
"HTR2A",0.0398716300388187
"HTR2B",0.907734510052273
"HTR2C",0.252123856015408
"HTR3A",0.93940506758104
"HTR3B",0.60532004449888
"HTR3C",0.962932880546103
"HTR3D",0.940517464234906
"HTR3E",0.807582855700742
"HTR4",0.508426925042088
"HTR5A",0.0224796938332503
"HTR6",0.666649605353502
"HTR7",0.193112622836136
"HTRA1",1.18865509776229e-05
"HTRA2",0.993998523245702
"HTRA3",0.371010588267957
"HTRA4",0.804582048504574
"HTT",0.979060491639242
"HUNK",0.386953761418421
"HUS1",0.975416154153091
"HUS1B",0.487683846700651
"HUWE1",0.407779580536231
"HVCN1",0.85652188295773
"HYAL1",0.138831415747687
"HYAL2",0.285532859467319
"HYAL3",0.0102410234523481
"HYAL4",0.695619036972365
"HYDIN",0.00352105879406356
"HYI",0.989060653091499
"HYKK",0.601984146283585
"HYLS1",0.00959798528543987
"HYOU1",0.627409091576673
"HYPK",0.0142039350920129
"HYPM",0.995702364114418
"IAH1",0.926913198082777
"IAPP",0.816248309568466
"IARS",0.993261163217751
"IARS2",0.493548623427605
"IBA57",0.0349472332180363
"IBSP",0.763387141893274
"IBTK",0.990685884045266
"ICA1",0.993215108573195
"ICA1L",2.39696041915853e-06
"ICAM1",3.13552006575605e-08
"ICAM2",0.335296321190736
"ICAM3",0.0627902465517513
"ICAM4",0.985824780800883
"ICAM5",0.734705114401482
"ICE1",0.549451057476742
"ICE2",0.0669055942110488
"ICK",0.908820942698105
"ICMT",0.737737997211217
"ICOS",0.786098719195067
"ICOSLG",1.09890909661969e-05
"ID1",0.787404026438546
"ID2",0.643423678325591
"ID3",0.079597779692782
"ID4",0.776772585108458
"IDE",0.880484618933601
"IDH1",0.0632935155515181
"IDH2",0.995140414116572
"IDH3A",0.977413941404437
"IDH3B",0.964986680955451
"IDH3G",0.89901823612517
"IDI1",0.998489007963912
"IDI2",0.910933936269871
"IDNK",0.431852128809113
"IDO1",0.521078507004947
"IDO2",0.924348963661511
"IDS",0.53263665913597
"IDUA",0.72395178428085
"IER2",0.155651096700532
"IER3",0.00976846875090529
"IER3IP1",0.979261132023302
"IER5",0.99307329001716
"IER5L",0.00920100203288016
"IFFO1",2.3284423545854e-05
"IFFO2",0.199861049880698
"IFI16",2.83133352960729e-12
"IFI27",0.654726368373491
"IFI27L1",0.766525377966067
"IFI27L2",0.0580725583724331
"IFI30",4.79593680171117e-06
"IFI35",4.09512283391967e-10
"IFI44",0.0245711182855046
"IFI44L",0.306915305565903
"IFI6",0.000387074391654955
"IFIH1",0.0470592075982869
"IFIT1",0.410067864068948
"IFIT1B",0.357996844549669
"IFIT2",0.0002661423752022
"IFIT3",8.39053748353144e-06
"IFIT5",0.46737393950841
"IFITM1",0.111725702590881
"IFITM10",0.415630885054771
"IFITM2",0.000121828391526378
"IFITM3",2.50797284082954e-06
"IFITM5",0.722454386097927
"IFNA1",0.98371933855123
"IFNA10",0.949814469652072
"IFNA13",0.835375779509754
"IFNA14",0.968135961373343
"IFNA16",0.958913469998907
"IFNA17",0.948211821795648
"IFNA2",0.85468760837233
"IFNA21",0.932566834627388
"IFNA4",0.95253118005478
"IFNA5",0.930440182849044
"IFNA6",0.94521629786555
"IFNA7",0.959511254759635
"IFNA8",0.960822729804352
"IFNAR1",2.28614176203769e-10
"IFNAR2",3.87887371435941e-08
"IFNB1",0.946642011359095
"IFNE",0.886722452152628
"IFNG",0.972874524369511
"IFNGR1",0.000904507357618809
"IFNGR2",4.37449468160256e-06
"IFNK",0.327889207904657
"IFNL1",0.828899273246825
"IFNL2",0.952118505811448
"IFNL3",0.912072339427884
"IFNL4",0.919447033458795
"IFNLR1",0.881148350815741
"IFNW1",0.89855636250392
"IFRD1",0.815617256829216
"IFRD2",0.988900021823028
"IFT122",0.124206638821416
"IFT140",0.000184584720397812
"IFT172",4.720505649514e-07
"IFT20",0.130710268060478
"IFT22",0.0948985075432439
"IFT27",0.0238347413430042
"IFT43",0.0331276043216012
"IFT46",0.214485365720876
"IFT52",0.543539935397639
"IFT57",0.115674021593882
"IFT74",0.0363285490520955
"IFT80",0.232770199943546
"IFT81",0.00105844103740654
"IFT88",0.00132605702094261
"IGBP1",0.98683541806873
"IGDCC3",0.0764505563064106
"IGDCC4",0.553645614472126
"IGF1",0.42272694749603
"IGF1R",0.963797859198957
"IGF2",0.997269540636293
"IGF2BP1",0.544970526388395
"IGF2BP2",0.153945547000589
"IGF2BP3",0.831578163409571
"IGF2R",0.593154093092062
"IGFALS",0.252103478600518
"IGFBP1",0.729934508613845
"IGFBP2",0.627426460041445
"IGFBP3",0.166445850197841
"IGFBP4",0.100521660398528
"IGFBP5",0.246903796462497
"IGFBP6",0.0165648648145973
"IGFBP7",1.034776520773e-11
"IGFBPL1",0.0115899140284474
"IGFL1",0.171960321236356
"IGFL2",0.42331364922187
"IGFL3",0.864527335564058
"IGFL4",0.155444852151896
"IGFLR1",1.04178197565257e-07
"IGFN1",0.335000264016141
"IGHMBP2",0.00461464406895297
"IGIP",0.704443861598044
"IGLL1",0.863434171933982
"IGLL5",0.106794392781574
"IGLON5",0.94273609432854
"IGSF1",0.463595634746403
"IGSF10",0.828006491192277
"IGSF11",0.990114226457079
"IGSF21",0.738751143075692
"IGSF22",0.890964293526759
"IGSF23",0.777732584019788
"IGSF3",0.477624541636212
"IGSF5",0.331160836977423
"IGSF6",1.83185444649394e-10
"IGSF8",0.999292478410844
"IGSF9",2.52159945508518e-05
"IGSF9B",0.235584405643374
"IHH",0.501990813047833
"IK",0.0132323939414055
"IKBIP",0.207612521785112
"IKBKB",0.368873161173492
"IKBKE",3.35207410355272e-07
"IKBKG",0.777490726275381
"IKZF1",1.17066512514155e-17
"IKZF2",0.243381342833312
"IKZF3",0.00162874274949857
"IKZF4",0.949155698569243
"IKZF5",0.993208581746612
"IL10",6.95024020225482e-07
"IL10RA",5.76946714200823e-16
"IL10RB",2.99013280989817e-06
"IL11",0.825777621323287
"IL11RA",0.867188251987801
"IL12A",0.999920704771771
"IL12B",0.951573537433784
"IL12RB1",4.15562493757904e-13
"IL12RB2",0.840950248209857
"IL13",0.910832402716748
"IL13RA1",9.52559415974539e-10
"IL13RA2",0.964600820123036
"IL15",0.0278963447141347
"IL15RA",2.3105859415704e-06
"IL16",0.112190654822618
"IL17A",0.967566752957316
"IL17B",0.757804976992872
"IL17C",0.744175166374416
"IL17D",0.949909267583315
"IL17F",0.944917147463597
"IL17RA",5.0212161431599e-06
"IL17RB",0.00483312681441564
"IL17RC",0.0276030640365003
"IL17RD",0.89602963087904
"IL17RE",0.0870348212346927
"IL17REL",0.656758359562326
"IL18",2.83619838866654e-07
"IL18BP",4.27754312783783e-07
"IL18R1",0.956633324967114
"IL18RAP",0.999904318608779
"IL19",0.922314378419968
"IL1A",0.932137931490692
"IL1B",0.00733750305334634
"IL1F10",0.917243224973849
"IL1R1",0.000891582503862426
"IL1R2",0.9233484849603
"IL1RAP",6.04412757586626e-07
"IL1RAPL1",0.576924347449695
"IL1RAPL2",0.110860940805866
"IL1RL1",0.962137067535369
"IL1RL2",0.995345904852433
"IL1RN",0.391384151656259
"IL2",0.990890737931631
"IL20",0.906105719241657
"IL20RA",0.00585718200865148
"IL20RB",0.774234763355085
"IL21",0.952958402526289
"IL21R",1.00625262947418e-07
"IL22",0.916476011175412
"IL22RA1",0.75721379929945
"IL22RA2",0.920981712464944
"IL23A",0.578670112450814
"IL23R",0.971320187806516
"IL24",0.978773663697469
"IL25",0.914724925147262
"IL26",0.882831845296047
"IL27",0.82692102897731
"IL27RA",0.00104704941788738
"IL2RA",0.0011529006349451
"IL2RB",0.00823490275861396
"IL2RG",9.38845605760354e-05
"IL3",0.94829439324834
"IL31",0.951862144358523
"IL31RA",0.998761774364491
"IL32",0.115010106707518
"IL33",0.63287798469203
"IL34",0.82345519064625
"IL36A",0.937362974981773
"IL36B",0.928493564588474
"IL36G",0.716802617417843
"IL36RN",0.856649580859001
"IL37",0.807824983635062
"IL3RA",0.942394663940207
"IL4",0.999327608996557
"IL4I1",0.180607808895578
"IL4R",0.000647342725792567
"IL5",0.925559913485061
"IL5RA",0.233501743904817
"IL6",0.140281192876676
"IL6R",1.7971477250894e-07
"IL6ST",2.79083901564963e-05
"IL7",0.436852825970828
"IL7R",0.00567251216486758
"IL9",0.885442678389627
"IL9R",0.999899660809035
"ILDR1",0.423653229504017
"ILDR2",0.102359299917252
"ILF2",0.54834161413971
"ILF3",0.00033972666428815
"ILK",0.0226955762288348
"ILKAP",5.44090198164672e-05
"ILVBL",0.996089103916061
"IMMP1L",0.122652658488146
"IMMP2L",0.817184907609318
"IMMT",0.98343653000822
"IMP3",0.620230910567784
"IMP4",0.806982144109406
"IMPA1",0.907880055135511
"IMPA2",0.999709560651389
"IMPACT",0.705134826877361
"IMPAD1",0.905180440989751
"IMPDH1",0.764485043811791
"IMPDH2",0.889495384869617
"IMPG1",0.883208702899462
"IMPG2",0.62668632975664
"INA",0.0219046301239423
"INAFM1",0.0864888129566195
"INAFM2",0.00142349278701305
"INCA1",0.971187316783886
"INCENP",0.00257293837702557
"INF2",0.0428595137420917
"ING1",0.952963097464953
"ING2",0.121517479926654
"ING3",0.906752020990649
"ING4",0.106094657190387
"ING5",0.0740112473205852
"INHA",0.106999118293461
"INHBA",0.020429745763095
"INHBB",0.794421657574749
"INHBC",0.34859507434545
"INHBE",0.121341704076564
"INIP",0.98721846237168
"INMT",0.0195846384688832
"INO80",0.879664679347883
"INO80B",0.380908743346436
"INO80C",0.361968669252957
"INO80D",0.571396191483493
"INO80E",0.894028068185805
"INPP1",0.404475297404039
"INPP4A",0.0567714263561632
"INPP4B",0.248046781010617
"INPP5A",0.0819354804362246
"INPP5B",0.938064681313569
"INPP5D",3.99212934857809e-07
"INPP5E",0.00360527073896023
"INPP5F",0.0318616321743667
"INPP5J",0.227669236641925
"INPP5K",0.999292774769848
"INPPL1",0.110704960630281
"INS",0.947134570790408
"INS-IGF2",0.977150197784062
"INSC",0.450130253879584
"INSIG1",0.830539819865455
"INSIG2",0.999771896280937
"INSL3",0.990306819452197
"INSL4",0.953344163273448
"INSL5",0.646512017265013
"INSL6",0.861805841826988
"INSM1",0.0992726867764632
"INSM2",0.205463653694276
"INSR",0.945958889634129
"INSRR",0.888058911052129
"INTS1",0.217247409861363
"INTS10",0.424183263688497
"INTS12",0.167854278747899
"INTS13",NA
"INTS14",NA
"INTS2",0.228357717423752
"INTS3",0.926718164509315
"INTS4",0.809985913820613
"INTS5",0.993778443306176
"INTS6",0.349412138868559
"INTS7",0.699223902946535
"INTS8",0.00110409354847313
"INTS9",0.971138676649892
"INTU",0.0198137720065931
"INVS",0.683191860847039
"IP6K1",0.997941107514876
"IP6K2",0.201072131879494
"IP6K3",0.636436703274706
"IPCEF1",0.486111349396694
"IPMK",0.995637021480654
"IPO11",0.958809621867
"IPO13",0.70843655680426
"IPO4",0.705014447013876
"IPO5",0.56502695562695
"IPO7",0.999482155420809
"IPO8",0.056425530186589
"IPO9",0.987461200000097
"IPP",0.7763272293546
"IPPK",0.942306323585717
"IQCA1",0.00214524636480181
"IQCA1L",0.822874796521418
"IQCB1",0.00956893947956807
"IQCC",2.04498474333908e-05
"IQCD",0.0103439647737645
"IQCE",0.205301215642121
"IQCF1",0.690928601766718
"IQCF2",0.941352848181357
"IQCF3",0.556619780706525
"IQCF5",0.947694729872781
"IQCF6",0.907200054055539
"IQCG",0.489525864238772
"IQCH",0.250891772549501
"IQCJ",0.839944326086842
"IQCJ-SCHIP1",0.996850010512055
"IQCK",0.672260300461713
"IQGAP1",0.0489435993155641
"IQGAP2",0.91821662809477
"IQGAP3",0.496382561185531
"IQSEC1",0.781913574398454
"IQSEC2",0.459900285636846
"IQSEC3",0.0522704989277081
"IQUB",0.196618512765927
"IRAK1",0.00824669951830121
"IRAK1BP1",0.000108407182154527
"IRAK2",3.04170627141689e-10
"IRAK3",0.000158818442116399
"IRAK4",0.0516839400078145
"IREB2",0.299309285028057
"IRF1",0.00596447890190528
"IRF2",0.000644397811080003
"IRF2BP1",0.3630401644697
"IRF2BP2",0.50586840427274
"IRF2BPL",0.468790010176463
"IRF3",0.799268994478044
"IRF4",0.967430263270894
"IRF5",1.94731702186207e-08
"IRF6",0.414129144800679
"IRF7",0.972187204612801
"IRF8",2.66182774636772e-11
"IRF9",3.41475859862255e-06
"IRGC",0.855557418172502
"IRGM",0.998536343096933
"IRGQ",0.278319518720413
"IRS1",0.187241766265176
"IRS2",0.00155340260202239
"IRS4",0.909660264636995
"IRX1",0.72398735166648
"IRX2",0.966205121655687
"IRX3",0.00299144979569484
"IRX4",0.999898547182674
"IRX5",0.21030337463005
"IRX6",0.380286815691044
"ISCA1",0.999430868592436
"ISCA2",0.31144431436018
"ISCU",0.00210735623254496
"ISG15",0.0112313111677425
"ISG20",0.000200731050585326
"ISG20L2",0.197062016146474
"ISL1",0.65933704147289
"ISL2",0.149341975460306
"ISLR",0.00668472734732562
"ISLR2",0.188722970211741
"ISM1",0.544252828642573
"ISM2",0.999697175009584
"ISOC1",0.118024398247316
"ISOC2",0.0596811091126722
"ISPD",NA
"IST1",0.96924710104699
"ISX",0.930828261805139
"ISY1",0.727516764086553
"ISY1-RAB43",0.81641259611528
"ISYNA1",0.0262095172720715
"ITCH",0.953902249128474
"ITFG1",0.978020870217406
"ITFG2",0.615394842174636
"ITGA1",0.221430721747085
"ITGA10",0.541048763699656
"ITGA11",0.994135392280075
"ITGA2",0.735718151041277
"ITGA2B",0.199755599878138
"ITGA3",2.57380342737126e-07
"ITGA4",0.00033254553441525
"ITGA5",0.0117866157570043
"ITGA6",0.995232834973872
"ITGA7",0.0883488817678776
"ITGA8",0.986810996564094
"ITGA9",0.834256800984794
"ITGAD",0.980628050520444
"ITGAE",0.999458707183012
"ITGAL",3.51361367627588e-09
"ITGAM",9.73891187935467e-13
"ITGAV",1.07772738929033e-08
"ITGAX",0.000364238540467711
"ITGB1",0.001677572735918
"ITGB1BP1",0.136645665714426
"ITGB1BP2",0.11733982019918
"ITGB2",2.04740533391302e-19
"ITGB3",0.00393583014666616
"ITGB3BP",0.312674580117074
"ITGB4",0.0180686275016416
"ITGB5",0.00205532049343484
"ITGB6",0.153730590944163
"ITGB7",0.924615034643854
"ITGB8",0.32893981346136
"ITGBL1",0.971532908874291
"ITIH1",0.715562497542414
"ITIH2",0.516423735501221
"ITIH3",0.312428303017001
"ITIH4",0.618945134162063
"ITIH5",0.883658183292177
"ITIH6",0.414099328078707
"ITK",0.0352389805500143
"ITLN1",0.954034884938872
"ITLN2",0.372822961650439
"ITM2A",0.753641526857681
"ITM2B",0.00313980318885296
"ITM2C",0.0721965738526192
"ITPA",0.180688300937755
"ITPK1",0.180124107786603
"ITPKA",0.126572954718487
"ITPKB",0.711387883079233
"ITPKC",0.00928632708199078
"ITPR1",0.995251309874121
"ITPR2",0.000130331265860392
"ITPR3",0.00394606653813877
"ITPRID2",NA
"ITPRIP",0.288001081258049
"ITPRIPL1",0.0980429751883431
"ITPRIPL2",1.65482785218535e-06
"ITSN1",0.256051422044912
"ITSN2",0.218039167805811
"IVD",0.195597836749513
"IVL",0.329334511376873
"IVNS1ABP",0.323937607908516
"IWS1",0.0495669660956698
"IYD",0.888224953194187
"IZUMO1",0.0408243416578547
"IZUMO1R",0.991710157225833
"IZUMO2",0.990006237334868
"IZUMO3",0.949066924954317
"IZUMO4",0.822491570122303
"JADE1",8.70619110022809e-06
"JADE2",0.0115027792046828
"JADE3",0.0729436651339867
"JAG1",0.290946414351365
"JAG2",0.412914588092317
"JAGN1",0.758502761170868
"JAK1",0.234994725468498
"JAK2",0.566002558430164
"JAK3",1.8937437186991e-09
"JAKMIP1",0.249792365800986
"JAKMIP2",0.992736709409741
"JAKMIP3",0.101370207852997
"JAM2",0.0066996465813329
"JAM3",0.163556529133873
"JARID2",0.0666470084701483
"JAZF1",0.113555053340873
"JCAD",NA
"JCHAIN",0.00993169746613452
"JDP2",0.400540441058766
"JKAMP",0.980454449738362
"JMJD1C",0.779241172383063
"JMJD4",0.695215478829945
"JMJD6",0.998522894657956
"JMJD7",0.00791916479517495
"JMJD7-PLA2G4B",0.029980667971394
"JMJD8",0.408736493146335
"JMY",0.146409269677604
"JOSD1",0.983292360652007
"JOSD2",0.0455739153301948
"JPH1",0.609258436995954
"JPH2",0.943066869631122
"JPH3",0.00120166696230391
"JPH4",0.91116709449439
"JPT1",NA
"JRK",0.00625297871497307
"JRKL",0.962211314802695
"JSRP1",0.899473547412374
"JTB",0.885845173457087
"JUN",0.00607957461023401
"JUNB",0.000199852113692582
"JUND",0.556406959370933
"JUP",0.772059413337483
"KAAG1",0.772976036004795
"KALRN",0.769830600634687
"KANK1",0.318224791592082
"KANK2",4.80706172111444e-05
"KANK3",0.908815600107743
"KANK4",0.983625867054582
"KANSL1",0.386966990642079
"KANSL1L",0.782379829894263
"KANSL2",0.740065002686928
"KANSL3",0.300709875552948
"KARS",0.908703986498511
"KAT2A",0.0829249976585563
"KAT2B",0.0170799843997507
"KAT5",0.763947663238339
"KAT6A",0.140539832865294
"KAT6B",0.0207204209208887
"KAT7",0.915706585864758
"KAT8",0.118872739417583
"KATNA1",0.64372914067887
"KATNAL1",0.998367845568243
"KATNAL2",0.570206914844017
"KATNB1",0.091694548764269
"KATNBL1",0.0352237304412838
"KAZALD1",0.161169791927674
"KAZN",0.655745761746674
"KBTBD11",0.179039562469007
"KBTBD12",0.080522328839491
"KBTBD13",0.681143044952001
"KBTBD2",0.99485815446087
"KBTBD3",0.983785940555768
"KBTBD4",0.391290446176984
"KBTBD6",0.607264275133908
"KBTBD7",0.00109660620060974
"KBTBD8",0.0310713011739494
"KCMF1",0.933276508535038
"KCNA1",0.737256302598035
"KCNA10",0.864339797291708
"KCNA2",0.832053154962942
"KCNA3",0.437605582249132
"KCNA4",0.670313829581131
"KCNA5",0.0771649008633395
"KCNA6",0.793569171715483
"KCNA7",0.777482449613946
"KCNAB1",0.281292648749374
"KCNAB2",0.991415220438266
"KCNAB3",0.945817424994652
"KCNB1",0.999954894354411
"KCNB2",0.0326512012847975
"KCNC1",0.999437446630336
"KCNC2",0.256277410060061
"KCNC3",0.990028878361342
"KCNC4",0.0108938707508081
"KCND1",0.0143786487457761
"KCND2",0.812700494069996
"KCND3",0.749940596340283
"KCNE1",0.477104234261534
"KCNE2",0.821339407692435
"KCNE3",1.63564164025829e-07
"KCNE4",0.000367675139205618
"KCNE5",0.848823479840969
"KCNF1",0.000414890833475317
"KCNG1",0.0210330084592161
"KCNG2",0.995970496873282
"KCNG3",0.253631757228974
"KCNG4",0.90518408793893
"KCNH1",0.939868270704444
"KCNH2",0.305860901451127
"KCNH3",0.172369908534621
"KCNH4",0.763440455855074
"KCNH5",0.0522288728869836
"KCNH6",0.295706733055996
"KCNH7",0.000830315786213985
"KCNH8",0.0295394228144924
"KCNIP1",0.000344818061378037
"KCNIP2",0.864017389570069
"KCNIP3",0.95846490286949
"KCNIP4",0.980223860419207
"KCNJ1",0.971565616543195
"KCNJ10",0.285436311459769
"KCNJ11",0.92853197347831
"KCNJ12",0.00178688580917253
"KCNJ13",0.0567782600900122
"KCNJ14",0.354521566574877
"KCNJ15",0.271744137394579
"KCNJ16",0.034064443311763
"KCNJ18",0.856698908869572
"KCNJ2",0.994055258418764
"KCNJ3",0.000516242419336664
"KCNJ4",0.132598257009917
"KCNJ5",0.512302305444226
"KCNJ6",0.160741475510152
"KCNJ8",0.906527512551574
"KCNJ9",0.747227822581427
"KCNK1",0.880620618519174
"KCNK10",0.366312306964742
"KCNK12",0.949597445808806
"KCNK13",0.125612942260998
"KCNK15",0.994487255570318
"KCNK16",0.823277453717433
"KCNK17",0.594332918411925
"KCNK18",0.998987730622533
"KCNK2",0.951068295918466
"KCNK3",0.066232895319075
"KCNK4",0.488675411809628
"KCNK5",0.869973195497257
"KCNK6",0.798294240026435
"KCNK7",0.470503819784804
"KCNK9",0.977010710353016
"KCNMA1",0.0571701511898244
"KCNMB1",0.613435817961276
"KCNMB2",0.938248916602307
"KCNMB3",0.290431928781633
"KCNMB4",0.0685822921122604
"KCNN1",0.378136089507661
"KCNN2",0.242202041078576
"KCNN3",0.970294466786703
"KCNN4",0.913240927769923
"KCNQ1",2.27355794869647e-09
"KCNQ2",0.956306519163088
"KCNQ3",0.690370576946045
"KCNQ4",0.999635648792023
"KCNQ5",0.223966579659227
"KCNRG",0.279470733086096
"KCNS1",0.98022276780896
"KCNS2",0.685956166396366
"KCNS3",0.976994732673583
"KCNT1",0.0535355863554714
"KCNT2",0.937555950856036
"KCNU1",0.916736376827835
"KCNV1",0.454708789614676
"KCNV2",0.252327493164808
"KCP",0.39558202463138
"KCTD1",0.0250462172351157
"KCTD10",0.0143892833995821
"KCTD11",0.991371068616742
"KCTD12",0.000279045189152125
"KCTD13",0.22503851046212
"KCTD14",0.976944717773233
"KCTD15",2.6841566285501e-07
"KCTD16",0.0191315290736527
"KCTD17",0.985434416962822
"KCTD18",0.987754444150589
"KCTD19",0.00505252451412357
"KCTD2",0.836840290960069
"KCTD20",0.321819482861899
"KCTD21",0.0107525878499532
"KCTD3",0.938630506639697
"KCTD4",0.990383403537285
"KCTD5",0.965154049623243
"KCTD6",0.218270262574013
"KCTD7",0.678411546599989
"KCTD8",0.0198148241521686
"KCTD9",0.992638589912374
"KDELC2",NA
"KDELR1",0.503986639700383
"KDELR2",0.0685591710387801
"KDELR3",0.998266076543698
"KDF1",0.021403850952619
"KDM1A",6.66592774560854e-06
"KDM1B",0.876209395587784
"KDM2A",0.312937146585567
"KDM2B",0.0620549526160408
"KDM3A",0.018491054589102
"KDM3B",3.08724235232975e-05
"KDM4A",0.307271066772615
"KDM4B",0.00163504750895245
"KDM4C",0.729620575285209
"KDM4D",0.0349094405470707
"KDM4E",0.645158912255679
"KDM5A",0.652403564500504
"KDM5B",0.00011654864478016
"KDM5C",0.540832260138875
"KDM5D",0.978965281551176
"KDM6A",0.552778200188772
"KDM6B",0.506498620441708
"KDM7A",0.226603451506394
"KDM8",0.141662867090525
"KDR",0.662290018381564
"KDSR",0.212406968993809
"KEAP1",0.480533686541825
"KEL",0.11334264497101
"KERA",0.918441042814551
"KHDC1",0.299950966174853
"KHDC1L",0.651864927928716
"KHDC3L",0.57783953437297
"KHDC4",NA
"KHDRBS1",0.0319417638414746
"KHDRBS2",0.120827718090961
"KHDRBS3",0.256991028986115
"KHK",0.873543724151804
"KHNYN",0.996272371250533
"KHSRP",0.999484059696542
"KIAA0040",0.000114750453830023
"KIAA0100",0.999465905386992
"KIAA0232",0.937204730789914
"KIAA0319",0.0235452902609984
"KIAA0319L",0.997872819546305
"KIAA0355",0.482514550074413
"KIAA0408",0.999855438185691
"KIAA0513",0.976294762542794
"KIAA0556",0.617920432923967
"KIAA0586",0.446357876462226
"KIAA0753",0.000106136770136445
"KIAA0825",0.0288756018840199
"KIAA0895",5.9263041120295e-06
"KIAA0895L",0.00107037263955283
"KIAA0930",0.7679476446416
"KIAA1107",0.368063652754869
"KIAA1109",0.787912243287196
"KIAA1143",0.823898566712839
"KIAA1147",0.466541629159638
"KIAA1191",0.99420912010307
"KIAA1210",0.930035731656568
"KIAA1211",0.984858880457751
"KIAA1211L",0.111966032380901
"KIAA1217",0.573080792697902
"KIAA1257",0.0275633273441866
"KIAA1324",0.995626023323179
"KIAA1324L",0.0245081765440919
"KIAA1328",0.00335813274656787
"KIAA1522",0.0654921191005408
"KIAA1549",0.0623130975556424
"KIAA1549L",0.140237825129268
"KIAA1586",0.756558442239838
"KIAA1614",0.43186355562714
"KIAA1671",0.928188158578784
"KIAA1755",0.0524519012847837
"KIAA1841",1.66277327903435e-05
"KIAA1958",0.919797331470051
"KIAA2012",0.0593565888441175
"KIAA2013",0.868633281894055
"KIAA2026",0.488124193077039
"KIDINS220",0.883573056035158
"KIF11",0.274354796256829
"KIF12",0.0191931573663034
"KIF13A",0.852710540925868
"KIF13B",0.00107594661545608
"KIF14",0.332830020238484
"KIF15",0.0306660124842354
"KIF16B",0.999173442844501
"KIF17",0.167658958032655
"KIF18A",0.0956611597914029
"KIF18B",0.922340233072207
"KIF19",0.988120235831787
"KIF1A",0.614925200039432
"KIF1B",0.00528925946992305
"KIF1BP",0.193514566779002
"KIF1C",0.224299125235745
"KIF20A",0.449185999602149
"KIF20B",0.364049538862835
"KIF21A",0.657115665825375
"KIF21B",0.393709142608462
"KIF22",0.0262035241828613
"KIF23",0.291661979570847
"KIF24",0.000213799445271003
"KIF25",0.30735501679242
"KIF26A",0.229693358938953
"KIF26B",0.538349673840445
"KIF27",0.000321115737268045
"KIF2A",0.891811488087038
"KIF2B",0.900485338979838
"KIF2C",0.198870876171402
"KIF3A",0.154756138199397
"KIF3B",0.945001657485719
"KIF3C",0.974976125185752
"KIF4A",0.299932100763335
"KIF4B",0.813405356377499
"KIF5A",0.996691205087796
"KIF5B",0.932520802595356
"KIF5C",0.931444972094356
"KIF6",0.00969905473323615
"KIF7",0.554689525157657
"KIF9",0.686561124313818
"KIFAP3",0.978289211832111
"KIFC1",0.384270284005351
"KIFC2",0.00105030949622848
"KIFC3",0.00602715456754485
"KIN",0.73300787320168
"KIR2DL1",0.978243805540797
"KIR2DL3",0.996218758595511
"KIR2DL4",0.999785548950322
"KIR2DS4",0.970463606356081
"KIR3DL1",0.983005965969266
"KIR3DL2",0.986233856428664
"KIR3DL3",0.961938366998005
"KIRREL2",0.636981173194651
"KIRREL3",0.0384983002195373
"KISS1",0.612072863833409
"KISS1R",0.989369175630175
"KIT",0.239311687142148
"KITLG",0.763626334122527
"KIZ",0.956868077366155
"KL",0.965997951707917
"KLB",0.337241298844672
"KLC1",0.409992084809077
"KLC2",0.0222651692719275
"KLC3",0.000376252005371418
"KLC4",0.00021001615886867
"KLF1",0.453752321744579
"KLF10",0.988497852616368
"KLF11",0.281624925685784
"KLF12",0.830210815376467
"KLF13",0.965474837328718
"KLF14",0.731538426651406
"KLF15",0.399434490017629
"KLF16",0.652328505659901
"KLF17",0.0397912502262658
"KLF18",0.929309623024628
"KLF2",0.226531218044254
"KLF3",0.00501239059828342
"KLF4",0.981069774950834
"KLF5",0.674687839172571
"KLF6",5.54327863546487e-05
"KLF7",0.998047682211729
"KLF8",0.00594339233178823
"KLF9",0.78478654783355
"KLHDC1",0.746841739870949
"KLHDC10",0.467806176408674
"KLHDC2",0.212095134007123
"KLHDC3",0.612270145800356
"KLHDC4",0.0365868031249276
"KLHDC7A",0.963841209130166
"KLHDC7B",0.3370636174272
"KLHDC8A",0.328275152044718
"KLHDC8B",0.992361363167089
"KLHDC9",0.473367775104568
"KLHL1",0.0361637499581225
"KLHL10",0.767936158983399
"KLHL11",0.0451261656208618
"KLHL12",0.790229746570424
"KLHL13",0.999990072815005
"KLHL14",0.894602598653547
"KLHL15",0.166384691737603
"KLHL17",0.000239332629892173
"KLHL18",0.922725308588474
"KLHL2",0.940006360808246
"KLHL20",0.980655180926294
"KLHL21",0.999212493734423
"KLHL22",0.157147933219492
"KLHL23",0.00594477342587027
"KLHL24",0.121933839377329
"KLHL25",0.956772701489901
"KLHL26",0.978872306759838
"KLHL28",0.3345610583751
"KLHL29",0.226810670354957
"KLHL3",0.404207182165776
"KLHL30",0.881080018526866
"KLHL31",0.00699510481098418
"KLHL32",0.418873812165454
"KLHL33",0.935830642825896
"KLHL34",0.696822503761264
"KLHL35",0.0165938875943546
"KLHL36",0.211341275578116
"KLHL38",0.971150993575015
"KLHL4",0.0294957023371217
"KLHL40",0.751726334416834
"KLHL41",0.041769758920632
"KLHL42",0.639106370619838
"KLHL5",0.00708995779755357
"KLHL6",1.8991486732289e-07
"KLHL7",0.999993115995424
"KLHL8",0.599682350099562
"KLHL9",0.99857659680849
"KLK1",0.720985433913852
"KLK10",0.0775179192886419
"KLK11",0.0412645827967139
"KLK12",0.471324486368808
"KLK13",0.0589407460434945
"KLK14",0.0217014085818765
"KLK15",0.812341598868349
"KLK2",0.858562995615905
"KLK3",0.83789024129483
"KLK4",0.659662900234851
"KLK5",0.458734314330668
"KLK6",0.963084080305897
"KLK7",0.372712019051572
"KLK8",0.684298706842143
"KLK9",0.95072086310921
"KLKB1",0.901161618071701
"KLLN",0.948690947618979
"KLRB1",0.0466540420211825
"KLRC1",0.935015166789517
"KLRC2",0.652313243387411
"KLRC3",0.63933349049484
"KLRC4",0.972366976689807
"KLRC4-KLRK1",0.827545266486801
"KLRD1",0.9278035937539
"KLRF1",0.778681042750605
"KLRF2",0.997210105130783
"KLRG1",0.9976269868633
"KLRG2",0.73878270864571
"KLRK1",0.6125965747811
"KMO",0.358676912418525
"KMT2A",0.0422502287600812
"KMT2B",0.276541287971957
"KMT2C",0.712000003270537
"KMT2D",0.93082987298046
"KMT2E",0.234251521361738
"KNCN",0.125718991246904
"KNDC1",0.314670753737326
"KNG1",0.98018425362614
"KNOP1",0.0791793647065589
"KNSTRN",0.011296445862535
"KNTC1",0.126643546668751
"KPNA1",0.102884161948102
"KPNA2",0.952419904713188
"KPNA3",0.938714541027734
"KPNA4",0.994914013802468
"KPNA5",0.163251660633341
"KPNA6",0.997244579343022
"KPNA7",0.607547413187492
"KPNB1",0.963592625264988
"KPRP",0.977635009226442
"KPTN",0.354537065189206
"KRAS",0.83001246120058
"KRBA1",0.0443594485461876
"KRBA2",0.19791286097159
"KRBOX1",0.953339096666522
"KRBOX4",0.671208312692463
"KRCC1",0.645820665345773
"KREMEN1",0.800835361658939
"KREMEN2",0.00377982086732804
"KRI1",0.398070257407294
"KRIT1",0.000141393633866856
"KRR1",0.854803854010111
"KRT1",0.940745938672027
"KRT10",0.986184138948294
"KRT12",0.894745477352744
"KRT13",0.0631245310032778
"KRT14",0.00205612671688804
"KRT15",0.00372702781922184
"KRT16",0.00104110950149368
"KRT17",0.0665960738539948
"KRT18",0.672169386315372
"KRT19",0.0522122560720366
"KRT2",0.872291500215741
"KRT20",0.891623723755701
"KRT222",0.00743788669609118
"KRT23",0.0208814981753698
"KRT24",0.820747925350671
"KRT25",0.961153514859501
"KRT26",0.95519575765328
"KRT27",0.898202876221814
"KRT28",0.289509613058269
"KRT3",0.954715345646042
"KRT31",0.00813812178621491
"KRT32",0.265583563108469
"KRT33A",0.6198992320468
"KRT33B",0.0446038620174302
"KRT34",0.0654255265460215
"KRT35",0.476904504384568
"KRT36",0.456793695026962
"KRT37",0.666280787618658
"KRT38",0.534031189784063
"KRT39",0.384671646989544
"KRT4",0.849193683927321
"KRT40",0.811374202201202
"KRT5",0.000375533559728412
"KRT6A",0.00678170726414046
"KRT6B",0.00451635497031416
"KRT6C",0.108031441815432
"KRT7",0.999126190357244
"KRT71",0.840164009685488
"KRT72",0.881286343327073
"KRT73",0.946601607241816
"KRT74",0.535326845543017
"KRT75",0.332748345563152
"KRT76",0.937946566925692
"KRT77",0.585883821388947
"KRT78",0.75751637420902
"KRT79",0.959675897262309
"KRT8",0.584024194146886
"KRT80",0.328627487528909
"KRT81",0.0152515066673616
"KRT82",0.897366967560064
"KRT83",0.06946776489877
"KRT84",0.602643675301913
"KRT85",0.0593188927439687
"KRT86",0.0710794951080311
"KRT9",0.87344615833119
"KRTAP1-1",0.196782298946287
"KRTAP1-3",0.242835974327905
"KRTAP1-4",0.95274680915761
"KRTAP1-5",0.230749244010331
"KRTAP10-1",0.850937864343638
"KRTAP10-10",0.78252929150185
"KRTAP10-11",0.86144411550354
"KRTAP10-12",0.947842393401113
"KRTAP10-2",0.693160319275065
"KRTAP10-3",0.816584702282785
"KRTAP10-4",0.935295674580132
"KRTAP10-5",0.813270400205106
"KRTAP10-6",0.924215210062099
"KRTAP10-7",0.893198997375073
"KRTAP10-8",0.910663713469278
"KRTAP10-9",0.894396299718253
"KRTAP11-1",0.123617419208085
"KRTAP12-1",0.825187267670294
"KRTAP12-2",0.846713602753362
"KRTAP12-3",0.887017486874432
"KRTAP12-4",0.934087576297374
"KRTAP13-1",0.450225926874379
"KRTAP13-2",0.322360295848583
"KRTAP13-3",0.951517901835649
"KRTAP13-4",0.88753657680404
"KRTAP15-1",0.96478279024842
"KRTAP16-1",0.416387787460235
"KRTAP17-1",0.325064493577463
"KRTAP19-1",0.459699283705889
"KRTAP19-2",0.951264938200288
"KRTAP19-3",0.521231829815732
"KRTAP19-4",0.957969369373869
"KRTAP19-5",0.688286673262105
"KRTAP19-6",0.907194401172218
"KRTAP19-7",0.57110119396483
"KRTAP19-8",0.971855772143374
"KRTAP2-1",0.223885910181876
"KRTAP2-2",0.263820356101682
"KRTAP2-3",0.175699786898025
"KRTAP2-4",0.219357835857844
"KRTAP20-1",0.256339963485441
"KRTAP20-2",0.534952206886141
"KRTAP20-3",0.94116476020776
"KRTAP20-4",0.878000429637276
"KRTAP21-1",0.930529811292526
"KRTAP21-2",0.771978142499364
"KRTAP21-3",0.945829566994812
"KRTAP22-1",0.896110586074892
"KRTAP22-2",0.950130793475757
"KRTAP23-1",0.916953856569201
"KRTAP24-1",0.893257760867118
"KRTAP25-1",0.942728649047082
"KRTAP26-1",0.853223647803098
"KRTAP27-1",0.945022051978888
"KRTAP29-1",0.867815843381748
"KRTAP3-1",0.057124705395984
"KRTAP3-2",0.176992604492349
"KRTAP3-3",0.237308196099142
"KRTAP4-1",0.211934149849324
"KRTAP4-11",0.70921091600032
"KRTAP4-12",0.489843660983873
"KRTAP4-2",0.41869243334971
"KRTAP4-3",0.428055264556053
"KRTAP4-4",0.372785748263905
"KRTAP4-5",0.514005876519916
"KRTAP4-6",0.319418301144093
"KRTAP4-7",0.357500635380585
"KRTAP4-8",0.594505669747534
"KRTAP4-9",0.353155640238963
"KRTAP5-1",0.015665759995927
"KRTAP5-10",0.864941803485918
"KRTAP5-11",0.783341071735136
"KRTAP5-2",0.0348332219366649
"KRTAP5-3",0.766513048136082
"KRTAP5-4",0.920239508913869
"KRTAP5-5",0.932154735697998
"KRTAP5-6",0.911192128706008
"KRTAP5-7",0.499401552498107
"KRTAP5-8",0.756064995710869
"KRTAP5-9",0.751529839704273
"KRTAP6-1",0.363404883958629
"KRTAP6-2",0.917678351802708
"KRTAP6-3",0.927733015922102
"KRTAP7-1",0.293302523245684
"KRTAP8-1",0.17025637673764
"KRTAP9-1",0.965601645329499
"KRTAP9-2",0.26245584650575
"KRTAP9-3",0.270753952667178
"KRTAP9-4",0.339154059310557
"KRTAP9-6",0.919633282208215
"KRTAP9-7",0.828380244346135
"KRTAP9-8",0.25450484108297
"KRTAP9-9",0.455429856488698
"KRTCAP2",0.0662857422914173
"KRTCAP3",2.91079799743e-05
"KRTDAP",0.356760959456698
"KSR1",0.990324263384942
"KSR2",0.00264072566265613
"KTI12",0.999737004413562
"KTN1",0.999948061385704
"KXD1",0.361086435756794
"KY",0.875537249960033
"KYAT1",NA
"KYAT3",NA
"KYNU",4.51248833338656e-15
"L1CAM",0.500926593429484
"L1TD1",0.82254068384882
"L2HGDH",0.0113974545606452
"L3HYPDH",0.724706228218327
"L3MBTL1",0.192173125573515
"L3MBTL2",0.886129292658747
"L3MBTL3",0.0954244771599341
"L3MBTL4",0.61961059465803
"LACC1",0.148672878261941
"LACRT",0.925327719683918
"LACTB",7.10773412636484e-05
"LACTB2",0.855870166323325
"LACTBL1",0.675004110039101
"LAD1",0.0136516428990399
"LAG3",0.804949916836826
"LAGE3",0.925705398966083
"LAIR1",9.94833285389153e-22
"LAIR2",0.948028446588783
"LALBA",0.934887725221647
"LAMA1",0.0912857685977247
"LAMA2",0.89774130240544
"LAMA3",0.00300442343256922
"LAMA4",1.81693153926917e-07
"LAMA5",0.854551197764262
"LAMB1",0.187004795162689
"LAMB2",0.065617589652302
"LAMB3",0.998052811204677
"LAMB4",0.948185563439331
"LAMC1",0.23822228371036
"LAMC2",0.0074058152800252
"LAMC3",0.277907427673296
"LAMP1",5.28438283248651e-06
"LAMP2",0.0570764812016157
"LAMP3",0.997912172997841
"LAMP5",0.938007407053284
"LAMTOR1",0.00341023246971521
"LAMTOR2",0.676157370904931
"LAMTOR3",0.836523071531894
"LAMTOR4",0.564088381230803
"LAMTOR5",0.995651361919201
"LANCL1",0.603785360062127
"LANCL2",0.0324462048568181
"LANCL3",0.879094700018254
"LAP3",7.28115973205144e-05
"LAPTM4A",0.137749455322124
"LAPTM4B",0.815194804702748
"LAPTM5",2.17013070374177e-20
"LARP1",0.49096524730954
"LARP1B",0.00522860988730513
"LARP4",0.960719229740635
"LARP4B",0.787877877242113
"LARP6",0.983199674171279
"LARP7",0.481927440737577
"LARS",0.470625070988217
"LARS2",0.818084552409016
"LAS1L",0.000988318397026321
"LASP1",0.0899201862196994
"LAT",0.987358303423868
"LAT2",3.34083209393406e-13
"LATS1",0.053834246549107
"LATS2",0.660263545630646
"LAX1",0.43882935726902
"LAYN",0.0833443298317742
"LBH",0.392617802175051
"LBHD1",0.584390981249427
"LBP",0.868356237574121
"LBR",0.99343138000851
"LBX1",0.506453270298789
"LBX2",0.702712714168715
"LCA5",0.417537365083496
"LCA5L",0.061749085678098
"LCAT",0.9991287601886
"LCE1A",0.998459068376988
"LCE1B",0.883852435810536
"LCE1C",0.40565393785902
"LCE1D",0.891679709414471
"LCE1E",0.956095156141969
"LCE1F",0.994494299309466
"LCE2A",0.972820393967236
"LCE2B",0.935379010999111
"LCE2C",0.964014683910326
"LCE2D",0.966538347953799
"LCE3A",0.931470140743048
"LCE3B",0.965552393125462
"LCE3C",0.955578762631564
"LCE3D",0.680284907310341
"LCE3E",0.7965393110978
"LCE4A",0.963077890773819
"LCE5A",0.976372359854752
"LCE6A",0.960171784889338
"LCK",0.00221787269501397
"LCLAT1",0.272301552939783
"LCMT1",0.0892958233529336
"LCMT2",0.0125855967860572
"LCN1",0.999431920019064
"LCN10",0.905777408585942
"LCN12",0.0422942023915613
"LCN15",0.515391870402098
"LCN2",0.736053970102538
"LCN6",0.999669245261299
"LCN8",0.164427921335163
"LCN9",0.972523593718534
"LCNL1",0.279707663996641
"LCOR",0.720393114610984
"LCORL",0.00701015407518815
"LCP1",3.56727151910777e-10
"LCP2",9.78811721340657e-17
"LCT",0.786193368005415
"LCTL",6.92848535105118e-12
"LDAH",0.976480584521799
"LDB1",0.217965003344511
"LDB2",0.992119754638095
"LDB3",0.259068686995024
"LDHA",0.618929679475833
"LDHAL6A",0.30550813440088
"LDHAL6B",0.925134483804189
"LDHB",0.976519390981605
"LDHC",0.910936922589586
"LDHD",0.997427352218053
"LDLR",0.737676762972679
"LDLRAD1",0.879542819624309
"LDLRAD2",0.202829891054628
"LDLRAD3",0.000801650911013073
"LDLRAD4",0.994094751808813
"LDLRAP1",0.558278242734213
"LDOC1",0.761882925459167
"LEAP2",0.00496113446104927
"LECT2",0.287235060388215
"LEF1",0.994497808098076
"LEFTY1",0.406117999555628
"LEFTY2",0.968889540152872
"LEKR1",0.105945677585321
"LELP1",0.956134479128293
"LEMD1",0.0668215370774232
"LEMD2",0.993466134813162
"LEMD3",0.889959215996636
"LENEP",0.107512046828355
"LENG1",0.794124983659629
"LENG8",0.243108171091357
"LENG9",0.79635026004704
"LEO1",0.989138282100024
"LEP",0.977246389251705
"LEPR",0.850991724302722
"LEPROT",3.23553411417871e-05
"LEPROTL1",0.0127896083532776
"LETM1",0.593186864354062
"LETM2",0.325996814617528
"LETMD1",0.11516989845011
"LEUTX",0.954607393227314
"LFNG",0.829948028257598
"LGALS1",0.0014716836769734
"LGALS12",0.955650448018105
"LGALS13",0.897390023775481
"LGALS14",0.913429102129019
"LGALS16",0.91275061262884
"LGALS2",0.365778262990984
"LGALS3",8.0473682745651e-09
"LGALS3BP",4.46793459875509e-05
"LGALS4",0.0921354120017671
"LGALS7",0.309727248061962
"LGALS7B",0.147054710536548
"LGALS8",0.999542389459423
"LGALS9",1.78110166438495e-18
"LGALS9B",0.0702134643765588
"LGALS9C",0.0338376386354561
"LGALSL",0.999131010537975
"LGI1",0.878620259141515
"LGI2",0.225565525697706
"LGI3",0.475018682009617
"LGI4",0.137686448491948
"LGMN",9.31480305900425e-05
"LGR4",0.174446135998041
"LGR5",0.407611224266646
"LGR6",0.486086764725568
"LGSN",0.8241700485167
"LHB",0.191803049246049
"LHCGR",0.79539966830799
"LHFPL1",0.785205447169035
"LHFPL2",1.91520190990837e-09
"LHFPL3",0.000481081199223638
"LHFPL4",0.272939094327054
"LHFPL5",0.292386824882308
"LHPP",0.757273272927989
"LHX1",0.0602289184581308
"LHX2",0.988326078819664
"LHX3",0.973160003586988
"LHX4",0.0474520754579763
"LHX5",0.309574398630741
"LHX6",0.583860097114234
"LHX8",0.195469683708349
"LHX9",0.279687003319838
"LIAS",0.136067593191309
"LIF",1.34812338616563e-05
"LIFR",0.66807999999169
"LIG1",0.000140586323235003
"LIG3",6.800048297331e-05
"LIG4",0.988742996767235
"LILRA1",5.28856683840008e-12
"LILRA2",5.09793713283771e-14
"LILRA4",0.998747176717337
"LILRA5",0.58155428143457
"LILRA6",0.181666454162314
"LILRB1",1.02645771270543e-19
"LILRB2",3.783653327286e-06
"LILRB3",0.14683951339358
"LILRB4",1.39550867196965e-17
"LILRB5",0.699907399556557
"LIM2",0.946888631251837
"LIMA1",0.0140766241519521
"LIMCH1",0.517572802075256
"LIMD1",0.0515968248065217
"LIMD2",0.903186419989757
"LIME1",0.0416471662795942
"LIMK1",0.134878455940239
"LIMK2",0.120333497873087
"LIMS1",1.40636418289541e-05
"LIMS2",0.880350922170853
"LIMS3",0.374875038932946
"LIN28A",0.781026102313071
"LIN28B",0.264027774787129
"LIN37",0.806056271372156
"LIN52",0.817807816151783
"LIN54",0.896271077776472
"LIN7A",0.93832925053947
"LIN7B",0.601335528515355
"LIN7C",0.833081142882773
"LIN9",0.00104450551396474
"LINC00452",0.994325711156298
"LINGO1",0.997609251841344
"LINGO2",0.0768340688299304
"LINGO3",0.436527856081422
"LINGO4",0.434105294952941
"LIPA",0.00112352311673016
"LIPC",0.600191260167685
"LIPE",0.625461283469074
"LIPF",0.320122574641424
"LIPG",0.809339359019617
"LIPH",0.235493250200422
"LIPI",0.909367322002614
"LIPJ",0.162190068765138
"LIPK",0.780416572307995
"LIPM",0.569322795726144
"LIPN",0.996431703776683
"LIPT1",0.974841067815722
"LIPT2",0.0184317269958754
"LITAF",0.000187315826302615
"LIX1",0.062062632391048
"LIX1L",0.794694394275275
"LKAAEAR1",0.659744905378967
"LLGL1",0.12298566006672
"LLGL2",0.0358970532645205
"LLPH",0.861709363639682
"LMAN1",0.677825229218312
"LMAN1L",0.286317662068801
"LMAN2",0.000656824952037438
"LMAN2L",0.674788587343624
"LMBR1",0.0359948363667385
"LMBR1L",0.174538864794357
"LMBRD1",0.217984948781983
"LMBRD2",0.909722455006774
"LMCD1",0.0227652980579858
"LMF1",0.15843699833861
"LMF2",0.350747247945746
"LMLN",0.563224312974049
"LMNA",0.517295398345715
"LMNB1",0.24152545628869
"LMNB2",0.221279171769263
"LMNTD1",0.0973791632169654
"LMNTD2",0.0902610174901297
"LMO1",0.975611236777456
"LMO2",6.60677262237979e-07
"LMO3",0.0866387308380424
"LMO4",0.112958738280224
"LMO7",0.435537366680836
"LMO7DN",0.630144023766336
"LMOD1",0.0309765387382827
"LMOD2",0.773219255727944
"LMOD3",0.929268401765879
"LMTK2",0.000116839890975183
"LMTK3",0.676440366040277
"LMX1A",0.518620156302515
"LMX1B",0.444792050627069
"LNP1",0.365166762850271
"LNPEP",0.944445696364641
"LNPK",NA
"LNX1",0.994019196556405
"LNX2",0.408956056043292
"LOC110384692",NA
"LONP1",0.790913449046269
"LONP2",0.965533820288045
"LONRF1",0.980953506473636
"LONRF2",0.926050809503796
"LONRF3",0.764512235031281
"LOR",0.680280980667233
"LOX",0.403110050411717
"LOXHD1",0.514869349262128
"LOXL1",0.0576142076229049
"LOXL2",0.0917818211352027
"LOXL3",0.000121115675458767
"LOXL4",0.906925386790568
"LPA",0.155447931035982
"LPAR1",0.872068573076597
"LPAR2",0.0277771552621961
"LPAR3",0.00938969761491262
"LPAR4",0.360443344739011
"LPAR5",3.42600948088562e-10
"LPAR6",5.09038285746092e-10
"LPCAT1",0.993056819660942
"LPCAT2",1.36191089798628e-08
"LPCAT3",0.408098928898685
"LPCAT4",0.37535711699888
"LPGAT1",0.00316352740449318
"LPIN1",0.532209048005075
"LPIN2",0.858099574153888
"LPIN3",0.623285920654669
"LPL",0.0385973891301072
"LPO",0.00147874286699741
"LPP",0.00301267714472625
"LPXN",2.2556168974948e-15
"LRAT",0.930958154194969
"LRBA",0.0454450688841909
"LRCH1",0.99921848876802
"LRCH2",0.999985924200327
"LRCH3",0.757809988518722
"LRCH4",0.635059714179206
"LRCOL1",0.833388690527741
"LRFN1",0.966121378992827
"LRFN2",0.98032577701357
"LRFN3",0.916321160023586
"LRFN4",0.586525527729586
"LRFN5",0.927906799538943
"LRG1",0.787753026186451
"LRGUK",0.0155457037014498
"LRIF1",0.311765750536011
"LRIG1",9.95205941085418e-05
"LRIG2",0.14504789365867
"LRIG3",0.0926006563231319
"LRIT1",0.7050582118258
"LRIT2",0.475739891530551
"LRIT3",0.655418153227398
"LRMP",0.00224805786644313
"LRP1",8.96658003815136e-08
"LRP10",7.86619415975439e-07
"LRP11",0.285070034956253
"LRP12",0.987690969405675
"LRP1B",0.000774110330657035
"LRP2",0.998132126134096
"LRP2BP",0.00107619753043949
"LRP3",0.943896711320933
"LRP4",0.415278754965189
"LRP5",0.953729163984585
"LRP5L",0.146149250224761
"LRP6",0.345685312793144
"LRP8",0.568581189129263
"LRPAP1",0.0111711859860476
"LRPPRC",0.23077312218438
"LRR1",0.933728551773637
"LRRC1",0.717933615758841
"LRRC10",0.934150281758407
"LRRC10B",0.0977599968233497
"LRRC14",0.858956384254853
"LRRC14B",0.136700315450537
"LRRC15",0.354965915038013
"LRRC17",0.958993893112727
"LRRC18",0.679714395947633
"LRRC19",0.432127183873958
"LRRC2",0.989025920722376
"LRRC20",0.218613736629746
"LRRC23",0.189243264089105
"LRRC24",0.999979718763662
"LRRC25",5.00272639552223e-14
"LRRC26",0.0541275746839995
"LRRC27",0.0967558321968033
"LRRC28",0.0681518915264713
"LRRC29",0.694482939677683
"LRRC3",0.000326843977892908
"LRRC30",0.957090359559024
"LRRC31",0.733944019037221
"LRRC32",0.03202207679871
"LRRC34",0.565369777721369
"LRRC36",0.0425749413861217
"LRRC37A",0.533096365679961
"LRRC37A2",0.166631705049861
"LRRC37A3",0.271915676137995
"LRRC37B",0.0195426933748751
"LRRC38",0.353219610080277
"LRRC39",0.996613269455236
"LRRC3B",0.975941477528112
"LRRC3C",0.403647993330191
"LRRC4",0.33162675310596
"LRRC40",0.450274077210798
"LRRC41",0.782157120004744
"LRRC42",0.660851825312283
"LRRC43",0.515562505523184
"LRRC45",1.62650594567907e-05
"LRRC46",0.0278508059203906
"LRRC47",0.000275746587954606
"LRRC49",0.000531070675635621
"LRRC4B",0.691440884848679
"LRRC4C",0.000207611632017328
"LRRC52",0.999821683530888
"LRRC53",0.628423908962144
"LRRC55",0.558916582434971
"LRRC56",0.00400267475769789
"LRRC57",0.305858479549795
"LRRC58",0.942917853711277
"LRRC59",0.732470199731342
"LRRC6",0.157239863377707
"LRRC61",0.989465857900733
"LRRC63",0.206491508766463
"LRRC66",0.354249499610078
"LRRC69",0.713415320669038
"LRRC7",0.200712561680295
"LRRC70",0.842133687981437
"LRRC71",0.00550934987240223
"LRRC72",0.922255626465236
"LRRC73",0.206402864920433
"LRRC74A",0.999434076101907
"LRRC74B",0.153018744863468
"LRRC75A",0.985799576881509
"LRRC75B",0.254062016764648
"LRRC8A",0.17298060869933
"LRRC8B",0.67997075821191
"LRRC8C",0.06690912041849
"LRRC8D",0.567875930734124
"LRRC8E",0.354312724767827
"LRRC9",0.310641269375035
"LRRCC1",0.903673924054411
"LRRD1",0.266371122966276
"LRRFIP1",0.0894684195049975
"LRRFIP2",0.771726363543332
"LRRIQ1",0.00322818433561831
"LRRIQ3",0.278911641658315
"LRRIQ4",0.129599745343738
"LRRK1",0.00554046476507401
"LRRK2",0.0017197171087316
"LRRN1",0.642569429949911
"LRRN2",0.778230004969585
"LRRN3",0.996562128127985
"LRRN4",0.213856826967426
"LRRN4CL",4.62170194374642e-07
"LRRTM1",0.993347684195802
"LRRTM2",0.267141339353175
"LRRTM3",0.00110023634323527
"LRRTM4",0.112939834519008
"LRSAM1",0.93622739193018
"LRTM1",0.165519247912021
"LRTM2",0.239270016528491
"LRTOMT",0.09413177882514
"LRWD1",0.806561152693249
"LSAMP",0.463461539493296
"LSG1",0.832379888425436
"LSM1",0.903013452229046
"LSM10",0.0424269084846827
"LSM11",0.000590632409912124
"LSM12",0.935124854117566
"LSM14A",0.0207533729103662
"LSM14B",1.34457946887327e-05
"LSM2",0.998334941064084
"LSM3",0.788073360453394
"LSM4",0.419126496728354
"LSM5",0.638721594204709
"LSM6",0.914280604161321
"LSM7",0.905619857704368
"LSM8",0.90018965631758
"LSMEM1",0.177998684361067
"LSMEM2",0.459373829839146
"LSP1",0.00323020579852999
"LSR",0.839275618277626
"LSS",0.56516758973652
"LST1",2.54801806581357e-15
"LTA",0.999831712810379
"LTA4H",0.996160297565903
"LTB",0.00457405211261945
"LTB4R",0.332684061245219
"LTB4R2",0.0780286728391024
"LTBP1",0.298994393484002
"LTBP2",0.00469915768375197
"LTBP3",0.0528010483337792
"LTBP4",0.981588107048244
"LTBR",1.68960673560772e-10
"LTC4S",0.0327750371351918
"LTF",0.102109595454239
"LTK",0.818604695783074
"LTN1",0.811748570446811
"LTV1",0.999423912847701
"LUC7L",0.000785944682374884
"LUC7L2",0.831748911300533
"LUC7L3",0.000367499719413505
"LUM",0.198809061068889
"LURAP1",0.102246568162769
"LURAP1L",0.174869455495172
"LUZP1",0.753956196009664
"LUZP2",0.804267250706666
"LUZP4",0.957023349177689
"LUZP6",0.932453961364879
"LVRN",0.661481633088198
"LXN",0.648302626296746
"LY6D",0.153898244008964
"LY6E",0.890783133917559
"LY6G5B",0.0918983123442833
"LY6G5C",0.359821872293862
"LY6G6C",0.170447010929971
"LY6G6D",0.00970485707329874
"LY6G6F",0.971077332631114
"LY6H",0.669309232016247
"LY6K",0.968595668978316
"LY75",0.000196056762191473
"LY75-CD302",1.84455188637807e-05
"LY86",4.82437069319906e-18
"LY9",0.184408684084864
"LY96",8.24166783807327e-14
"LYAR",0.878223623738886
"LYG1",0.0306857738148993
"LYG2",0.0197334833832262
"LYL1",1.43682175283287e-06
"LYN",5.66844719845809e-06
"LYNX1",0.618402008901574
"LYPD1",0.00739333904732276
"LYPD2",0.740385781992215
"LYPD3",0.116823030096126
"LYPD4",0.958967216773131
"LYPD5",0.758454890527628
"LYPD6",0.0539730723717514
"LYPD6B",0.0562363119923602
"LYPD8",0.431830304849047
"LYPLA1",0.971226102222732
"LYPLA2",0.545274061096864
"LYPLAL1",0.992082920534185
"LYRM1",0.0568804214305201
"LYRM2",0.539971195418729
"LYRM4",0.965435957435766
"LYRM7",0.801328639347473
"LYRM9",0.990359436970277
"LYSMD1",0.000772202973357179
"LYSMD2",0.0509302205828496
"LYSMD3",0.95706996531645
"LYSMD4",0.119717265628381
"LYST",0.562289678795715
"LYVE1",0.000743622250667776
"LYZ",6.15544766755297e-09
"LYZL1",0.956866615261579
"LYZL2",0.960315369096796
"LYZL4",0.620494940553608
"LYZL6",0.948431935826714
"LZIC",0.940018853080171
"LZTFL1",0.0203487852260857
"LZTR1",0.934997500307961
"LZTS1",0.117133128376978
"LZTS2",0.997124953968938
"LZTS3",0.593820599571749
"M1AP",0.988492818209641
"M6PR",3.92735200721315e-05
"MAATS1",0.0140915309303004
"MAB21L1",0.0253934178834955
"MAB21L2",0.31611160209621
"MAB21L3",0.245465663714357
"MACC1",0.990202996846691
"MACF1",0.655098736314415
"MACROD1",0.917277287996583
"MACROD2",0.836377009056459
"MAD1L1",0.339765898514622
"MAD2L1",0.0708317162813995
"MAD2L1BP",0.895316902835186
"MAD2L2",0.999997719499422
"MADCAM1",0.0405314524473256
"MADD",0.00432310105146126
"MAEA",0.118833791717766
"MAEL",0.985564811734314
"MAF",0.269521686225589
"MAF1",0.998694861488045
"MAFA",0.414636441192926
"MAFB",9.54624659752802e-11
"MAFF",0.491592205527565
"MAFG",0.989290866997787
"MAFK",0.266200537295384
"MAG",0.836763059055128
"MAGEA1",0.942477958383224
"MAGEA10",0.886307198260877
"MAGEA11",0.921323941779692
"MAGEA12",0.997989750964107
"MAGEA2",0.798265853800069
"MAGEA2B",0.792645071632114
"MAGEA3",0.850602356302704
"MAGEA4",0.890003020374797
"MAGEA5",0.958228213697976
"MAGEA6",0.841712861222895
"MAGEA8",0.764943291511843
"MAGEA9",0.956393184736563
"MAGEA9B",0.76732198660741
"MAGEB1",0.947394701879069
"MAGEB10",0.94016720454626
"MAGEB16",0.954821370614594
"MAGEB17",0.446856552796129
"MAGEB18",0.93401081642582
"MAGEB2",0.928224597804858
"MAGEB3",0.956425957576785
"MAGEB4",0.962536561845
"MAGEB5",0.934019217436564
"MAGEB6",0.934203196694854
"MAGEC1",0.927480862774745
"MAGEC2",0.960282183195619
"MAGEC3",0.698688800970771
"MAGED1",0.572547767140739
"MAGED2",0.984415027262423
"MAGED4",0.792764373599776
"MAGED4B",0.515387849138785
"MAGEE1",0.348490658868252
"MAGEE2",0.972819638573933
"MAGEF1",0.586000988131577
"MAGEH1",0.721374967654237
"MAGEL2",0.925083460869005
"MAGI1",0.00168346430247428
"MAGI2",0.872804869471121
"MAGI3",0.0829233490729315
"MAGIX",0.485049684898021
"MAGOH",0.628166404214792
"MAGOHB",0.990286308125078
"MAGT1",0.00104721419024261
"MAIP1",NA
"MAK",0.0190095039603091
"MAK16",0.997092802249731
"MAL",0.914695857004391
"MAL2",0.000736494587703845
"MALL",0.123030832454945
"MALRD1",0.997080552586032
"MALSU1",0.65094600330203
"MALT1",0.997579621034421
"MAMDC2",0.191725606824832
"MAMDC4",0.0172378763307894
"MAML1",0.143081419790862
"MAML2",0.677596397619537
"MAML3",0.0756452325250748
"MAMLD1",0.992084509576488
"MAMSTR",0.0265353977382029
"MAN1A1",0.118809853392225
"MAN1A2",0.775165918136087
"MAN1B1",0.927176976099527
"MAN1C1",2.19479039050282e-05
"MAN2A1",0.436068130558756
"MAN2A2",0.966768857508402
"MAN2B1",2.7586524222923e-08
"MAN2B2",6.41353619040073e-09
"MAN2C1",0.728522084158663
"MANBA",1.567958573444e-06
"MANBAL",0.761565641424399
"MANEA",0.774946297510414
"MANEAL",0.249714551870153
"MANF",0.445391483563247
"MANSC1",0.784853901704573
"MANSC4",0.00704150915673513
"MAOA",0.746060282524764
"MAOB",0.00490687004889855
"MAP10",0.897477468704629
"MAP1A",0.493788862056508
"MAP1B",0.0368811906075969
"MAP1LC3A",0.973280872097333
"MAP1LC3B",0.063226001548525
"MAP1LC3B2",0.303918336687747
"MAP1LC3C",0.985861618606144
"MAP1S",0.984930742610142
"MAP2",0.722147120444035
"MAP2K1",0.623604384004186
"MAP2K2",0.935308765572834
"MAP2K3",0.456967055634163
"MAP2K4",0.0450118325154635
"MAP2K5",0.999836898061927
"MAP2K6",0.0491439601538402
"MAP2K7",0.521729702482438
"MAP3K1",0.290350377862187
"MAP3K10",0.156473687476103
"MAP3K11",0.862699359077452
"MAP3K12",0.897044267360482
"MAP3K13",0.809221231287015
"MAP3K14",0.985314420364957
"MAP3K15",0.998977341328664
"MAP3K19",0.0616418689798507
"MAP3K2",0.96691941655354
"MAP3K20",NA
"MAP3K3",0.763782791907373
"MAP3K4",0.985629529131916
"MAP3K5",0.00350258253491486
"MAP3K6",0.221125742083223
"MAP3K7",0.854273842080644
"MAP3K7CL",0.00140606667321633
"MAP3K8",6.69601929264453e-07
"MAP3K9",0.000837505361717645
"MAP4",0.104103914149103
"MAP4K1",4.31440525547702e-06
"MAP4K2",0.64156830601386
"MAP4K3",2.19255933317777e-05
"MAP4K4",0.922684213358956
"MAP4K5",0.91980150156247
"MAP6",0.486267408568728
"MAP6D1",0.977383427858787
"MAP7",0.394860217101521
"MAP7D1",0.860947776063879
"MAP7D2",0.116260733022205
"MAP7D3",0.44319129193113
"MAP9",0.967465338224379
"MAPK1",0.390090455683867
"MAPK10",0.996439749211749
"MAPK11",0.791078140085284
"MAPK12",0.715550184950057
"MAPK13",0.806224356815222
"MAPK14",0.964864272288902
"MAPK15",0.000422065576329285
"MAPK1IP1L",0.785531426492835
"MAPK3",0.425289355157561
"MAPK4",0.967991462566815
"MAPK6",0.191308062096192
"MAPK7",0.861811309669603
"MAPK8",0.0012815148686366
"MAPK8IP1",0.395854748157867
"MAPK8IP2",0.00860132602252098
"MAPK8IP3",0.387290848971827
"MAPK9",0.707572081357619
"MAPKAP1",0.0602014475151065
"MAPKAPK2",0.106674865856334
"MAPKAPK3",0.723594363105418
"MAPKAPK5",0.0413652537643372
"MAPKBP1",0.0336989557314851
"MAPRE1",0.427767229473279
"MAPRE2",0.902127582932286
"MAPRE3",0.468140966831014
"MAPT",0.850038125798891
"MARC1",0.999904924903145
"MARC2",0.897265941123723
"MARCKS",0.954350695531515
"MARCKSL1",0.628652846108931
"MARCO",0.0489168496109435
"MARK1",0.728515419949988
"MARK2",0.182160707346807
"MARK3",0.0355693598583444
"MARK4",0.0111896449262858
"MARS",0.958019502156178
"MARS2",0.923121281586391
"MARVELD1",0.388840713735411
"MARVELD2",0.345157589430716
"MARVELD3",0.785031028277635
"MAS1",0.602798412296099
"MAS1L",0.965201932775076
"MASP1",0.93751459789474
"MASP2",1.81018910711373e-05
"MAST1",0.00063508274852023
"MAST2",0.228893476381011
"MAST3",0.994387290659074
"MAST4",0.572253677490702
"MASTL",0.674840201441593
"MAT1A",0.6492682695047
"MAT2A",0.998821894051128
"MAT2B",0.310264098750376
"MATK",0.0760043570739234
"MATN1",0.917809400510368
"MATN2",0.000123460203713456
"MATN3",0.559566906696603
"MATN4",0.515049583093834
"MATR3",0.12177929641233
"MAU2",0.108584733947223
"MAVS",0.0868496836217447
"MAX",0.960864502996163
"MAZ",0.000895156059029013
"MB",0.980227343822405
"MB21D2",0.426706811771402
"MBD1",0.369574817925367
"MBD2",0.00344440196427811
"MBD3",0.528695848802999
"MBD3L1",0.937452831540836
"MBD3L2",0.810954170310889
"MBD3L3",0.861236017941489
"MBD3L4",0.95060973395728
"MBD3L5",0.951264579845634
"MBD4",0.358064197647488
"MBD5",0.352967703431776
"MBD6",0.99968563478916
"MBIP",0.703842188112766
"MBL2",0.985885363567697
"MBLAC1",0.00153590072293241
"MBLAC2",0.00444532191347335
"MBNL1",1.50627770034656e-07
"MBNL2",0.969476533348761
"MBNL3",0.632837987307162
"MBOAT1",0.993957485991268
"MBOAT2",0.607787115575386
"MBOAT4",0.89401227090388
"MBOAT7",0.761905207487634
"MBP",0.9310519840374
"MBTD1",0.00510674997454855
"MBTPS1",0.997151465790713
"MBTPS2",0.568453159532525
"MC1R",0.762181702685305
"MC2R",0.995550140266888
"MC3R",0.999987842124582
"MC4R",0.638897842825762
"MC5R",0.260538790380728
"MCAM",0.0137403712114867
"MCAT",0.196077581576123
"MCC",0.608095543833407
"MCCC1",0.919019122245999
"MCCC2",0.999680047688923
"MCCD1",0.207620393784585
"MCEE",0.98893017934305
"MCEMP1",0.99996712713955
"MCF2",0.974794570224663
"MCF2L",0.334608912647768
"MCF2L2",0.99950359712641
"MCFD2",0.698419966979646
"MCHR1",1.28838029238855e-05
"MCHR2",0.535308944517908
"MCIDAS",0.485581931694825
"MCL1",5.70035177876763e-06
"MCM10",0.462999985919953
"MCM2",0.0494084522547037
"MCM3",0.452055866958371
"MCM3AP",0.299555530150813
"MCM4",0.159255540172979
"MCM5",0.955165269655303
"MCM6",0.32058899397991
"MCM7",0.014597630543853
"MCM8",0.193484966848274
"MCM9",0.921383307656849
"MCMBP",0.989399105947379
"MCMDC2",0.544446654438199
"MCOLN1",0.355481878783145
"MCOLN2",0.997302707041176
"MCOLN3",0.759564014093077
"MCPH1",0.979700712178601
"MCRIP1",NA
"MCRS1",0.699545192545297
"MCTP1",0.962941331834793
"MCTP2",0.938460272579933
"MCTS1",0.997754080634684
"MCU",0.29469556733129
"MCUR1",0.13676989237227
"MDC1",0.448390535725186
"MDFI",0.674126846979925
"MDFIC",0.996333097858148
"MDGA1",0.979725003494524
"MDGA2",0.0447304958094335
"MDH1",0.990136936809285
"MDH1B",0.147086270286568
"MDH2",0.990241879991201
"MDK",0.950468984052194
"MDM1",0.00688235792515528
"MDM2",0.336705907866286
"MDM4",0.129342939557176
"MDN1",0.430542979454778
"MDP1",0.792240184741285
"MDS2",0.996215729197339
"ME1",1.282271303391e-07
"ME2",0.726095774509148
"ME3",0.044662545373788
"MEA1",0.243098350343166
"MEAF6",0.0358144268879554
"MECOM",0.829593544899496
"MECP2",0.290269002269073
"MECR",0.879571822554507
"MED1",0.839876365136913
"MED10",0.995179104080006
"MED11",0.136169272956663
"MED12",0.506390529896834
"MED12L",0.770450494714856
"MED13",0.603946036686986
"MED13L",0.365642513634058
"MED14",0.76896837244433
"MED14OS",0.949117832212344
"MED15",0.0274459615366464
"MED16",0.99129782266006
"MED17",0.431032796100198
"MED18",0.984317834161681
"MED19",0.970058183350298
"MED20",0.997969245004923
"MED21",0.996189639091946
"MED22",0.779732511954299
"MED23",0.194391758241786
"MED24",0.128300498825436
"MED25",0.188588159930437
"MED26",0.77727591762851
"MED27",0.975944733263741
"MED28",0.101054466076998
"MED29",0.891701629288928
"MED30",0.145486045304552
"MED31",0.996902841748637
"MED4",0.48064095861767
"MED6",0.0171887168006325
"MED7",0.743067014820842
"MED8",0.94712632969897
"MED9",0.808676694205931
"MEDAG",0.209273540641814
"MEF2A",0.0441276381259966
"MEF2B",0.320724092841989
"MEF2C",0.00890601393542761
"MEF2D",0.993281115865306
"MEFV",0.915117562530669
"MEGF10",0.353739995622539
"MEGF11",0.0930169471023951
"MEGF6",0.00283368261294172
"MEGF8",0.999363300186947
"MEGF9",0.840947543582979
"MEI1",0.451115049379334
"MEI4",0.990264463968826
"MEIG1",0.0502326832895804
"MEIKIN",0.930894800255172
"MEIOB",0.839797514186354
"MEIS1",0.445889018336515
"MEIS2",0.991900689974848
"MEIS3",0.778083571215924
"MELK",0.627398252704161
"MEMO1",NA
"MEN1",0.319737160791225
"MEOX1",0.605484551307356
"MEOX2",0.972662460934376
"MEP1A",0.701547066015714
"MEP1B",0.922870975806679
"MEPCE",0.842401519124759
"MEPE",0.934381554634083
"MERTK",0.0128301746697285
"MESD",NA
"MESP1",0.307829707386023
"MESP2",0.448440445847192
"MEST",0.968027856162939
"MET",0.9219508440459
"METAP1",0.342834189584782
"METAP1D",0.973234835103404
"METAP2",0.941157696085355
"METRN",0.00743621750112633
"METRNL",0.625687578327938
"METTL1",0.741490574340004
"METTL11B",0.820754838343535
"METTL13",NA
"METTL14",0.517703484106483
"METTL15",0.548198354754577
"METTL16",0.165524638616363
"METTL17",0.192220765780772
"METTL18",0.962658203387826
"METTL21A",0.396196922321715
"METTL21C",0.878338111159582
"METTL22",0.0382826988835558
"METTL23",0.943033421555982
"METTL24",0.649090862195961
"METTL25",0.932600841017783
"METTL26",NA
"METTL2A",0.288134321914496
"METTL2B",0.84897514808461
"METTL3",0.0207308554795067
"METTL4",0.919430504741645
"METTL5",0.996786059449031
"METTL6",0.935740927329895
"METTL7A",0.0472042584815727
"METTL7B",0.0303932549003943
"METTL8",0.330940344751776
"METTL9",0.725193840701601
"MEX3A",0.000840258282173187
"MEX3B",0.00111584104664516
"MEX3C",0.99297403600806
"MEX3D",0.0173665126282696
"MFAP1",0.0386135230537012
"MFAP2",0.363369194009783
"MFAP3",0.982787609763511
"MFAP3L",0.0125226663265011
"MFAP4",0.901996254922567
"MFAP5",0.736366171031887
"MFF",0.482106133924289
"MFGE8",0.0109553277674771
"MFHAS1",0.996871035215359
"MFN1",0.523405001615043
"MFN2",0.995735491376578
"MFNG",0.0131317742560914
"MFRP",0.998606590722086
"MFSD1",3.72209833027694e-11
"MFSD10",0.868034837366221
"MFSD11",0.939889227147053
"MFSD12",0.159354804324098
"MFSD2A",0.694426753215591
"MFSD2B",0.851078322648332
"MFSD3",0.803282171827032
"MFSD5",0.00418375484520529
"MFSD6",0.597144353346056
"MFSD6L",0.892396446816423
"MFSD8",0.999768538686675
"MFSD9",0.0279340844949179
"MGA",0.0874993121865294
"MGAM",0.939611105070881
"MGAM2",0.874077413282171
"MGARP",0.217735053834781
"MGAT1",5.96982667936011e-07
"MGAT2",0.0260175417630446
"MGAT3",0.304327822808008
"MGAT4A",5.54937470102258e-10
"MGAT4B",0.897621962110591
"MGAT4C",0.109956609246067
"MGAT4D",0.863122463599623
"MGAT5",0.992129531950419
"MGAT5B",0.00220676615934894
"MGLL",0.403211074754107
"MGME1",0.79249606485737
"MGMT",0.891809168282048
"MGP",0.093670140198526
"MGRN1",0.923008009616973
"MGST1",0.992260952190278
"MGST2",0.0020982073104944
"MGST3",0.991602439394704
"MIA",0.00346677056744914
"MIA2",0.950544688157205
"MIA3",0.66912723522026
"MIB1",0.000156520975679177
"MIB2",0.00383941703025776
"MICA",0.869761533529858
"MICAL1",0.998335582835832
"MICAL2",0.433167947532092
"MICAL3",0.111598399226366
"MICALCL",0.646284525377145
"MICALL1",0.985269398220945
"MICALL2",0.0118683089139495
"MICB",0.271793773432864
"MICU1",0.737301492100144
"MICU2",0.647579005996558
"MICU3",0.129039053027781
"MID1",0.949164349596448
"MID1IP1",0.903582520776954
"MID2",0.782477115129015
"MIDN",0.740204013734457
"MIEF1",0.996363606398489
"MIEF2",0.00573312925280943
"MIEN1",0.722579049543487
"MIER1",0.998513849515586
"MIER2",0.99276401673698
"MIER3",0.149101136971923
"MIF",0.955699986369527
"MIF4GD",0.120836196099855
"MIIP",0.949036093170841
"MILR1",4.47236229855312e-20
"MINDY1",NA
"MINDY3",NA
"MINK1",0.926189653395013
"MINOS1",NA
"MINPP1",0.989020629874998
"MIOS",0.555917658851034
"MIOX",0.787643733710887
"MIP",0.994135454358981
"MIPEP",0.0243857627392041
"MIPOL1",0.160317961964258
"MIR1-1HG",0.953035436589979
"MIS12",0.684559426513794
"MIS18A",0.0112710954568487
"MIS18BP1",0.854075328689653
"MISP",0.20084841733938
"MITD1",0.861914069450698
"MITF",0.00280382614129287
"MIXL1",0.0861234428477514
"MKI67",0.765575307301093
"MKKS",0.997914567921932
"MKLN1",0.683202525420278
"MKNK1",0.0496942339950288
"MKNK2",0.998214102531191
"MKRN1",0.825573241939315
"MKRN2",0.987224085072409
"MKRN2OS",0.00799996572396354
"MKRN3",0.0329004259160885
"MKS1",2.98699899852016e-05
"MKX",0.0361413798360133
"MLANA",0.891190109928187
"MLC1",0.702535668462318
"MLEC",6.37102423228199e-05
"MLF1",0.530177983982654
"MLF2",0.617612776693638
"MLH1",0.99985228299825
"MLH3",0.0107939349993211
"MLIP",0.993084457725453
"MLKL",0.00724698353777116
"MLLT1",0.824709332346188
"MLLT10",0.0886799346070471
"MLLT11",0.805281697482545
"MLLT3",0.526265173171885
"MLLT6",0.19538839698267
"MLN",0.962600113112675
"MLNR",0.850370840868247
"MLPH",0.941250920433833
"MLST8",0.42165115760498
"MLX",0.348168782696512
"MLXIP",0.63406675738011
"MLXIPL",0.854687499037605
"MLYCD",0.548077259293198
"MMAA",0.357676559941752
"MMAB",0.962611724690476
"MMACHC",0.50338994479056
"MMADHC",0.999858727756329
"MMD",0.999704739081938
"MMD2",0.898877285203107
"MME",0.577798619274478
"MMEL1",0.918096193388055
"MMGT1",0.872541395238901
"MMP1",0.982431762327617
"MMP10",0.869008914799672
"MMP11",0.99998204608669
"MMP12",0.629368393304773
"MMP13",0.946450815043086
"MMP14",0.532072222509003
"MMP15",0.930913387956946
"MMP16",0.366302637690508
"MMP17",0.771724568775134
"MMP19",2.64485439254576e-07
"MMP2",0.000456272724595369
"MMP20",0.303624423084712
"MMP21",0.970663044117629
"MMP23B",0.272145976912613
"MMP24",0.147868817308524
"MMP25",0.814106625346548
"MMP26",0.965027743647319
"MMP27",0.944433644520605
"MMP28",0.978614077662447
"MMP3",0.698666302402649
"MMP7",0.993780732162937
"MMP8",0.956481384029094
"MMP9",0.948130443190381
"MMRN1",0.561791345727008
"MMRN2",0.923680446765132
"MMS19",0.654705847890636
"MMS22L",0.216987958868818
"MN1",0.74466020677361
"MNAT1",0.746683988276424
"MND1",0.227320624893861
"MNDA",1.53419373192787e-11
"MNS1",0.0048620062200355
"MNT",0.777410701954857
"MNX1",0.829690407253519
"MOAP1",0.444086093694189
"MOB1A",0.433548622164876
"MOB1B",0.485949733539183
"MOB2",0.181862787187124
"MOB3A",0.00400897949935817
"MOB3B",0.854664193376099
"MOB3C",0.00350409722981735
"MOB4",0.669112696476933
"MOBP",0.320370815672853
"MOCOS",0.780451394888096
"MOCS1",0.0589287778385925
"MOCS2",0.771822383233646
"MOCS3",0.700666665782641
"MOG",0.571026680712325
"MOGAT1",0.920738790897657
"MOGAT2",0.871479386323931
"MOGAT3",0.948672699135953
"MOGS",0.902144985203513
"MOK",0.00825677895369074
"MON1A",0.45130635825787
"MON1B",0.583993275996278
"MON2",0.184654847414375
"MORC1",0.878475513492696
"MORC2",0.489067738549031
"MORC3",0.534256234433119
"MORC4",0.966235031023193
"MORF4L1",0.953990439828276
"MORF4L2",0.157810444389572
"MORN1",3.43967413795888e-05
"MORN2",0.502761148251906
"MORN3",0.380727763088403
"MORN4",0.574970816508634
"MORN5",0.229450751613334
"MOS",0.766081254426657
"MOSPD1",0.937229141473334
"MOSPD2",0.991435251107929
"MOSPD3",0.969128593802705
"MOV10",0.905197597534327
"MOV10L1",0.611812836996796
"MOXD1",0.520977121776941
"MPC1",0.00132682467136191
"MPC1L",0.910506522215794
"MPC2",0.999966184807896
"MPDU1",0.019598962266292
"MPDZ",0.91652303965087
"MPEG1",3.95977745252442e-07
"MPG",0.628454340177852
"MPHOSPH10",0.527867019822179
"MPHOSPH6",0.80260036097431
"MPHOSPH8",0.0488295972022962
"MPHOSPH9",0.219284522659788
"MPI",0.999658613678399
"MPL",0.0948669924118155
"MPLKIP",0.000949725264181614
"MPND",0.42445566764242
"MPO",0.677234707566948
"MPP1",0.025162403001484
"MPP2",0.251348092381996
"MPP3",0.00835442403861317
"MPP4",0.890205981355642
"MPP5",0.761804129890234
"MPP6",0.836259533956722
"MPP7",1.50717890190024e-05
"MPPE1",0.0914038556799702
"MPPED1",0.0279238486520149
"MPPED2",0.816251949840747
"MPRIP",0.427181086864141
"MPST",0.919577289693151
"MPV17",0.592277820345261
"MPV17L",0.598641236000365
"MPV17L2",0.186607751517796
"MPZ",0.66771021069536
"MPZL1",0.475993056271249
"MPZL2",0.535175888361911
"MPZL3",0.808835995155709
"MR1",0.00301885667617712
"MRAP",0.245199533226028
"MRAP2",0.944737499382842
"MRAS",0.00964664479056787
"MRC1",0.00257341030911016
"MRC2",0.0146642210526225
"MRE11",NA
"MREG",0.0064221162217234
"MRFAP1",0.99988821435024
"MRFAP1L1",0.368001648868669
"MRGBP",0.381887698798341
"MRGPRD",0.623399027319148
"MRGPRE",0.993333994291455
"MRGPRF",0.72759110091433
"MRGPRG",0.939696683350693
"MRGPRX1",0.960485104316879
"MRGPRX2",0.95327478407477
"MRGPRX3",0.942556662927452
"MRGPRX4",0.950781529199871
"MRI1",0.991704028350504
"MRLN",0.249191220166914
"MRM1",0.988321872571498
"MRO",0.734708061885132
"MROH1",0.826110176545818
"MROH2A",0.874658811728264
"MROH2B",0.960313379656794
"MROH5",0.944750261050048
"MROH6",0.810768328014353
"MROH7",0.038777716475692
"MROH8",0.216783091428547
"MROH9",0.996955367880892
"MRPL1",0.909445827608432
"MRPL10",0.996986200046149
"MRPL11",0.96215210611963
"MRPL12",0.990089137647545
"MRPL13",0.927251110852297
"MRPL14",0.999999686659371
"MRPL15",0.691709709787022
"MRPL16",0.0755320308467321
"MRPL17",0.451640270274442
"MRPL18",0.996188994876154
"MRPL19",0.564366890860994
"MRPL2",0.676586510707634
"MRPL20",0.960115026837944
"MRPL21",0.685509335024965
"MRPL22",0.922932012814625
"MRPL23",0.985622417801517
"MRPL24",0.97391358687511
"MRPL27",0.951026737108883
"MRPL28",0.930011618459909
"MRPL3",0.952876171783613
"MRPL30",0.555260282602571
"MRPL32",0.915630962865265
"MRPL33",0.592174847854074
"MRPL34",0.276320975670807
"MRPL35",0.688776167646886
"MRPL36",0.192233593490453
"MRPL37",0.907803067888086
"MRPL38",0.417694482602164
"MRPL39",0.9961100995184
"MRPL4",0.992406515852266
"MRPL40",0.526556210757501
"MRPL41",0.974676643680856
"MRPL42",0.654007372181887
"MRPL43",0.933841916805312
"MRPL44",0.930130156914351
"MRPL45",0.840134613843221
"MRPL46",0.948744184115587
"MRPL47",0.8516285281149
"MRPL48",0.404759527023605
"MRPL49",0.988487706017123
"MRPL50",0.842776506118946
"MRPL51",0.876583743085194
"MRPL52",0.933822784760336
"MRPL53",0.98083806379947
"MRPL54",0.929011699930901
"MRPL55",0.798641647393566
"MRPL57",0.633860950895242
"MRPL58",NA
"MRPL9",0.79242303228807
"MRPS10",0.999198039564019
"MRPS11",0.50390634924976
"MRPS12",0.714022334586524
"MRPS14",0.991936413462791
"MRPS15",0.99655503567066
"MRPS16",0.592121639079441
"MRPS17",0.731329199242758
"MRPS18A",2.75391270325771e-06
"MRPS18B",0.815231368738542
"MRPS18C",0.962825425977581
"MRPS2",0.441509549801951
"MRPS21",0.881748976364748
"MRPS22",0.998152373541371
"MRPS23",0.922517247638467
"MRPS24",0.966214088244556
"MRPS25",0.610095875749837
"MRPS26",0.405510511477887
"MRPS27",0.101027705780719
"MRPS28",0.587109078924934
"MRPS30",0.367015971326253
"MRPS31",0.285896821420062
"MRPS33",0.929577281708545
"MRPS34",0.91700042283891
"MRPS35",0.852532620272458
"MRPS36",0.997433464384419
"MRPS5",0.207800910845885
"MRPS6",0.676500887348798
"MRPS7",0.953860327190522
"MRPS9",0.570050284922291
"MRRF",0.696355948175187
"MRS2",0.643362332255887
"MRTFA",NA
"MRTFB",NA
"MRTO4",0.663052644021344
"MRVI1",0.999991681800264
"MS4A1",0.996928082598147
"MS4A10",0.948630405786348
"MS4A12",0.954495315868129
"MS4A13",0.956340518391288
"MS4A14",1.48669364122844e-06
"MS4A15",0.651433654000088
"MS4A18",0.948071703182213
"MS4A2",0.977526938988395
"MS4A3",0.942624388110959
"MS4A4A",2.7453426965573e-16
"MS4A4E",4.0036524054208e-07
"MS4A5",0.954484835263134
"MS4A6A",1.19305366967165e-19
"MS4A6E",0.968181868272968
"MS4A7",2.45741348779786e-20
"MS4A8",0.824210095033108
"MSANTD1",0.0108987616147272
"MSANTD2",0.0593866437789053
"MSANTD3",0.863573305602166
"MSANTD3-TMEFF1",0.731085930266676
"MSANTD4",0.537877679240033
"MSC",0.974577753011422
"MSGN1",0.891349148843348
"MSH2",0.000109382099331743
"MSH3",0.812430406470297
"MSH4",0.70403800078338
"MSH5",0.240311295497203
"MSH6",0.000440617535244361
"MSI1",0.149983012379835
"MSI2",0.851097959129252
"MSL1",0.0125277847422493
"MSL2",0.425626550427149
"MSL3",0.965204702433015
"MSLN",0.242107880884108
"MSMB",0.9149799150515
"MSMO1",0.999791256515934
"MSMP",0.131360375499982
"MSN",0.00055833203505855
"MSR1",2.29777021846726e-14
"MSRA",0.998752672865918
"MSRB1",0.00779636585872976
"MSRB2",0.986278077168855
"MSRB3",0.0134521506118333
"MSS51",0.0896550981391577
"MST1",0.0368506211961757
"MST1L",0.00192483454389255
"MST1R",0.0182689444435054
"MSTN",0.299656825810967
"MSTO1",0.170847878420172
"MSX1",0.563848707940894
"MSX2",0.0814989480730326
"MT-ATP6",NA
"MT-CO2",NA
"MT-ND1",NA
"MT-ND5",NA
"MT1A",0.0813796486137232
"MT1B",0.955678527417628
"MT1E",0.0228145143719169
"MT1F",0.975518100568983
"MT1G",0.99959033382732
"MT1H",0.968689774570081
"MT1HL1",0.946598158097044
"MT1M",0.0174965132721151
"MT1X",0.525323049070195
"MT2A",1.61622393439531e-06
"MT3",0.00149790124398288
"MT4",0.0589726753532616
"MTA1",2.60924662346542e-05
"MTA2",0.952381561074823
"MTA3",0.0188098334017661
"MTAP",0.996006586751218
"MTBP",0.0374111345035761
"MTCH1",0.906310500630212
"MTCH2",0.283673865052292
"MTCL1",0.13677302321633
"MTCP1",0.989971681860335
"MTDH",0.359907269444716
"MTERF1",0.273869897385822
"MTERF2",0.0020260088696197
"MTERF3",0.956498135056497
"MTERF4",0.00029288800524009
"MTF1",0.878485655906345
"MTF2",0.000288426845807911
"MTFMT",0.533667087079504
"MTFP1",0.112405286806589
"MTFR1",0.767206184966912
"MTFR1L",0.883982525034584
"MTFR2",0.447698560772763
"MTG1",0.313063122918996
"MTG2",0.544227692352742
"MTHFD1",0.644242125575978
"MTHFD1L",0.00413980683006432
"MTHFD2",0.429692999904355
"MTHFD2L",0.0242206085922063
"MTHFR",0.899951129261727
"MTHFS",0.57231944011743
"MTHFSD",0.118815081931158
"MTIF2",0.884359586130358
"MTIF3",0.827242232361441
"MTM1",0.629734088850607
"MTMR1",0.78851078794186
"MTMR10",0.594026850623677
"MTMR11",0.0895362417683065
"MTMR12",0.0291755885502917
"MTMR14",0.23917554949188
"MTMR2",0.977446873621328
"MTMR3",0.840807082983326
"MTMR4",0.012900701194782
"MTMR6",0.954403742706052
"MTMR7",0.0447363464876074
"MTMR8",0.910789063936353
"MTMR9",0.64986842579111
"MTNR1A",0.435060045470239
"MTNR1B",0.342278633520452
"MTO1",0.989469908393776
"MTOR",0.223342670910998
"MTPAP",0.203742600911138
"MTPN",0.962889007452852
"MTR",0.937429824548058
"MTREX",NA
"MTRF1",0.683577129142463
"MTRF1L",0.378440393576302
"MTRNR2L1",0.946518703182764
"MTRNR2L10",0.958729112201853
"MTRNR2L2",0.962027525860423
"MTRNR2L3",0.241482245797508
"MTRNR2L4",0.0136118703128935
"MTRNR2L5",0.479777224345031
"MTRNR2L6",0.933720868112863
"MTRNR2L7",0.957863692288451
"MTRNR2L8",0.977996311477193
"MTRNR2L9",0.962027525860423
"MTRR",0.761382439191068
"MTSS1",0.938714909879378
"MTSS1L",NA
"MTTP",0.649495303724768
"MTURN",0.104113846658878
"MTUS1",0.897173771512812
"MTUS2",0.0632554090012128
"MTX1",0.997869530341974
"MTX2",0.00756027536759684
"MTX3",0.665088022256542
"MUC1",0.773904316713421
"MUC12",0.589453765512578
"MUC13",0.952244338543765
"MUC15",0.135143691967018
"MUC16",0.817267200755555
"MUC17",0.957207250223715
"MUC19",0.384255302493705
"MUC2",0.854240520498193
"MUC20",0.000407491304774946
"MUC21",0.917879151601555
"MUC22",0.906116645045103
"MUC3A",0.969236889114677
"MUC4",0.101461119726824
"MUC5AC",0.977878733653894
"MUC5B",0.708826212181189
"MUC6",0.0910757290887049
"MUC7",0.685686113082152
"MUCL1",0.054871159912372
"MUL1",0.246544538362194
"MUS81",0.240321204201947
"MUSK",0.189531272151642
"MUSTN1",0.752958112001623
"MUT",NA
"MUTYH",0.000156220881966408
"MVB12A",0.443353404774336
"MVB12B",0.917414925395977
"MVD",0.531939999369572
"MVK",0.646268987392142
"MVP",1.15004014508e-12
"MX1",0.00618148186223841
"MX2",2.05310881228777e-05
"MXD1",0.996142618336719
"MXD3",0.0359524939696005
"MXD4",0.960813781514196
"MXI1",0.309458479542828
"MXRA5",3.93804053339598e-06
"MXRA7",0.0127395275905542
"MXRA8",0.68655144195593
"MYADM",0.741580776423101
"MYADML2",0.0166466450414229
"MYB",0.00163653941130473
"MYBBP1A",0.661044480769371
"MYBL1",0.813624276086461
"MYBL2",0.590807159881383
"MYBPC1",0.951190854948411
"MYBPC2",0.997758196517415
"MYBPC3",0.985618953972118
"MYBPH",0.334544105288375
"MYBPHL",0.863704833148979
"MYC",0.726663620577443
"MYCBP",0.953491685995065
"MYCBP2",0.884120065915083
"MYCBPAP",0.000805101424586809
"MYCL",0.702539439535234
"MYCN",0.058407918157487
"MYCT1",0.518305015708456
"MYD88",2.54500796954879e-10
"MYDGF",0.00410276902651523
"MYEF2",0.000203525886227907
"MYEOV",0.999700816393645
"MYF5",0.91930715471971
"MYF6",0.919497690838242
"MYH1",0.939839338939334
"MYH10",0.00681519291198628
"MYH11",0.982348087267327
"MYH13",0.920777720815969
"MYH14",0.13318886037032
"MYH15",0.00538188328304377
"MYH2",0.673129830360144
"MYH3",0.0252812748742372
"MYH4",0.948039701824282
"MYH6",0.860044088665729
"MYH7",0.967369164900157
"MYH7B",0.00154852546397404
"MYH8",0.953472929475915
"MYH9",0.000352335548223473
"MYL1",0.87338854950514
"MYL10",0.77209939424329
"MYL12A",0.0142750592993273
"MYL12B",0.35398220147037
"MYL2",0.845467142546478
"MYL3",0.987156075364944
"MYL4",0.955145373968741
"MYL5",0.531628090548782
"MYL6",0.185575926032421
"MYL6B",0.237156834557718
"MYL7",0.597955306805207
"MYL9",0.215218281374476
"MYLIP",0.999430462472172
"MYLK",0.973586977199738
"MYLK2",0.254903710728661
"MYLK3",0.18465304583196
"MYLK4",0.74465444156955
"MYLPF",0.923538223667392
"MYNN",0.436021982775834
"MYO10",0.843370918532479
"MYO15A",0.0759130517962275
"MYO15B",0.656798828928717
"MYO16",0.32434357332047
"MYO18A",0.995000626169118
"MYO18B",0.509495893608409
"MYO19",0.0571319810599394
"MYO1A",0.9750622357611
"MYO1B",0.958549541109221
"MYO1C",0.638975634838567
"MYO1D",0.193147512126438
"MYO1E",0.998176263650968
"MYO1F",5.78912280513069e-06
"MYO1G",0.000174975064813665
"MYO1H",0.27618810788303
"MYO3A",0.093628758955304
"MYO3B",0.987986809838504
"MYO5A",0.304621817716908
"MYO5B",0.975942576832091
"MYO5C",0.00189606851471581
"MYO6",0.598000083221733
"MYO7A",0.583168903435927
"MYO7B",0.981655075490558
"MYO9A",0.863541978845084
"MYO9B",0.0152278761052679
"MYOC",0.980581922830461
"MYOCD",0.742950402535107
"MYOD1",0.781002755841456
"MYOF",0.0161104346873604
"MYOG",0.231140494802159
"MYOM1",0.999120997660288
"MYOM2",0.908583622438596
"MYOM3",0.871680710934603
"MYOT",0.998296864874472
"MYOZ1",0.952356701285293
"MYOZ2",0.999534757979047
"MYOZ3",0.343979044430824
"MYPN",0.794652689743451
"MYPOP",0.858418279935958
"MYRF",0.994589721319695
"MYRFL",0.00149277630135519
"MYRIP",0.37403704484328
"MYSM1",0.918488100862126
"MYT1",0.993439708779615
"MYT1L",0.00926068601998448
"MYZAP",0.46374075405396
"MZB1",0.591866694937291
"MZF1",6.28130234286679e-05
"MZT1",0.236989459196328
"MZT2A",0.252283124004022
"MZT2B",0.347327871422439
"N4BP1",0.94204533021864
"N4BP2",0.119859106857646
"N4BP2L1",0.7428064098247
"N4BP2L2",0.591000228602569
"N4BP3",0.000399797133060876
"N6AMT1",0.0139670928083041
"NAA10",0.868220751776916
"NAA11",0.202923128411482
"NAA15",0.826113166637435
"NAA16",0.000735792145070195
"NAA20",0.785856297581442
"NAA25",0.0740695681496098
"NAA30",0.758307236803023
"NAA35",0.194960163749319
"NAA38",0.578725407241273
"NAA40",0.000448702391163883
"NAA50",0.968778427385235
"NAA60",0.821339554225329
"NAAA",0.721104655627056
"NAALAD2",0.785192776187167
"NAALADL1",0.589466375618688
"NAALADL2",0.794211710833366
"NAB1",0.795689518871626
"NAB2",0.999991901140492
"NABP1",0.000666237604757124
"NABP2",0.970740073894422
"NACA",0.589003051604364
"NACA2",0.862169728251616
"NACAD",0.99305673423541
"NACC1",0.324570531307537
"NACC2",0.000663610882336632
"NADK",0.932489267956933
"NADK2",0.455574039163733
"NADSYN1",0.999302019195508
"NAE1",0.141788841564014
"NAF1",0.000443508902892943
"NAGA",3.80016657020355e-15
"NAGK",0.00860170578530313
"NAGLU",9.42629787095078e-06
"NAGPA",0.581541970809108
"NAGS",0.999363510496636
"NAIF1",0.991142673203958
"NAIP",0.286798337745873
"NALCN",0.97354214735155
"NAMPT",0.00335067765126018
"NANOG",0.766594790791911
"NANOGNB",0.959853644150348
"NANOGP8",0.19309053770011
"NANOS1",0.999625263667971
"NANOS2",0.880973732614916
"NANOS3",0.920595660500344
"NANP",0.796189234354311
"NANS",0.0668199173045775
"NAP1L1",0.961252064158337
"NAP1L2",0.999724754169123
"NAP1L3",0.987679906386067
"NAP1L4",0.866153241079958
"NAP1L5",0.999884642657416
"NAPA",0.61147795789868
"NAPB",0.00769884759618917
"NAPEPLD",0.99759184865289
"NAPG",0.667319879255481
"NAPRT",0.964254513277593
"NAPSA",0.269889919149268
"NARF",0.019597510767358
"NARS",0.982660570602273
"NARS2",0.00430423321644181
"NASP",0.00783197715252367
"NAT1",0.0272449614784008
"NAT10",0.884453676632345
"NAT14",0.565658666252744
"NAT16",0.121223381136999
"NAT2",0.46743255440022
"NAT8",0.00348236649597071
"NAT8B",0.144308976525238
"NAT8L",0.247992540570488
"NAT9",0.0499723669986119
"NATD1",0.999822368179215
"NAV1",0.287528319057558
"NAV2",0.941818642036354
"NAV3",0.756008819167499
"NAXD",NA
"NAXE",NA
"NBAS",0.117295712479058
"NBEA",0.0830277093947559
"NBEAL1",0.787186243389494
"NBEAL2",0.986211136031143
"NBL1",0.504058264325217
"NBN",0.979687667733847
"NBPF1",0.0368115743160107
"NBPF10",0.867956429874314
"NBPF11",0.00262194024345174
"NBPF12",0.0510200343357975
"NBPF14",0.288401769450645
"NBPF15",0.159812319102078
"NBPF19",0.994052325622174
"NBPF20",0.00416276636327286
"NBPF26",0.999992205178041
"NBPF3",0.41502963053504
"NBPF4",0.94513747124431
"NBPF6",0.915720765418001
"NBPF7",0.952134725284127
"NBPF8",0.725307707090817
"NBPF9",0.250082815699964
"NBR1",0.886396788690529
"NCALD",0.972594191383871
"NCAM1",0.743464934389071
"NCAM2",0.14008255174652
"NCAN",0.636174975182751
"NCAPD2",0.40651842133512
"NCAPD3",0.772590281013824
"NCAPG",0.17520182611299
"NCAPG2",0.34135397967415
"NCAPH",0.608890004539329
"NCAPH2",0.108588737131808
"NCBP1",0.0628092806098521
"NCBP2",0.987342641066593
"NCBP2L",0.97619753670639
"NCBP3",NA
"NCCRP1",0.335077766174179
"NCDN",0.999906635676382
"NCEH1",0.370837501936328
"NCF1",1.49021103455119e-09
"NCF2",0.000474119822189891
"NCF4",2.72680322647002e-16
"NCK1",0.3282909406972
"NCK2",0.899349708554645
"NCKAP1",0.610947145135034
"NCKAP1L",2.66626994345631e-24
"NCKAP5",0.678182817400903
"NCKAP5L",0.94591095132137
"NCKIPSD",0.995497552876873
"NCL",0.412870369390407
"NCLN",0.185751517699549
"NCMAP",0.067045678723583
"NCOA1",0.619110910017737
"NCOA2",0.776388649803482
"NCOA3",0.862858613748049
"NCOA4",7.46666058908989e-05
"NCOA5",0.119131470593602
"NCOA6",0.0683219143364183
"NCOA7",0.827681897152773
"NCOR1",0.630046579138676
"NCOR2",0.905894061120327
"NCR1",0.99386514246874
"NCR2",0.96189035786992
"NCR3",0.855755199586244
"NCR3LG1",0.99357664705156
"NCS1",0.223968071275346
"NCSTN",0.223786161198483
"NDC1",0.226479705050841
"NDC80",0.391735724533016
"NDE1",0.97559566693394
"NDEL1",0.665292065279572
"NDFIP1",0.0622357446873291
"NDFIP2",0.782115045387361
"NDN",0.997548302646802
"NDNF",0.334465005558863
"NDOR1",0.860391309944156
"NDP",0.834001401839634
"NDRG1",0.217406318083118
"NDRG2",0.980643602104088
"NDRG3",0.996328791025113
"NDRG4",0.982658784092332
"NDST1",0.353418088288806
"NDST2",0.475000445623088
"NDST3",0.0056353964296798
"NDST4",0.205900928635216
"NDUFA1",0.520523773666052
"NDUFA10",0.477665028060886
"NDUFA11",0.973970112262201
"NDUFA12",0.949078619455007
"NDUFA13",0.910716548131155
"NDUFA2",0.773130704919002
"NDUFA3",0.49385496386316
"NDUFA4",0.998411081849843
"NDUFA4L2",0.973447213453637
"NDUFA5",0.670998905996865
"NDUFA6",0.649647082772018
"NDUFA7",0.998551652078023
"NDUFA8",0.999698330903163
"NDUFA9",0.88621701793952
"NDUFAB1",0.998520896667301
"NDUFAF1",0.948515417255402
"NDUFAF2",0.637460828402923
"NDUFAF3",0.777274110115524
"NDUFAF4",0.962591030273261
"NDUFAF5",0.688006948776029
"NDUFAF6",0.434920455250792
"NDUFAF7",0.240233665048707
"NDUFB1",0.97894143809728
"NDUFB10",0.797422771429274
"NDUFB11",0.994454933863999
"NDUFB2",0.157900446334945
"NDUFB3",0.646227541635478
"NDUFB4",0.961477686364148
"NDUFB5",0.930408005757484
"NDUFB6",0.843856698450559
"NDUFB7",0.978833729613162
"NDUFB8",0.271051027042871
"NDUFB9",0.999901257171184
"NDUFC1",0.911816624638045
"NDUFC2",0.892882702814312
"NDUFC2-KCTD14",0.999933534633838
"NDUFS1",0.993760812473828
"NDUFS2",0.936826565542113
"NDUFS3",0.982397706713068
"NDUFS4",0.97811979761251
"NDUFS5",0.998289592482478
"NDUFS6",0.312439957543045
"NDUFS7",0.936384491118408
"NDUFS8",0.723094763978937
"NDUFV1",0.436435806354695
"NDUFV2",0.938454561134146
"NDUFV3",0.734410108106906
"NEB",0.15389033193325
"NEBL",0.92882004936129
"NECAB1",0.387421104307551
"NECAB2",0.600607827081642
"NECAB3",0.0697196841321806
"NECAP1",0.380433416726512
"NECAP2",0.0317810094094834
"NECTIN1",NA
"NECTIN2",NA
"NEDD1",0.991931196063011
"NEDD4",0.187112917660914
"NEDD4L",0.011446739249059
"NEDD8",0.923247053793176
"NEDD8-MDP1",0.944981930652497
"NEDD9",0.0237477396376051
"NEFH",0.805721843145888
"NEFL",0.581280007601045
"NEFM",0.614003849942047
"NEGR1",0.483822347933643
"NEIL1",0.838940481444273
"NEIL2",0.979259587755091
"NEIL3",0.127693456776647
"NEK1",0.42658603024584
"NEK10",0.184044365018498
"NEK11",0.228418685132535
"NEK2",0.0299082418477075
"NEK3",0.875900642184283
"NEK4",0.0227167288851621
"NEK5",0.0221831573446287
"NEK6",6.1891241883079e-14
"NEK7",0.114750897246868
"NEK8",0.896038860042914
"NEK9",0.921608988087782
"NELFA",0.0089571491969701
"NELFB",0.402304904390694
"NELFCD",0.412033710953482
"NELFE",0.698710206414426
"NELL1",0.230251300164195
"NELL2",0.381746510630411
"NEMF",0.635415071498193
"NEMP1",0.538291953684949
"NEMP2",0.998979790294298
"NENF",0.153040739180858
"NEO1",0.205854125395438
"NES",0.00771456772082882
"NET1",0.105226419530789
"NETO1",0.879934013221286
"NETO2",0.988603234725388
"NEU1",0.0202787012481269
"NEU2",0.74763792141304
"NEU3",0.0344379896662458
"NEU4",0.903582484924983
"NEURL1",0.0786312650124732
"NEURL1B",0.957815946694503
"NEURL2",0.857270931479282
"NEURL3",0.919000732063119
"NEURL4",0.0212538838513813
"NEUROD1",0.0273724782552143
"NEUROD2",0.00564026198460484
"NEUROD4",0.455681029248547
"NEUROD6",0.30766497395635
"NEUROG1",0.284866844203841
"NEUROG2",0.189150384745466
"NEUROG3",0.850498052926567
"NEXN",0.310338670172541
"NF1",0.849417336434145
"NF2",0.705625457260866
"NFAM1",3.03863567277093e-06
"NFASC",0.999924728823468
"NFAT5",0.944083017139727
"NFATC1",0.982401910209509
"NFATC2",0.0107628269889088
"NFATC2IP",0.52994124748244
"NFATC3",0.648304492237395
"NFATC4",0.468416182977018
"NFE2",0.799303711681225
"NFE2L1",0.881523603394132
"NFE2L2",0.00791635711053793
"NFE2L3",0.546196449675334
"NFE4",0.679239093828204
"NFIA",0.375917884352436
"NFIB",0.0183393662511957
"NFIC",0.0227733923675461
"NFIL3",0.922549507550439
"NFIX",0.642692130010339
"NFKB1",0.000457495778618241
"NFKB2",0.14554312581065
"NFKBIA",0.19325834369227
"NFKBIB",0.330751710496209
"NFKBID",0.510308207489046
"NFKBIE",0.343790127087904
"NFKBIL1",0.555115648118168
"NFKBIZ",4.10523372823309e-06
"NFRKB",0.0434280730341355
"NFS1",0.997189445950224
"NFU1",0.979595426191486
"NFX1",0.632889156547488
"NFXL1",0.00165902765476407
"NFYA",0.00882634560612687
"NFYB",0.0521704083206827
"NFYC",0.92124861712044
"NGB",0.0365682542012275
"NGDN",0.128078435283136
"NGEF",0.835073820984095
"NGF",0.72421850908684
"NGFR",0.0117263455504871
"NGLY1",0.999949432231872
"NGRN",0.739170889377763
"NHEJ1",0.952625852635736
"NHLH1",0.177449793395437
"NHLH2",0.0659862506546741
"NHLRC1",0.923807203793733
"NHLRC2",0.955292223224631
"NHLRC3",0.544752467394369
"NHLRC4",0.0931359660275708
"NHP2",0.916948902377604
"NHS",0.956376176831843
"NHSL1",0.80099531682971
"NHSL2",0.82425171408662
"NICN1",0.919841054324729
"NID1",0.690249977564753
"NID2",0.913712886926566
"NIF3L1",0.757843874259528
"NIFK",0.974492133881158
"NIM1K",0.440947363812121
"NIN",0.99860466249413
"NINJ1",0.00417485563669408
"NINJ2",0.537056131107889
"NINL",0.00205635898259086
"NIP7",0.995492547340616
"NIPA1",0.200439705241834
"NIPA2",0.531709694499242
"NIPAL1",0.000552947839388463
"NIPAL2",0.0431533916871158
"NIPAL3",0.494991130625558
"NIPAL4",0.890829796908368
"NIPBL",0.162955831977771
"NIPSNAP1",0.749545088310364
"NIPSNAP2",NA
"NIPSNAP3A",0.897904516200973
"NIPSNAP3B",0.619839132656295
"NISCH",0.00396730424512552
"NIT1",0.898082634115875
"NIT2",0.990156106807622
"NKAIN1",0.00253697967534866
"NKAIN2",0.138363765620291
"NKAIN3",0.329071158402512
"NKAIN4",0.762400446161955
"NKAP",0.135980216802037
"NKAPL",0.946173793634221
"NKD1",0.200423217852775
"NKD2",0.670638291026176
"NKG7",0.00095298801730101
"NKIRAS1",0.871712598169842
"NKIRAS2",0.693586289276352
"NKPD1",0.00405047570078267
"NKRF",0.384656117117003
"NKTR",0.00637611341547636
"NKX1-1",0.886523393341789
"NKX1-2",0.801279612558066
"NKX2-1",0.97815736471163
"NKX2-2",3.79681541879821e-05
"NKX2-3",0.761688529050846
"NKX2-4",0.963793963821242
"NKX2-5",0.960516221535556
"NKX2-6",0.978533363071509
"NKX2-8",0.444548119818152
"NKX3-1",0.965225332839191
"NKX3-2",0.630081788240608
"NKX6-1",0.971087111200714
"NKX6-2",0.616407490105743
"NKX6-3",0.350369934859249
"NLE1",0.0598371963769824
"NLGN1",0.0340806033481005
"NLGN2",0.32268677696737
"NLGN3",0.0218336757608289
"NLGN4X",0.010717106358204
"NLGN4Y",0.936248474376769
"NLK",0.693271877848342
"NLN",0.0836931227885298
"NLRC3",0.216039352345016
"NLRC4",2.15657701293606e-13
"NLRC5",1.70308748587513e-05
"NLRP1",0.48152194373371
"NLRP10",0.926279636215374
"NLRP11",0.509641498368516
"NLRP12",0.79268623515571
"NLRP13",0.952383375355497
"NLRP14",0.0268607663013187
"NLRP2",0.973115706454754
"NLRP3",5.43212458978064e-08
"NLRP4",0.977940325396709
"NLRP5",0.888165186893365
"NLRP6",0.852381163427081
"NLRP7",0.962769883756011
"NLRP8",0.960059441724755
"NLRP9",0.952929593954002
"NLRX1",0.804044705796425
"NMB",0.294976077728158
"NMBR",0.747598890061346
"NMD3",0.616873032149467
"NME1",0.471694641196008
"NME1-NME2",0.426302501582952
"NME2",0.750330673961066
"NME3",0.80497841353903
"NME4",0.7087004410328
"NME5",0.532471124134393
"NME6",0.801469254402907
"NME7",0.103841809027508
"NME8",0.045864194232448
"NME9",0.180845041638083
"NMI",5.57813923424922e-07
"NMNAT1",0.258139684752463
"NMNAT2",0.029363095772334
"NMNAT3",0.992456653994701
"NMRAL1",0.941758898343004
"NMRK1",0.192379869723042
"NMRK2",0.999976101898623
"NMS",0.930422629668175
"NMT1",0.800649335149288
"NMT2",0.00103050105239486
"NMU",0.00688291828797914
"NMUR1",0.71708931413275
"NMUR2",0.710630341038627
"NNAT",0.019665173608257
"NNMT",0.0182680310065148
"NNT",0.869946102365704
"NOA1",0.48374819281818
"NOB1",0.990932089568393
"NOBOX",0.948298511370221
"NOC2L",0.0536288368785621
"NOC3L",0.985958061852012
"NOC4L",0.778501732863176
"NOD1",0.314636043120737
"NOD2",0.0726237064812147
"NODAL",0.120355320635562
"NOG",0.7438136949408
"NOL10",0.890408979274467
"NOL11",0.143441385640511
"NOL12",0.996046550285091
"NOL3",0.964333153965004
"NOL4",0.739988325657518
"NOL4L",0.0121652977532507
"NOL6",0.99659164411191
"NOL7",0.210801992863615
"NOL8",0.967434014809423
"NOL9",0.143516799688421
"NOLC1",0.00517106998884332
"NOM1",0.40531651270815
"NOMO1",0.155402740800994
"NOMO2",0.113701539827782
"NOMO3",0.922400348638373
"NONO",0.244860944717939
"NOP10",0.122852834207799
"NOP14",0.53056535244304
"NOP16",0.992802318116424
"NOP2",0.952308312042104
"NOP56",0.133316644387226
"NOP58",0.105281735866412
"NOP9",0.339153115692408
"NOS1",0.78404013310848
"NOS1AP",0.893974694151904
"NOS2",0.814384245503461
"NOS3",0.803887448201154
"NOSIP",0.999006461665866
"NOSTRIN",0.922433804104048
"NOTCH1",0.588425255217773
"NOTCH2",0.695715887032573
"NOTCH3",0.710690864079188
"NOTCH4",0.0732126665408398
"NOTO",0.913673709261988
"NOTUM",0.117986324196623
"NOVA1",0.199206892409398
"NOVA2",0.94745357086461
"NOX1",0.908689594785527
"NOX3",0.913626309157813
"NOX4",0.93452587468617
"NOX5",0.207155896920385
"NOXA1",0.0767737318948554
"NOXO1",0.0370090698463946
"NOXRED1",0.02167618889509
"NPAP1",0.91000104706475
"NPAS1",0.913024511590174
"NPAS2",0.00824368983501509
"NPAS3",0.215520167718607
"NPAS4",0.836012556022799
"NPAT",0.848174975481653
"NPB",0.999993017646736
"NPBWR1",0.568870459968325
"NPBWR2",0.763327123389401
"NPC1",0.388339604125651
"NPC1L1",0.781851975125134
"NPC2",1.30229239986563e-09
"NPDC1",0.868327218274102
"NPEPL1",0.893758480358643
"NPEPPS",0.0885466200163006
"NPFF",0.881234460508999
"NPFFR1",0.318057414223941
"NPFFR2",0.897111625443581
"NPHP1",0.547158538208478
"NPHP3",0.943797798263936
"NPHP4",0.000248656363617518
"NPHS1",0.30004065243354
"NPHS2",0.849009919352534
"NPIPA1",8.3049884812945e-05
"NPIPA2",0.520243743394344
"NPIPA3",0.0564965397689084
"NPIPA5",2.51718969192259e-06
"NPIPA7",0.0399098189994923
"NPIPA8",0.820861519504013
"NPIPB11",0.353372934421177
"NPIPB15",0.533963745022034
"NPIPB3",0.118028227812941
"NPIPB4",0.174366904246922
"NPIPB5",0.314453279559255
"NPIPB6",0.221411326319457
"NPIPB8",0.503394032984527
"NPIPB9",0.560244391745533
"NPL",0.000465392905988965
"NPLOC4",0.999974618113352
"NPM1",0.504295125912798
"NPM2",0.000180851977165496
"NPM3",0.998720857988044
"NPNT",0.263006173545237
"NPPA",0.737964843629349
"NPPB",0.883544858883521
"NPPC",0.000539275724989854
"NPR1",0.956151793444068
"NPR2",0.695268447691466
"NPR3",0.337940636373375
"NPRL2",0.0609922759568671
"NPRL3",0.973033766072575
"NPS",0.980573201538705
"NPSR1",0.46313693429195
"NPTN",0.773781994956266
"NPTX1",0.315267189301457
"NPTX2",0.0900015843799194
"NPTXR",0.988283351485225
"NPVF",0.798131940956898
"NPW",0.882970049335725
"NPY",0.89807681602079
"NPY1R",0.698591934721473
"NPY2R",0.970383834439303
"NPY4R",0.995396022843134
"NPY5R",0.970583782359778
"NQO1",0.438861218921292
"NQO2",0.962748924316064
"NR0B1",0.557282316278735
"NR0B2",0.821858450911786
"NR1D1",0.959143328079782
"NR1D2",0.834476474107901
"NR1H2",0.792138760050458
"NR1H3",0.583686364092148
"NR1H4",0.86698107256179
"NR1I2",0.935912600670454
"NR1I3",0.233941300658318
"NR2C1",1.55936541269518e-05
"NR2C2",0.384341987229726
"NR2C2AP",0.923431981165091
"NR2E1",0.738925469211463
"NR2E3",0.658575023155647
"NR2F1",0.79244281435134
"NR2F2",0.940384559486284
"NR2F6",0.960584845127495
"NR3C1",0.0742563101822785
"NR3C2",0.915189008411986
"NR4A1",0.96356981750198
"NR4A2",0.113806341302035
"NR4A3",0.776319823192105
"NR5A1",0.930303053791324
"NR5A2",0.106476307326737
"NR6A1",0.34667780462265
"NRAP",0.998651722019099
"NRARP",0.580586194633595
"NRAS",0.992858022380167
"NRBF2",0.00103529347968787
"NRBP1",0.76202260214171
"NRBP2",0.564793591845203
"NRCAM",0.000209491385958458
"NRDC",NA
"NRDE2",0.646942167889592
"NREP",3.10881236320412e-05
"NRF1",0.0259490945423354
"NRG1",0.104913419479934
"NRG2",0.71136965950696
"NRG3",0.892549017928195
"NRG4",0.00210604019109474
"NRGN",0.918065903809368
"NRIP1",0.434568990203408
"NRIP2",0.506845940914469
"NRIP3",0.851936554791768
"NRK",0.912725107837354
"NRL",0.74202451704715
"NRM",0.375937370815194
"NRN1",0.015809926088365
"NRN1L",0.648660500357947
"NRP1",0.000131434465321696
"NRP2",0.00354107553498717
"NRROS",1.13687980773514e-08
"NRSN1",0.991482150070048
"NRSN2",0.16485637762083
"NRTN",0.620120594860727
"NRXN1",0.999881353961812
"NRXN2",0.480977145047673
"NRXN3",0.922728438246843
"NSA2",0.993127214083744
"NSD1",0.395406505558701
"NSDHL",0.871135965865746
"NSF",0.999831925388622
"NSFL1C",0.997856038511411
"NSL1",0.743123648226863
"NSMAF",0.40867675983268
"NSMCE1",0.999915670519746
"NSMCE2",0.959744216540453
"NSMCE3",NA
"NSMCE4A",0.248064844912184
"NSMF",0.497381122912596
"NSRP1",0.870396549182079
"NSUN2",0.184698039062084
"NSUN3",0.954855552801578
"NSUN4",0.921828812066496
"NSUN5",0.962808873280625
"NSUN6",0.00275106165375076
"NSUN7",0.994002661993804
"NT5C",0.154591609907317
"NT5C1A",0.372098311392048
"NT5C1B",0.438288976657267
"NT5C1B-RDH14",0.957801193895526
"NT5C2",0.992267311976365
"NT5C3A",0.482899286360036
"NT5C3B",0.800270961803485
"NT5DC1",0.418148319499709
"NT5DC2",0.103674578910266
"NT5DC3",0.672493638367171
"NT5DC4",0.988834574002062
"NT5E",1.20766824986248e-09
"NT5M",0.0107696967490712
"NTAN1",0.172836614801876
"NTF3",0.00582137347681811
"NTF4",0.00741118637545597
"NTHL1",0.942138413273165
"NTM",0.148886083449611
"NTMT1",0.759415952385882
"NTN1",0.0664976764811764
"NTN3",0.488263996614082
"NTN4",0.984890561676924
"NTN5",0.502735608945864
"NTNG1",0.123139664056897
"NTNG2",0.629873447993
"NTPCR",0.877029606063663
"NTRK1",0.97409495269909
"NTRK2",0.727427386676802
"NTRK3",0.269651101743116
"NTS",0.376706370791649
"NTSR1",0.995074570045432
"NTSR2",0.310629318472382
"NUAK1",0.818648083522912
"NUAK2",0.352718297423929
"NUB1",0.84098742743847
"NUBP1",0.383520090825254
"NUBP2",0.283469740137524
"NUBPL",0.303211985170845
"NUCB1",4.82912710866366e-07
"NUCB2",0.91730219742946
"NUCKS1",0.496604051868094
"NUDC",0.0109472719824645
"NUDCD1",0.474458308953414
"NUDCD2",0.0223527591315698
"NUDCD3",0.996215361061477
"NUDT1",0.935175869394828
"NUDT10",0.99998210032991
"NUDT11",0.921996680128451
"NUDT12",0.953843662602987
"NUDT13",0.723303752422354
"NUDT14",0.444963545259056
"NUDT15",0.165041392138698
"NUDT16",0.262976336376337
"NUDT16L1",0.792744538227603
"NUDT17",0.99919184513431
"NUDT18",0.842559695711857
"NUDT19",0.562320554435963
"NUDT2",0.68945789600322
"NUDT21",0.669192383972037
"NUDT22",0.0968911229405879
"NUDT3",0.871934128599235
"NUDT4",0.988576484997672
"NUDT5",0.387270237698538
"NUDT6",0.850066581514908
"NUDT7",0.999666574971322
"NUDT8",0.95627261975467
"NUDT9",0.851439063154453
"NUF2",0.218675680480885
"NUFIP1",0.99761147892854
"NUFIP2",0.890742968276791
"NUGGC",0.999637465053539
"NUMA1",0.128883627654807
"NUMB",0.903088588415287
"NUMBL",0.943246450875313
"NUP107",0.033410758819931
"NUP133",0.182354737108405
"NUP153",0.0823594851604143
"NUP155",0.251554017609749
"NUP160",0.686631643529117
"NUP188",0.995380114738777
"NUP205",0.55768330960004
"NUP210",0.953983812264985
"NUP210L",0.999950175264536
"NUP214",0.980418576576555
"NUP35",0.700505436182602
"NUP37",0.958963911293037
"NUP43",0.944158809567341
"NUP50",0.731517958037504
"NUP54",0.0346241488095003
"NUP58",NA
"NUP62",0.682408300857605
"NUP62CL",0.000167426427605424
"NUP85",0.0359582720962344
"NUP88",0.839667237297962
"NUP93",0.30547042887389
"NUP98",0.962696859130474
"NUPL2",NA
"NUPR1",0.0833512647459707
"NUS1",0.953317996008753
"NUSAP1",0.484134698169165
"NUTF2",0.943222848925824
"NUTM1",0.835365672529347
"NUTM2A",0.48830477492013
"NUTM2B",0.151371315782974
"NUTM2D",0.106867656819277
"NUTM2E",0.287574126186741
"NUTM2F",0.772491353597409
"NUTM2G",0.125770237558672
"NVL",0.0363689619818393
"NWD1",0.537474607618764
"NWD2",0.165798472920863
"NXF1",0.44629524403104
"NXF2",0.864019783076803
"NXF2B",0.695144865002336
"NXF3",0.976970574866436
"NXF5",0.902316173180519
"NXN",3.18299773165879e-07
"NXNL1",0.956072914399969
"NXNL2",0.298805552124813
"NXPE1",0.999982520367275
"NXPE2",0.908410371064594
"NXPE3",0.0489449643942452
"NXPE4",0.998331797868965
"NXPH1",0.305187659169008
"NXPH2",0.0606778043688354
"NXPH3",0.447222392392501
"NXPH4",0.211367213768246
"NXT1",0.975813139468116
"NXT2",0.996599063821887
"NYAP1",0.0970630038214784
"NYAP2",0.0231035806625466
"NYNRIN",0.130662805680571
"NYX",0.666026997513865
"OAF",0.335981966729591
"OARD1",0.672699345710955
"OAS1",1.73684581197022e-07
"OAS2",0.00153334453674984
"OAS3",0.0938983307408735
"OASL",3.45829482675225e-05
"OAT",0.897878932091824
"OAZ1",0.00999113162041911
"OAZ2",0.526321602840429
"OAZ3",0.969369385380558
"OBP2A",0.793365789148653
"OBP2B",0.685050814419535
"OBSCN",0.000103989515326909
"OBSL1",0.899833929716592
"OC90",0.929966597977715
"OCA2",0.00769875712728142
"OCEL1",0.783722047990956
"OCIAD1",0.999792481972406
"OCIAD2",0.518850585607249
"OCLM",0.126184169593058
"OCLN",0.143942272125491
"OCM",0.524559840958338
"OCM2",0.907445978681692
"OCRL",0.00377819485429674
"OCSTAMP",0.909853909339377
"ODAM",9.39870641230538e-05
"ODC1",0.019150500995753
"ODF1",0.746593364222685
"ODF2",0.00185065277940971
"ODF2L",0.00545836888630032
"ODF3",0.544993602361976
"ODF3B",0.992647794376345
"ODF3L1",0.529751022557402
"ODF3L2",0.320453384241688
"ODF4",0.961951056826077
"ODR4",NA
"OFCC1",0.853102006041112
"OFD1",0.00331061723535106
"OGA",NA
"OGDH",0.995090230577017
"OGDHL",0.0727128692658287
"OGFOD1",0.518088532998686
"OGFOD2",0.86927109363553
"OGFOD3",0.805896298323725
"OGFR",0.885148092118175
"OGFRL1",0.865678861226159
"OGG1",0.45147758507023
"OGN",0.951968850996615
"OGT",0.0740373232077361
"OIP5",0.0504187640222348
"OIT3",0.770164979316799
"OLA1",0.435831023147878
"OLAH",0.966738346819156
"OLFM1",0.575589872802763
"OLFM2",0.0333678778193418
"OLFM3",0.0144651269721336
"OLFM4",0.312659990848508
"OLFML1",0.823436678380035
"OLFML2A",0.867050994757895
"OLFML2B",0.0291789939055783
"OLFML3",1.23394669432552e-05
"OLIG1",0.0195438749083641
"OLIG2",0.0062222941233215
"OLIG3",0.662131737369571
"OLR1",3.15040697040631e-09
"OMA1",0.991355433230089
"OMD",0.945739535994569
"OMG",0.296750631988165
"OMP",0.431935864384704
"ONECUT1",0.985190110472985
"ONECUT2",0.0208745658823122
"ONECUT3",0.919718398157411
"OOEP",0.919429378422263
"OOSP2",0.927304054581361
"OPA1",0.913174040412437
"OPA3",0.224334851606395
"OPALIN",0.331620202288651
"OPCML",0.216985929293829
"OPHN1",0.937748441069807
"OPLAH",0.863263208363354
"OPN1LW",0.935746081544711
"OPN1MW",0.934590566799605
"OPN1MW2",0.967324166206339
"OPN1SW",0.636582051265459
"OPN3",0.954709717143147
"OPN4",0.765853947569726
"OPN5",0.991044236914309
"OPRD1",0.803238809080038
"OPRK1",0.0476526893106086
"OPRL1",0.595350244999021
"OPRM1",0.440182443059588
"OPTC",0.382961432189122
"OPTN",0.183657236420186
"OR10A2",0.464833995935123
"OR10A3",0.92571856151813
"OR10A4",0.326821233985006
"OR10A5",0.416866120862768
"OR10A6",0.95198103902689
"OR10A7",0.957660613436872
"OR10AC1",0.985558842930868
"OR10AD1",0.85375202068066
"OR10AG1",0.958190650641999
"OR10C1",0.87689763255024
"OR10D3",0.957936389312123
"OR10G2",0.96774324256485
"OR10G3",0.97574241440315
"OR10G4",0.942141807904522
"OR10G6",0.927104043259779
"OR10G7",0.919397388317047
"OR10G8",0.955135824787173
"OR10G9",0.943426919381698
"OR10H1",0.926554442438779
"OR10H2",0.909047363428548
"OR10H3",0.965290000754217
"OR10H4",0.952684788389679
"OR10H5",0.974433089204744
"OR10J1",0.957062669041923
"OR10J3",0.94069628799488
"OR10J4",0.964108384545303
"OR10J5",0.954788384856459
"OR10K1",0.95277565789854
"OR10K2",0.93997327515989
"OR10P1",0.926554039928684
"OR10Q1",0.945041317313693
"OR10R2",0.954820790458538
"OR10S1",0.923684181686485
"OR10T2",0.95728773410144
"OR10V1",0.95094624112149
"OR10W1",0.960523096650299
"OR10X1",0.959107971785725
"OR10Z1",0.956001289698101
"OR11A1",0.822556515679556
"OR11G2",0.963247368825319
"OR11H1",0.954455979716822
"OR11H12",0.940275492193163
"OR11H2",0.958811887477872
"OR11H4",0.799293613443451
"OR11H6",0.949599269947713
"OR11H7",0.65777277056634
"OR11L1",0.917890089064289
"OR12D1",0.762150236198942
"OR12D2",0.913181448794531
"OR12D3",0.812729878865737
"OR13A1",0.967317763245061
"OR13C2",0.380830533369267
"OR13C3",0.837825935299657
"OR13C4",0.852491929980191
"OR13C5",0.741515287567937
"OR13C8",0.852607841153578
"OR13C9",0.653334900277024
"OR13D1",0.292951296656686
"OR13F1",0.716251292343128
"OR13G1",0.827738652869288
"OR13H1",0.91246330625979
"OR13J1",0.0513549220895986
"OR14A16",0.844211650296802
"OR14A2",0.847743521315128
"OR14C36",0.955932252687968
"OR14I1",0.605764640246378
"OR14J1",0.777404191517754
"OR14K1",0.885682988378199
"OR1A1",0.948355915520205
"OR1A2",0.929866226683954
"OR1B1",0.919980604918523
"OR1C1",0.863018594913894
"OR1D2",0.888840975215294
"OR1D4",0.899456056291532
"OR1D5",0.775154275852934
"OR1E1",0.963705124228888
"OR1E2",0.903411064946879
"OR1E3",0.944455386694067
"OR1F1",0.0486879647199491
"OR1F12",0.172777761187351
"OR1G1",0.977243537762134
"OR1I1",0.940259948420806
"OR1J1",0.879974898724717
"OR1J2",0.952551753724894
"OR1J4",0.951950920733474
"OR1K1",0.333044626657466
"OR1L1",0.870598085142372
"OR1L3",0.887973666326022
"OR1L4",0.667134145541396
"OR1L6",0.692288156074403
"OR1L8",0.909583725419713
"OR1M1",0.960025912036791
"OR1N1",0.891490914149403
"OR1N2",0.963566520176171
"OR1Q1",0.551184089359919
"OR1S1",0.956228470572644
"OR1S2",0.932819875103729
"OR2A1",0.988400349838229
"OR2A12",0.958111756028001
"OR2A14",0.936052730227883
"OR2A2",0.971733313582327
"OR2A25",0.958577078253982
"OR2A4",0.916550712328903
"OR2A42",0.825007550403456
"OR2A5",0.911051249697795
"OR2A7",0.989659374747793
"OR2AE1",0.886669377148431
"OR2AG1",0.790987443809877
"OR2AG2",0.552977187229265
"OR2AJ1",0.906265903917315
"OR2AK2",0.856567053735679
"OR2AP1",0.94090569102504
"OR2AT4",0.802697616973567
"OR2B11",0.880186079713395
"OR2B2",0.693075796485994
"OR2B3",0.921433190233567
"OR2B6",0.606296715294117
"OR2C1",0.787808782719917
"OR2C3",0.935507718345568
"OR2D2",0.474514424461959
"OR2D3",0.360899576789229
"OR2F1",0.966767328587628
"OR2F2",0.96236041137163
"OR2G2",0.94580116614836
"OR2G3",0.957124786679781
"OR2G6",0.944930933748281
"OR2H1",0.71074975304881
"OR2H2",0.677143984454684
"OR2J1",0.948786453147276
"OR2J2",0.687093188693915
"OR2J3",0.831724637858996
"OR2K2",0.937703764695427
"OR2L13",0.975739971064807
"OR2L2",0.979448165658363
"OR2L3",0.904758976960257
"OR2L5",0.894260349730729
"OR2L8",0.912328453405733
"OR2M2",0.931621004635051
"OR2M3",0.924579451835591
"OR2M4",0.940504053277978
"OR2M5",0.953597487444918
"OR2M7",0.947176099293123
"OR2S2",0.874597893522829
"OR2T1",0.953766254554688
"OR2T10",0.940788228493947
"OR2T11",0.960068111716907
"OR2T12",0.9424156020054
"OR2T2",0.944704916918345
"OR2T27",0.958849489729829
"OR2T29",0.940073080169164
"OR2T3",0.954950897838946
"OR2T33",0.697528870295209
"OR2T34",0.950881360646341
"OR2T35",0.949204417176751
"OR2T4",0.974454754150574
"OR2T5",0.939800251788181
"OR2T6",0.968423325467308
"OR2T7",0.956798292956362
"OR2T8",0.688660018781879
"OR2V1",0.935701438627346
"OR2V2",0.946043625046951
"OR2W1",0.896385469795942
"OR2W3",0.597777758829029
"OR2W5",0.919753299309572
"OR2Y1",0.942433509560254
"OR2Z1",0.953877888492657
"OR3A1",0.992029806170902
"OR3A2",0.951866860017369
"OR3A3",0.931182465757974
"OR4A15",0.956101107091476
"OR4A16",0.997175221069183
"OR4A47",0.95795424755405
"OR4A5",0.955515622476727
"OR4B1",0.953440241422822
"OR4C11",0.957730953714058
"OR4C12",0.954890010350208
"OR4C13",0.961548363425114
"OR4C15",0.9590078634132
"OR4C16",0.960482301286098
"OR4C3",0.958062613732659
"OR4C45",0.958121023995238
"OR4C46",0.959090758767054
"OR4C5",0.945211718941094
"OR4C6",0.967724054953077
"OR4D1",0.943767446512673
"OR4D10",0.948301707617575
"OR4D11",0.95525472766014
"OR4D2",0.956057949558279
"OR4D5",0.920901088076153
"OR4D6",0.943247590523038
"OR4D9",0.939624428282941
"OR4E1",0.964055680348833
"OR4E2",0.946789003885281
"OR4F15",0.960820961619355
"OR4F16",0.949091074334712
"OR4F17",0.99988165021727
"OR4F21",0.916996251752073
"OR4F29",0.949091074334712
"OR4F3",0.669740595160979
"OR4F4",0.999430755644734
"OR4F5",0.970010236505724
"OR4F6",0.915706113303544
"OR4K1",0.94604630615791
"OR4K13",0.949066813648433
"OR4K14",0.959596196532502
"OR4K15",0.957160861236819
"OR4K17",0.954174491349991
"OR4K2",0.91018157965658
"OR4K3",0.914008198981991
"OR4K5",0.940219538778913
"OR4L1",0.9579173785618
"OR4M1",0.949050275664623
"OR4M2",0.9978449263263
"OR4N2",0.920057457550978
"OR4N4",0.898414400006089
"OR4N5",0.963860748127175
"OR4P4",0.960770544693477
"OR4Q2",0.955537320699318
"OR4Q3",0.956706472219964
"OR4S1",0.957527955442338
"OR4S2",0.952601919604383
"OR4X1",0.957692836993393
"OR4X2",0.959552997092532
"OR51A2",0.9535715406012
"OR51A4",0.948032006694887
"OR51A7",0.952236014961199
"OR51B2",0.960840729362254
"OR51B4",0.813810713307314
"OR51B5",0.859139036019947
"OR51B6",0.89501175608977
"OR51D1",0.955771213355794
"OR51E1",0.91634198043356
"OR51E2",0.98801436411726
"OR51F1",0.958234584231093
"OR51F2",0.954389663175622
"OR51G1",0.958072641219284
"OR51G2",0.954155983352048
"OR51H1",0.947889429159871
"OR51I1",0.922923691821661
"OR51I2",0.887124340220049
"OR51J1",0.873357595025062
"OR51L1",0.947099411237493
"OR51M1",0.853408509020397
"OR51Q1",0.918992143155463
"OR51S1",0.95272950383634
"OR51T1",0.956112419187629
"OR51V1",0.918780447416727
"OR52A1",0.931907653642626
"OR52A5",0.927055343946603
"OR52B2",0.89189073940278
"OR52B4",0.946116361806826
"OR52B6",0.744826199853925
"OR52D1",0.908595063720053
"OR52E1",0.944638678010608
"OR52E2",0.84039348965997
"OR52E4",0.870151168657193
"OR52E5",0.881344101821361
"OR52E6",0.996892583147932
"OR52E8",0.907549610798089
"OR52H1",0.882640583605043
"OR52I1",0.4911627232415
"OR52I2",0.937868203351558
"OR52J3",0.950077294954651
"OR52K1",0.997143944658158
"OR52K2",0.995739198125005
"OR52L1",0.938550772059213
"OR52M1",0.9517542712145
"OR52N1",0.970196515336357
"OR52N2",0.923069237291594
"OR52N4",0.996096699369947
"OR52N5",0.96665212947561
"OR52R1",0.96056627936315
"OR52W1",0.0146289843849972
"OR52Z1",0.949656605542605
"OR56A1",0.910192143306635
"OR56A3",0.935144872286676
"OR56A4",0.932295941854799
"OR56A5",0.933857861058985
"OR56B1",0.991733415333713
"OR56B4",0.953982301768784
"OR5A1",0.920711769782825
"OR5A2",0.946307249670737
"OR5AC2",0.932656543366797
"OR5AK2",0.89386355693218
"OR5AL1",0.962027525860423
"OR5AN1",0.96202362103321
"OR5AP2",0.950568957978807
"OR5AR1",0.961767750346866
"OR5AS1",0.940357338214325
"OR5AU1",0.951368575166815
"OR5B12",0.96198793365618
"OR5B17",0.99904794140803
"OR5B2",0.991807113101096
"OR5B21",0.976646820632777
"OR5B3",0.995847980794392
"OR5C1",0.446130539963847
"OR5D13",0.962260786225191
"OR5D14",0.95281602911301
"OR5D16",0.943362629230811
"OR5D18",0.919534338814359
"OR5F1",0.965997313528481
"OR5H1",0.962145478194691
"OR5H14",0.956699728104502
"OR5H15",0.958509496839046
"OR5H2",0.949884749693122
"OR5H6",0.961497531412061
"OR5I1",0.95558451740457
"OR5J2",0.980083286825396
"OR5K1",0.939031506227351
"OR5K2",0.870290672120934
"OR5K3",0.957286241483727
"OR5K4",0.954871942695259
"OR5L1",0.948355302445671
"OR5L2",0.935438316205425
"OR5M1",0.959974606154755
"OR5M10",0.951294542761138
"OR5M11",0.95646621743702
"OR5M3",0.965254071740501
"OR5M8",0.963035490946326
"OR5M9",0.960764051906539
"OR5P2",0.870376637462103
"OR5P3",0.849857372245955
"OR5R1",0.959678514232865
"OR5T1",0.936986577778004
"OR5T2",0.941307494571587
"OR5T3",0.952741698848796
"OR5V1",0.763502711142167
"OR5W2",0.958721621169224
"OR6A2",0.664238755187713
"OR6B1",0.959306797232687
"OR6B2",0.885259073911859
"OR6B3",0.887195076805091
"OR6C1",0.959098745957679
"OR6C2",0.945848342379886
"OR6C3",0.94778791074355
"OR6C4",0.951140021289897
"OR6C6",0.953367728493911
"OR6C65",0.940768483731105
"OR6C68",0.943720678959918
"OR6C70",0.93880823942781
"OR6C74",0.956355299525029
"OR6C75",0.960095344048563
"OR6C76",0.946807417213973
"OR6F1",0.802601191912136
"OR6J1",0.837507387798055
"OR6K2",0.955749843747126
"OR6K3",0.935108099202368
"OR6K6",0.934738169690295
"OR6M1",0.946785567265645
"OR6N1",0.947784749007127
"OR6N2",0.952230809625335
"OR6P1",0.943786564983727
"OR6Q1",0.953721261693632
"OR6S1",0.966075652638229
"OR6T1",0.882464792490471
"OR6V1",0.445922779337174
"OR6X1",0.561198336312306
"OR6Y1",0.943391344191816
"OR7A10",0.953840964582452
"OR7A17",0.957709282976667
"OR7A5",0.944147176101482
"OR7C1",0.957391402297857
"OR7C2",0.94866922541748
"OR7D2",0.984760564984538
"OR7D4",0.968975527850127
"OR7E24",0.965054042050498
"OR7G1",0.957076984628378
"OR7G2",0.963208934723613
"OR7G3",0.95722983787508
"OR8A1",0.971308752539917
"OR8B12",0.949133360113626
"OR8B2",0.931865043604797
"OR8B3",0.958625119553328
"OR8B4",0.955855401457761
"OR8B8",0.956420195402352
"OR8D1",0.959117452435697
"OR8D2",0.951239128514142
"OR8D4",0.931395134125875
"OR8G1",0.955307202107541
"OR8G5",0.988351048012174
"OR8H1",0.951099120565232
"OR8H2",0.95160920526108
"OR8H3",0.952613090978923
"OR8I2",0.963826697424683
"OR8J1",0.950645152651596
"OR8J3",0.957099108756163
"OR8K1",0.946913485672436
"OR8K3",0.958287456585152
"OR8K5",0.950548505932707
"OR8S1",0.897718651108863
"OR8U1",0.955788052818332
"OR9A2",0.318809514534015
"OR9A4",0.834326920757533
"OR9G1",0.937641118191014
"OR9G4",0.953518461302688
"OR9I1",0.958224206713034
"OR9K2",0.948509482841326
"OR9Q1",0.946556604221402
"OR9Q2",0.941213783092411
"ORAI1",0.00177345666395073
"ORAI2",0.168390939953072
"ORAI3",0.48288203307809
"ORC1",0.320969797286689
"ORC2",0.00987452505626136
"ORC3",0.516303184898638
"ORC4",0.0149779669124926
"ORC5",0.505137407215142
"ORC6",0.0131811731442005
"ORM1",0.927379291308926
"ORM2",0.80338647681504
"ORMDL1",0.997540436550869
"ORMDL2",0.0185154126552694
"ORMDL3",0.613951844623848
"OS9",0.00208844432098701
"OSBP",0.899885583726019
"OSBP2",0.952424974754883
"OSBPL10",0.0730462985452252
"OSBPL11",0.994885776538713
"OSBPL1A",0.289906500731002
"OSBPL2",0.0469303165818432
"OSBPL3",0.0363271173798359
"OSBPL5",0.56246508401457
"OSBPL6",0.925122855838549
"OSBPL7",0.967299563221618
"OSBPL8",0.278680290611788
"OSBPL9",0.96594097739944
"OSCAR",6.79939028120249e-07
"OSCP1",0.117318796829563
"OSER1",0.931106392897493
"OSGEP",0.295550325443917
"OSGEPL1",0.339766263034488
"OSGIN1",0.379223492659352
"OSGIN2",0.971889979352536
"OSM",0.00806889842377255
"OSMR",1.2644078587364e-12
"OSR1",0.911079111264004
"OSR2",0.875604654867096
"OST4",0.33195455173892
"OSTC",0.950156963473472
"OSTF1",2.18015434758531e-11
"OSTM1",0.00145712763137095
"OSTN",0.894287874099566
"OTC",0.930113642163286
"OTOA",0.999715357317537
"OTOF",0.463018612627344
"OTOG",0.273274532487973
"OTOGL",0.995008692554815
"OTOL1",0.79261179622927
"OTOP1",0.868915257123037
"OTOP2",0.885015697156045
"OTOP3",0.727907145345397
"OTOR",0.592711799847465
"OTOS",0.182611004114993
"OTP",0.959169395896339
"OTUB1",0.644606201416117
"OTUB2",0.232059250406699
"OTUD1",0.135044006029976
"OTUD3",0.155654112190208
"OTUD4",0.951551098115381
"OTUD5",0.993159985457906
"OTUD6A",0.946960553531482
"OTUD6B",0.999184168661864
"OTUD7A",0.0278896172378962
"OTUD7B",0.66883312869674
"OTULIN",0.678943640183965
"OTX1",0.998906112897727
"OTX2",0.133603941424473
"OVCA2",0.00248908384749935
"OVCH1",0.940287142312504
"OVCH2",0.528666630322362
"OVGP1",0.000196428792330929
"OVOL1",0.446800793099627
"OVOL2",0.040941628694867
"OVOL3",0.0264594621767939
"OXA1L",0.570063860065697
"OXCT1",0.999913001320714
"OXCT2",0.952572054016167
"OXER1",0.947932574663551
"OXGR1",0.0419738751077678
"OXLD1",0.999408340314398
"OXNAD1",0.976142363814049
"OXR1",0.993568994142931
"OXSM",0.538738251862663
"OXSR1",0.119616665176331
"OXT",0.914802369223069
"OXTR",0.00442317258886245
"P2RX1",0.995100073294203
"P2RX2",0.336677336014485
"P2RX3",0.991963318311476
"P2RX4",0.00103740265902261
"P2RX5",0.62459993732978
"P2RX6",0.0265271593569371
"P2RX7",0.00201654186472945
"P2RY1",0.943369046082097
"P2RY10",0.0811072520816556
"P2RY11",0.899638748669797
"P2RY12",0.022378802040095
"P2RY13",6.48256652284607e-06
"P2RY14",0.93125156030233
"P2RY2",0.996528839456107
"P2RY4",0.637105982881802
"P2RY6",0.084931848073897
"P2RY8",2.5235033441336e-05
"P3H1",0.975848832864008
"P3H2",0.0229902380800941
"P3H3",0.820075295117866
"P3H4",0.683054459487353
"P4HA1",0.76282275466788
"P4HA2",0.956854300586005
"P4HA3",0.234709911882765
"P4HB",0.184905850815762
"P4HTM",0.95943009117417
"PA2G4",0.937508510173944
"PAAF1",0.713889752732884
"PABPC1",0.985988456535842
"PABPC1L",0.997682421504875
"PABPC1L2A",0.99644607838655
"PABPC1L2B",0.998630753743609
"PABPC3",0.349036173480333
"PABPC4",0.798673958403037
"PABPC4L",0.156892134224973
"PABPC5",0.585482166235111
"PABPN1",0.00254150731718692
"PABPN1L",0.178967564644945
"PACRG",0.676075016156719
"PACRGL",0.0016768524370481
"PACS1",0.980501016499028
"PACS2",0.806649639842214
"PACSIN1",0.0424518618993738
"PACSIN2",0.154800401282142
"PACSIN3",0.997350531707308
"PADI1",0.945001674351036
"PADI2",0.0322287923233198
"PADI3",0.220020117206987
"PADI4",0.999428755932024
"PADI6",0.98454849565438
"PAEP",0.997394161973406
"PAF1",0.868587788937665
"PAFAH1B1",0.97583202988623
"PAFAH1B2",0.967642719272334
"PAFAH1B3",0.105382903566396
"PAFAH2",0.421977145222662
"PAG1",0.461913225412198
"PAGE1",0.957851543881424
"PAGE2",0.945601868140942
"PAGE2B",0.892016833414119
"PAGE3",0.944946985084855
"PAGE4",0.773230841975107
"PAGE5",0.917979574776881
"PAGR1",0.0071912221585985
"PAH",0.985711477091349
"PAICS",0.988250498095533
"PAIP1",0.997792855556942
"PAIP2",0.00510573880812934
"PAIP2B",0.000251899505391473
"PAK1",0.333800368346646
"PAK1IP1",0.877175527727945
"PAK2",0.36578409495666
"PAK3",0.998348198137015
"PAK4",0.297145871856374
"PAK6",0.135415181989136
"PALB2",0.101773483717774
"PALD1",5.24258426179447e-06
"PALLD",0.0648674446601452
"PALM",0.767864536505791
"PALM2",NA
"PALM2-AKAP2",0.999818955019969
"PALM3",0.219873056700306
"PALMD",0.995253906980154
"PAM",8.17805778703048e-08
"PAM16",0.119225271192621
"PAMR1",0.608550832793293
"PAN2",0.00216077608705366
"PAN3",0.00141148173166482
"PANK1",0.348941424984582
"PANK2",0.986664167103466
"PANK3",0.302370452160421
"PANK4",0.052997874813513
"PANO1",0.293020901583451
"PANX1",0.898202289447548
"PANX2",0.0291653201920583
"PANX3",0.925068980638178
"PAOX",0.998845072064227
"PAPLN",0.839234095307363
"PAPOLA",0.274293916813431
"PAPOLB",0.445627866569055
"PAPOLG",0.990574146154413
"PAPPA",0.980290218694331
"PAPPA2",0.698412396448137
"PAPSS1",0.902644787367722
"PAPSS2",0.063553072436995
"PAQR3",0.983832593281238
"PAQR4",0.0174895579112739
"PAQR5",0.0802481232441748
"PAQR6",0.975446785028063
"PAQR7",0.971029903938791
"PAQR8",0.638390193576497
"PAQR9",0.527355128630921
"PARD3",0.187417531258944
"PARD3B",0.411630484894022
"PARD6A",0.16478464062496
"PARD6B",0.00450024645411334
"PARD6G",0.587833507282836
"PARG",0.00126056071166084
"PARK7",0.987729491515946
"PARL",0.953807446115458
"PARM1",0.990058848019527
"PARN",0.997566629867161
"PARP1",0.342001428611131
"PARP10",0.00305635188392859
"PARP11",0.986324871556981
"PARP12",0.138385947775891
"PARP14",1.18150724122546e-06
"PARP15",0.00276138674225344
"PARP16",0.000600709466448744
"PARP2",5.62635778686874e-05
"PARP3",0.829291178804775
"PARP4",0.0288199108568493
"PARP6",4.41034247437396e-05
"PARP8",0.0882100648638465
"PARP9",6.4135034686082e-12
"PARPBP",0.313797909626017
"PARS2",0.321598146434024
"PARVA",0.0422511467960263
"PARVB",0.536150637747804
"PARVG",1.27443306107085e-14
"PASD1",0.925280968452065
"PASK",1.0019287774469e-11
"PATE1",0.892617797235644
"PATE2",0.968970615244441
"PATE3",0.889477810329047
"PATE4",0.79974643094591
"PATL1",0.949711893440422
"PATL2",0.818238349009912
"PATZ1",0.0920968815193441
"PAWR",0.693073864246634
"PAX1",0.774809828352052
"PAX2",0.988983830921068
"PAX3",0.733136808537021
"PAX4",0.852336386103971
"PAX5",0.436426998303812
"PAX6",0.00520289372391711
"PAX7",0.727734260866829
"PAX8",0.367678039515523
"PAX9",0.940347756012532
"PAXBP1",0.146509462350851
"PAXIP1",0.00850639242366311
"PAXX",NA
"PBDC1",0.472542082795768
"PBK",0.70826163927758
"PBLD",0.999897624221994
"PBOV1",0.661474208606302
"PBRM1",0.0212262438884775
"PBX1",0.816650009669062
"PBX2",0.773511472390359
"PBX3",0.638672881552358
"PBX4",0.000403905659419183
"PBXIP1",0.629065937893604
"PC",0.928762743453948
"PCBD1",0.554302575612048
"PCBD2",0.983382221810842
"PCBP1",0.526917483850422
"PCBP2",0.956371396629937
"PCBP3",0.012148557957924
"PCBP4",0.981928135392761
"PCCA",0.0612412635028381
"PCCB",0.859043712515567
"PCDH1",0.00011155753618958
"PCDH10",0.539793720959068
"PCDH11X",0.604817969644348
"PCDH11Y",0.595424320863558
"PCDH12",0.00563150654159705
"PCDH15",0.461752964354735
"PCDH17",0.403923698034229
"PCDH18",0.909326555216806
"PCDH19",0.997493220997715
"PCDH20",0.962427289526662
"PCDH7",0.684373631268745
"PCDH8",0.242164270959332
"PCDH9",0.126910069374838
"PCDHA1",0.962842904969774
"PCDHA10",0.265504295613325
"PCDHA11",0.974804913649359
"PCDHA12",0.221367126630171
"PCDHA13",0.932689283630584
"PCDHA2",0.767953871068508
"PCDHA3",0.0564090237327973
"PCDHA4",0.96087157401211
"PCDHA5",0.7757109590114
"PCDHA6",0.760044904917936
"PCDHA7",0.0800347520543497
"PCDHA8",0.157971118746394
"PCDHA9",0.128610476788308
"PCDHAC1",0.929384700497192
"PCDHAC2",0.394738202599143
"PCDHB1",0.862761324471706
"PCDHB10",0.991088825277598
"PCDHB11",0.994278030832156
"PCDHB12",0.994619825014396
"PCDHB13",0.985448550316892
"PCDHB14",0.995741447072054
"PCDHB15",0.725834388753634
"PCDHB16",0.812144813607763
"PCDHB2",0.71606127454179
"PCDHB3",0.860601750452557
"PCDHB4",0.907440551309631
"PCDHB5",0.932322087008733
"PCDHB6",0.999985514842565
"PCDHB7",0.741575195945754
"PCDHB8",0.957048909636925
"PCDHB9",0.289265945707044
"PCDHGA1",0.51280334091842
"PCDHGA10",0.512434391318401
"PCDHGA11",0.990500624529571
"PCDHGA12",0.98051077039209
"PCDHGA2",0.984024043752587
"PCDHGA3",0.865683308525401
"PCDHGA4",0.959220596993527
"PCDHGA5",0.95612201891251
"PCDHGA6",0.999814712642283
"PCDHGA7",0.989858717708529
"PCDHGA8",0.242715383303373
"PCDHGA9",0.848748917443262
"PCDHGB1",0.998762360184034
"PCDHGB2",0.991423625521946
"PCDHGB3",0.955849024224916
"PCDHGB4",0.985492904898531
"PCDHGB5",0.958463642214827
"PCDHGB6",0.904815498858491
"PCDHGB7",0.475514899252313
"PCDHGC3",9.94962925882686e-05
"PCDHGC4",0.1729410527754
"PCDHGC5",0.000538201529389616
"PCED1A",0.988207991236112
"PCED1B",1.11089729820996e-07
"PCF11",0.13488083583791
"PCGF1",0.79585470119823
"PCGF2",0.986332498708113
"PCGF3",0.000143325829027666
"PCGF5",0.00824152368639223
"PCGF6",0.357471009256808
"PCID2",0.189893913352246
"PCIF1",0.377341912235494
"PCK1",0.99341472791196
"PCK2",0.790403067573621
"PCLO",0.000252702428021333
"PCM1",0.0191134754746121
"PCMT1",0.995531909418354
"PCMTD1",0.479287850003974
"PCMTD2",0.966840681348221
"PCNA",0.958158530662396
"PCNP",0.950574809353023
"PCNT",0.149720673677388
"PCOLCE",0.57923601140935
"PCOLCE2",0.853129546866307
"PCP2",0.451677225620762
"PCP4",0.193430633594361
"PCP4L1",0.832624827975953
"PCSK1",0.000226840730481382
"PCSK1N",0.173640881080237
"PCSK2",0.318954523868185
"PCSK4",0.0010197050245417
"PCSK5",0.997818152599473
"PCSK6",0.990795719845809
"PCSK7",0.297791811531286
"PCSK9",0.814888794932931
"PCTP",0.0877977775471567
"PCYOX1",0.32688031269439
"PCYOX1L",0.805355719928209
"PCYT1A",2.83085401212684e-08
"PCYT1B",0.996626259065274
"PCYT2",0.948576644770671
"PDAP1",0.514859317897007
"PDC",0.582797072338897
"PDCD1",0.748534699559972
"PDCD10",0.546023496442842
"PDCD11",0.97253742022409
"PDCD1LG2",0.000322638718100675
"PDCD2",0.938054961095907
"PDCD2L",0.0364009774456646
"PDCD4",0.698097059018532
"PDCD5",0.891941844535775
"PDCD6",0.99769102118157
"PDCD6IP",0.455602321932953
"PDCD7",0.00178315433397814
"PDCL",0.625385466987324
"PDCL2",0.884523760823028
"PDCL3",0.906867649939121
"PDE10A",0.0606037318082037
"PDE11A",0.439938275761946
"PDE12",0.51314484307198
"PDE1A",0.108905806988277
"PDE1B",0.995440356121107
"PDE1C",0.999094855465973
"PDE2A",0.491529303099556
"PDE3A",0.0844114958252358
"PDE3B",0.997526075404785
"PDE4A",0.91721128295777
"PDE4B",0.000572844966393707
"PDE4C",0.954432577696437
"PDE4D",0.361279870207842
"PDE4DIP",0.985356672571925
"PDE5A",0.171315552064352
"PDE6A",0.83795247996757
"PDE6B",0.538904185811771
"PDE6C",0.59555423181985
"PDE6D",0.802719803592946
"PDE6G",0.995957249580059
"PDE6H",0.770964439042162
"PDE7A",0.0200426323006745
"PDE7B",0.422622895210998
"PDE8A",0.507344033210255
"PDE8B",0.0323693806906502
"PDE9A",0.874884908454607
"PDF",0.999192317610861
"PDGFA",0.0442053363270987
"PDGFB",4.45224689239426e-06
"PDGFC",0.000437999956693778
"PDGFD",0.393319617758053
"PDGFRA",0.404638027024027
"PDGFRB",0.683577663100338
"PDGFRL",0.988822955317355
"PDHA1",0.201663621797495
"PDHA2",0.961040896980078
"PDHB",0.468782484841795
"PDHX",0.0772694330112796
"PDIA2",0.00996652043803662
"PDIA3",0.0138440505132504
"PDIA4",0.829185835864436
"PDIA5",0.827526171082103
"PDIA6",0.0720793561014098
"PDIK1L",0.000642350506526094
"PDILT",0.964493992072051
"PDK1",0.268486302883801
"PDK2",0.999731777891177
"PDK3",0.854073997545639
"PDK4",0.321347227870544
"PDLIM1",0.277794425503241
"PDLIM2",0.000229402576978312
"PDLIM3",0.541801260424496
"PDLIM4",0.0555606788770188
"PDLIM5",0.171197303837619
"PDLIM7",0.736633365479718
"PDP1",0.518698513740064
"PDP2",0.978898549629111
"PDPK1",0.0490597466461156
"PDPN",0.00031358435199658
"PDPR",0.993768028783726
"PDRG1",0.0596990258457886
"PDS5A",0.304056883880656
"PDS5B",0.097534548855747
"PDSS1",0.667306436189577
"PDSS2",0.912441250766455
"PDX1",0.841932846891432
"PDXDC1",0.0813591238453291
"PDXK",0.939932133973314
"PDXP",0.0129889259926007
"PDYN",0.525428422013388
"PDZD11",0.0676131783586942
"PDZD2",0.421445819291286
"PDZD3",0.305526809838094
"PDZD4",0.0245004492401261
"PDZD7",0.0337041968066415
"PDZD8",0.999515158429896
"PDZD9",0.145464877144071
"PDZK1",0.191539186728186
"PDZK1IP1",0.990434986796288
"PDZRN3",0.995502387621593
"PDZRN4",0.36142477098616
"PEA15",0.0573746785318015
"PEAK1",0.0872840628756522
"PEAR1",0.997258204968639
"PEBP1",0.326462327859813
"PEBP4",0.989866306596178
"PECAM1",1.42315857312777e-06
"PECR",0.577406460672497
"PEF1",0.801358961862863
"PEG10",0.804862389567503
"PEG3",0.83626377726812
"PELI1",0.554461819417294
"PELI2",0.906137860390862
"PELI3",0.172949964033542
"PELO",0.709828342296284
"PELP1",0.680215268360279
"PEMT",0.979151918390377
"PENK",0.63015800827565
"PEPD",0.000100456311373356
"PER1",0.996928484333222
"PER2",0.318653738781173
"PER3",0.926829027082368
"PERM1",0.0477047988962802
"PERP",0.398124216372129
"PES1",0.978908200180046
"PET100",0.995227590466729
"PET117",0.261377834654939
"PEX1",0.0759379807702009
"PEX10",0.630460816808841
"PEX11A",0.169927405965373
"PEX11B",0.58694113492833
"PEX11G",0.631334924443118
"PEX12",0.530127101535711
"PEX13",0.072393980297293
"PEX14",0.79216562076251
"PEX16",0.958333925412796
"PEX19",0.982516438840324
"PEX2",0.89751445414393
"PEX26",0.99529296060873
"PEX3",0.981162266559811
"PEX5",0.891454693973694
"PEX5L",0.058809814508114
"PEX6",0.464976409822818
"PEX7",0.808075173257553
"PF4",0.993491510588693
"PF4V1",0.895155587895643
"PFAS",0.67200798506793
"PFDN1",0.32287546150493
"PFDN2",0.49361106619921
"PFDN4",0.864682263841685
"PFDN5",0.932624477243263
"PFDN6",0.996263852982497
"PFKFB1",0.681611904567019
"PFKFB2",0.992345756235637
"PFKFB3",2.35247577458274e-06
"PFKFB4",0.99652950361466
"PFKL",0.934939834729121
"PFKM",0.612198582461743
"PFKP",0.671188822547149
"PFN1",0.00075994297938657
"PFN2",0.0454977360500011
"PFN3",0.732255246336636
"PFN4",0.0113897705817612
"PGA3",0.583662892243502
"PGA4",0.753755710405891
"PGA5",0.155812614031503
"PGAM1",0.508763759255176
"PGAM2",0.999422336846751
"PGAM4",0.993769260148073
"PGAM5",0.503124259665655
"PGAP1",0.845948115820658
"PGAP2",0.758968244641997
"PGAP3",0.516415557767765
"PGBD1",0.927345668084585
"PGBD2",0.0566189819644788
"PGBD3",0.861075549701346
"PGBD4",0.554621212210964
"PGBD5",0.210777995512871
"PGC",0.899432164376167
"PGD",0.894666890339447
"PGF",0.921107085439989
"PGGT1B",0.086258771509765
"PGK1",0.894087128545053
"PGK2",0.956305366716023
"PGLS",0.715311982495146
"PGLYRP1",0.477374842896432
"PGLYRP2",0.972960194412763
"PGLYRP3",0.723911752044721
"PGLYRP4",0.88392618627549
"PGM1",0.96763387155919
"PGM2",1.74079648182732e-05
"PGM2L1",0.0493944734866283
"PGM3",0.0675813280842741
"PGM5",0.999970599733708
"PGP",0.477881277859721
"PGPEP1",1.7844780622018e-08
"PGPEP1L",0.733633152473938
"PGR",0.755864886113416
"PGRMC1",0.999909220550353
"PGRMC2",0.578191108065429
"PGS1",0.877949849025928
"PHACTR1",0.062795519819766
"PHACTR2",0.375605189473335
"PHACTR3",0.883961525976014
"PHACTR4",0.810348338623143
"PHAX",0.956724284948273
"PHB",0.286576109536248
"PHB2",0.967200062875396
"PHC1",0.0134569614018582
"PHC2",0.0410415982545515
"PHC3",0.991673706882576
"PHEX",0.977422799495555
"PHF1",0.964954527885433
"PHF10",0.50410329588438
"PHF11",0.000479427501436762
"PHF12",0.792759610825308
"PHF13",0.635448908088682
"PHF14",0.000704722360064144
"PHF19",0.358703162187484
"PHF2",0.0446514190851762
"PHF20",0.224853217757886
"PHF20L1",0.907768518507681
"PHF21A",0.67318828751229
"PHF21B",0.00557822386516224
"PHF23",0.999914934194585
"PHF24",0.273916636389934
"PHF3",0.715558456843418
"PHF5A",0.887294076769011
"PHF6",0.4645755210356
"PHF7",0.0518845039458043
"PHF8",0.766558188906878
"PHGDH",0.105460156852549
"PHGR1",0.19722811937597
"PHIP",0.0143584480930458
"PHKA1",0.13577650056588
"PHKA2",0.00021420021067987
"PHKB",0.961788863793554
"PHKG1",0.14016151937925
"PHKG2",0.999357725072266
"PHLDA1",1.07883867674491e-05
"PHLDA2",0.0836389532268613
"PHLDA3",0.306833489593733
"PHLDB1",0.0134935693163259
"PHLDB2",0.76361627655436
"PHLDB3",0.999898929649552
"PHLPP1",0.0647355433068183
"PHLPP2",0.38573101015362
"PHOSPHO1",0.255503472553322
"PHOSPHO2",0.000106162395446206
"PHOX2A",0.394939664137876
"PHOX2B",0.982165231625692
"PHPT1",0.737596297278667
"PHRF1",0.118657579284281
"PHTF1",0.2889307179147
"PHTF2",0.884209085683352
"PHYH",0.361279870809083
"PHYHD1",0.998509618136996
"PHYHIP",0.758366165431023
"PHYHIPL",0.795261030225587
"PHYKPL",0.740999396688699
"PI15",0.943502648025122
"PI16",0.296633291641578
"PI3",0.819821546544448
"PI4K2A",0.00119802028535218
"PI4K2B",0.133679558853277
"PI4KA",0.805915953142623
"PI4KB",0.527959361757579
"PIANP",0.0992272786857092
"PIAS1",0.117440229371488
"PIAS2",0.780416621882599
"PIAS3",0.991537243267324
"PIAS4",0.112119679194447
"PIBF1",0.299693785817904
"PICALM",0.00076676126985116
"PICK1",0.116962224141331
"PID1",0.402779853316045
"PIDD1",0.578428829936797
"PIEZO1",0.19862807401919
"PIEZO2",0.737002385116256
"PIF1",0.435497305511014
"PIFO",0.993080703267804
"PIGA",0.203957196095077
"PIGB",0.989612136026957
"PIGBOS1",0.751259692805294
"PIGC",0.981578925404879
"PIGF",0.847928128706773
"PIGG",0.864452814220312
"PIGH",0.184346068729926
"PIGK",0.00777131553756727
"PIGL",0.013885669603267
"PIGM",0.961182414641592
"PIGN",0.601289023363318
"PIGO",0.898508705031064
"PIGP",0.998583001494533
"PIGQ",0.202138136495008
"PIGR",0.998095258425014
"PIGS",0.0685892525094866
"PIGT",1.75327109057325e-05
"PIGU",0.984304514889695
"PIGV",0.988337108496272
"PIGW",0.982558254292241
"PIGX",0.992371119803968
"PIGY",0.975800142067092
"PIGZ",0.996758544367482
"PIH1D1",0.114381444834965
"PIH1D2",0.33660610634648
"PIH1D3",0.12966655723893
"PIK3AP1",6.27137753537044e-16
"PIK3C2A",0.999465060395315
"PIK3C2B",0.997425944747509
"PIK3C2G",0.413945894776721
"PIK3C3",0.378855051443839
"PIK3CA",0.48082903912359
"PIK3CB",0.84786046010516
"PIK3CD",0.000471591488078626
"PIK3CG",1.51200339782541e-22
"PIK3IP1",0.000228156150909268
"PIK3R1",0.784128689741537
"PIK3R2",0.999983014869105
"PIK3R3",0.528587805374629
"PIK3R4",0.998638304081479
"PIK3R5",1.45537893539826e-12
"PIK3R6",0.000342504061094923
"PIKFYVE",0.893007664055746
"PILRA",9.25078381328533e-08
"PILRB",0.0187793759473987
"PIM1",0.999185595025793
"PIM2",0.988769584264339
"PIM3",0.445994921386658
"PIN1",0.906893541341868
"PIN4",0.889932522431199
"PINK1",0.587843137828528
"PINLYP",0.486046345733543
"PINX1",0.946746415505784
"PIP",0.801727138282725
"PIP4K2A",0.1552339691231
"PIP4K2B",0.840293662494301
"PIP4K2C",0.981377528915243
"PIP4P1",NA
"PIP4P2",NA
"PIP5K1A",0.158675900901145
"PIP5K1B",0.762943089251286
"PIP5K1C",0.981272954322532
"PIP5KL1",0.266682361485249
"PIPOX",0.891186102070677
"PIR",0.483380886469434
"PIRT",0.761580605095121
"PISD",0.810865635511731
"PITHD1",0.1122364134285
"PITPNA",0.983679117447288
"PITPNB",0.998635160171885
"PITPNC1",0.803435659209414
"PITPNM1",0.823508631201107
"PITPNM2",0.454651122955401
"PITPNM3",0.0125769695947996
"PITRM1",0.933320711258073
"PITX1",0.0962752431686116
"PITX2",0.0406992827728786
"PITX3",0.822325997562202
"PIWIL1",0.891755323663616
"PIWIL2",0.323736668975582
"PIWIL3",0.993963595469114
"PIWIL4",0.842562173840111
"PJA1",0.0819628233329558
"PJA2",0.172421286567408
"PKD1",0.0710119149193434
"PKD1L1",0.752722936321163
"PKD1L2",0.894895644572557
"PKD1L3",0.946701966960315
"PKD2",0.36124604274697
"PKD2L1",0.97691350978964
"PKD2L2",0.176342612868587
"PKDCC",0.864987265075893
"PKDREJ",0.962853145023533
"PKHD1",0.889719014417418
"PKHD1L1",0.876969493336486
"PKIA",0.351173763936662
"PKIB",0.545802823325412
"PKIG",0.747707556633629
"PKLR",0.568831898966468
"PKM",0.289070657686484
"PKMYT1",0.00226627415737433
"PKN1",0.818869103276975
"PKN2",0.970870015697568
"PKN3",0.142956090153866
"PKNOX1",2.39324633415596e-05
"PKNOX2",0.00126439125448906
"PKP1",0.0010253008833872
"PKP2",0.159609806394576
"PKP3",0.00179079354302167
"PKP4",0.626800014179807
"PLA1A",0.548659634672574
"PLA2G10",0.553967810379009
"PLA2G12A",0.805453649592565
"PLA2G12B",0.810137214115685
"PLA2G15",6.64664131745062e-10
"PLA2G16",NA
"PLA2G1B",0.46563512492395
"PLA2G2A",4.96490820772596e-09
"PLA2G2C",0.667331582641747
"PLA2G2D",0.940614222562103
"PLA2G2E",0.914223212255258
"PLA2G2F",0.994592448742662
"PLA2G3",0.959765675014858
"PLA2G4A",0.817761548032557
"PLA2G4B",0.00108453409938042
"PLA2G4C",0.599397334035627
"PLA2G4D",0.348707225630069
"PLA2G4E",0.876354186602007
"PLA2G4F",0.15282824189518
"PLA2G5",0.000725990738729013
"PLA2G6",0.00221666145986884
"PLA2G7",0.60841229703502
"PLA2R1",0.150114564846991
"PLAA",0.963136514703843
"PLAC1",0.9015888866676
"PLAC8",0.00491662687571852
"PLAC8L1",0.038222416838511
"PLAC9",0.996613223774775
"PLAG1",0.955548309088078
"PLAGL1",0.987674346488054
"PLAGL2",0.983766213422461
"PLAT",6.63531362926896e-07
"PLAU",1.18432330309736e-10
"PLAUR",0.0242689080409907
"PLB1",1.78887181639687e-13
"PLBD1",0.000793493116218669
"PLBD2",0.00114492845724308
"PLCB1",0.808331074603685
"PLCB2",4.51874939049308e-06
"PLCB3",0.80794226269302
"PLCB4",0.000173680570508441
"PLCD1",0.970693933703893
"PLCD3",0.643414549134037
"PLCD4",0.0297149657594035
"PLCE1",0.180438971386573
"PLCG1",0.025944721379562
"PLCG2",5.00568533276154e-11
"PLCH1",0.000102585597720465
"PLCH2",0.000393589060048305
"PLCL1",0.832232997840616
"PLCL2",0.362168756462523
"PLCXD1",0.00501002252420397
"PLCXD2",0.000262303032767021
"PLCXD3",0.999652544578861
"PLCZ1",0.312712179180739
"PLD1",0.208852790889244
"PLD2",0.267113424346796
"PLD3",0.00304865877313585
"PLD4",0.0010448231568242
"PLD5",0.0811945166490373
"PLD6",0.00380305964119638
"PLEC",0.996436633677747
"PLEK",2.78102003222788e-16
"PLEK2",0.961782189420442
"PLEKHA1",0.204103468702873
"PLEKHA2",1.79280208273518e-07
"PLEKHA3",0.495293120047623
"PLEKHA4",3.80166420840717e-07
"PLEKHA5",0.0132724627158877
"PLEKHA6",0.998666195704251
"PLEKHA7",0.496672945308448
"PLEKHA8",0.326180149853179
"PLEKHB1",0.00819799986326357
"PLEKHB2",0.000892944567036693
"PLEKHD1",0.172740075799567
"PLEKHF1",0.631720622743859
"PLEKHF2",0.806301345460649
"PLEKHG1",0.978904060275044
"PLEKHG2",0.73751923495945
"PLEKHG3",0.195371863857062
"PLEKHG4",0.134774190997491
"PLEKHG4B",2.46130415569989e-05
"PLEKHG5",0.0262427135942087
"PLEKHG6",0.955505498751035
"PLEKHG7",0.944611445539463
"PLEKHH1",0.901789594222519
"PLEKHH2",0.166422311394231
"PLEKHH3",0.722038148446858
"PLEKHJ1",0.455914269909021
"PLEKHM1",0.11551720148992
"PLEKHM2",0.727298855247207
"PLEKHM3",0.753904194040639
"PLEKHN1",0.191179397856601
"PLEKHO1",0.626820433941795
"PLEKHO2",4.92627270010418e-12
"PLEKHS1",0.00908970995483266
"PLET1",0.788292399829384
"PLG",0.16258551712416
"PLGLB1",0.00384869417487346
"PLGLB2",0.725746981940512
"PLGRKT",0.807001132926235
"PLIN1",0.0553681015509144
"PLIN2",0.031900925250701
"PLIN3",0.0153579445998629
"PLIN4",0.00523166098111312
"PLIN5",0.00605928445108081
"PLK1",0.50918438394314
"PLK2",0.943230747767839
"PLK3",0.0013271313511711
"PLK4",0.0356582241256265
"PLK5",0.0142714602348621
"PLLP",0.0902838037059918
"PLN",0.954034538464768
"PLOD1",0.0988101747025963
"PLOD2",0.22842763291409
"PLOD3",2.21899162235794e-05
"PLP1",0.759660548887071
"PLP2",0.325556720966117
"PLPBP",NA
"PLPP1",NA
"PLPP3",NA
"PLPPR4",NA
"PLRG1",0.913518208408087
"PLS1",0.40731320372857
"PLS3",0.131205963026864
"PLSCR1",1.82525259125244e-07
"PLSCR2",0.926399872501006
"PLSCR3",NA
"PLSCR4",0.570902390308529
"PLSCR5",0.804917750230671
"PLTP",0.167924272753497
"PLVAP",0.072564586846328
"PLXDC1",0.657134089665399
"PLXDC2",0.0289692675967297
"PLXNA1",0.993840441158417
"PLXNA2",0.272367762617858
"PLXNA3",0.23465569646025
"PLXNA4",0.870455415021133
"PLXNB1",0.518354835548272
"PLXNB2",0.957744613119527
"PLXNB3",0.679495405335442
"PLXNC1",0.683440242342542
"PLXND1",0.000434173691043236
"PM20D1",0.634478799168424
"PM20D2",0.0446085572666897
"PMAIP1",0.907778326260361
"PMCH",0.736262403579162
"PMEL",0.743055735925561
"PMEPA1",0.0850760572246018
"PMF1",0.860849330875545
"PMF1-BGLAP",0.380446272171859
"PMFBP1",0.743141467476348
"PML",0.00567842057973904
"PMM1",0.990434034020133
"PMM2",0.946974001402999
"PMP2",0.000217804488263711
"PMP22",0.0087859529393261
"PMPCA",0.84859555932299
"PMPCB",0.571460993259808
"PMS1",0.0118940346834761
"PMS2",0.0339307297761861
"PMVK",0.849710623011536
"PNCK",0.000245118599772197
"PNISR",9.43860468944453e-05
"PNKD",0.733631115645612
"PNKP",0.32236526116185
"PNLDC1",0.925783382459323
"PNLIP",0.99130954827166
"PNLIPRP1",0.922877353657969
"PNLIPRP2",0.966651287756627
"PNLIPRP3",0.986174075244191
"PNMA1",0.902457670771347
"PNMA2",0.951196047080022
"PNMA3",7.38794445654417e-05
"PNMA5",0.246790019181402
"PNMA6A",0.192898351646084
"PNMA8B",NA
"PNMT",0.115057796629017
"PNN",0.0163817582843746
"PNO1",0.885541739701726
"PNOC",0.636331306524304
"PNP",0.663285786219677
"PNPLA1",0.650317390573196
"PNPLA2",0.829775303728157
"PNPLA3",0.812285671120236
"PNPLA4",0.939879398200301
"PNPLA5",0.481442672544212
"PNPLA6",0.345229359132319
"PNPLA7",0.722652075724003
"PNPLA8",0.997797007370815
"PNPO",9.34931339825799e-05
"PNPT1",0.695852819513623
"PNRC1",0.857948044396305
"PNRC2",0.869388977231679
"POC1A",0.578063677495417
"POC1B",0.997286805838446
"POC1B-GALNT4",0.990198907305664
"POC5",0.63612983089264
"PODN",0.0144737356276066
"PODNL1",3.16582417172296e-08
"PODXL",2.62732830320548e-09
"PODXL2",0.133282399162639
"POF1B",0.159023769578229
"POFUT1",0.00106192194896134
"POFUT2",0.995406673826545
"POGK",0.99134795260048
"POGLUT1",0.372877687178131
"POGZ",0.000122075052444634
"POLA1",0.0164276799328283
"POLA2",0.43648429342878
"POLB",0.00780341756213475
"POLD1",0.264020078499767
"POLD2",0.498533801911767
"POLD3",0.028632921988521
"POLD4",1.50430403109531e-09
"POLDIP2",0.983240063493224
"POLDIP3",0.923859604220394
"POLE",0.000420960219233559
"POLE2",0.222994890098022
"POLE3",0.619915833432246
"POLE4",0.953446466448926
"POLG",0.98150950061274
"POLG2",0.0216599914180275
"POLH",0.76233790797882
"POLI",0.860613110750275
"POLK",0.999999988703092
"POLL",0.72697455841592
"POLM",0.825903666772265
"POLN",0.381919423096818
"POLQ",0.0323040887290197
"POLR1A",0.999899394124504
"POLR1B",0.997706022599668
"POLR1C",0.508435353008392
"POLR1D",0.197027481469366
"POLR1E",0.667205265073896
"POLR2A",0.939299612451747
"POLR2B",0.135463868665914
"POLR2C",0.370952124945881
"POLR2D",0.3857609810484
"POLR2E",0.994253255935241
"POLR2F",0.777462677493677
"POLR2G",0.941653388224693
"POLR2H",0.338814639411463
"POLR2I",0.0056821271265979
"POLR2J",0.463863924584822
"POLR2J2",0.994922215400664
"POLR2J3",0.902825489790636
"POLR2K",0.84879551011563
"POLR2L",0.243741299388314
"POLR2M",0.915905721765209
"POLR3A",0.450921077524583
"POLR3B",0.463238292320016
"POLR3C",0.779551094401182
"POLR3D",0.686825151767837
"POLR3E",0.00276074886626412
"POLR3F",0.534470332404503
"POLR3G",0.970711517542287
"POLR3GL",0.158366182648573
"POLR3H",0.767333458326935
"POLR3K",0.897397822198887
"POLRMT",0.131424974716449
"POM121",0.862442524782252
"POM121C",0.714924953083139
"POM121L12",0.960936345842851
"POM121L2",0.903691712902145
"POMC",0.956441759721573
"POMGNT1",0.615765797947428
"POMGNT2",0.877486222200997
"POMK",0.0804188092622922
"POMP",0.70234735996306
"POMT1",0.121254724826999
"POMT2",0.998715411871981
"POMZP3",0.996660445932858
"PON1",0.232375502548009
"PON2",0.183822581896728
"PON3",0.991276136919986
"POP1",0.0816205178033944
"POP4",0.57229413166562
"POP5",0.948608278041633
"POP7",0.947572009308634
"POPDC2",0.97458444178119
"POPDC3",0.794763857129152
"POR",0.998343116238422
"PORCN",0.951808996729279
"POSTN",4.06947953746346e-05
"POT1",0.311843542998898
"POTEA",0.873609686748517
"POTEB",0.947862177446638
"POTEB2",0.946273604963208
"POTEB3",0.862132166893788
"POTEC",0.945345353476428
"POTED",0.95737781705797
"POTEE",0.639192113317311
"POTEF",0.375765975752619
"POTEG",0.950662893294972
"POTEH",0.945635936659321
"POTEI",0.388939036101474
"POTEJ",0.751164523372155
"POTEM",0.951678020065958
"POU1F1",0.999075686428129
"POU2AF1",0.870686368331909
"POU2F1",0.00224923559575841
"POU2F2",0.000852964893934047
"POU2F3",0.679058891902442
"POU3F1",0.0437260290027915
"POU3F2",0.937296748465992
"POU3F3",0.510973370964884
"POU3F4",0.558609123750942
"POU4F1",0.377599243583398
"POU4F2",0.491543251927228
"POU4F3",0.992970444022452
"POU5F1",0.746424285506951
"POU5F1B",0.4464947849349
"POU5F2",0.506685171611823
"POU6F1",0.855194958539054
"POU6F2",0.267989062591116
"PP2D1",0.937398290535371
"PPA1",0.789250753255586
"PPA2",0.991421185308178
"PPAN",0.560570748097354
"PPAN-P2RY11",0.655536164687908
"PPARA",0.990835781381946
"PPARD",0.0411922685225775
"PPARG",0.995080796543153
"PPARGC1A",0.9197641026953
"PPARGC1B",0.180420791165697
"PPAT",0.348076382041022
"PPBP",0.988340793725835
"PPCDC",0.99805922798484
"PPCS",0.632644245545719
"PPDPF",0.9987919748669
"PPEF1",0.249668791227936
"PPEF2",0.84690302700072
"PPFIA1",0.762739992701228
"PPFIA2",0.552972345539774
"PPFIA3",0.000106718364231698
"PPFIA4",0.0774618662484584
"PPFIBP1",0.0459118302049328
"PPFIBP2",0.209617864850665
"PPHLN1",0.874112346641326
"PPIA",0.496108741899743
"PPIAL4A",0.91566115882424
"PPIAL4C",0.960798923269677
"PPIAL4D",0.763817802824318
"PPIAL4E",0.763596065812486
"PPIAL4F",0.82755001318105
"PPIAL4G",0.730246177580403
"PPIB",0.00251686958517673
"PPIC",0.864930501048438
"PPID",0.140137228367552
"PPIE",0.872285813896269
"PPIF",0.986837927029674
"PPIG",0.0677137071187611
"PPIH",0.150445188303833
"PPIL1",0.858467759751435
"PPIL2",0.932788264382105
"PPIL3",0.986921814403019
"PPIL4",0.289320261902209
"PPIL6",0.050149021893757
"PPIP5K1",0.114345739068564
"PPIP5K2",0.0693236016570068
"PPL",0.00221422922868652
"PPM1A",0.921574776138864
"PPM1B",0.789652971951812
"PPM1D",0.586803719960242
"PPM1E",0.00163692922494825
"PPM1F",0.753567841343919
"PPM1G",0.50734007849641
"PPM1H",0.0187255872079734
"PPM1J",0.714181677571064
"PPM1K",0.823993478883486
"PPM1L",0.339014841486322
"PPM1M",0.00354687616534339
"PPM1N",0.99597576310714
"PPME1",0.119769160379887
"PPOX",1.77671963400081e-09
"PPP1CA",0.16144324936736
"PPP1CB",0.0447757402208282
"PPP1CC",0.670433124544787
"PPP1R10",0.0683778025906778
"PPP1R11",0.685070968438619
"PPP1R12A",0.945089662647937
"PPP1R12B",3.72740925258126e-05
"PPP1R12C",0.980488864791816
"PPP1R13B",5.38192535255377e-06
"PPP1R13L",0.182009169503209
"PPP1R14A",0.987844895016301
"PPP1R14B",0.997773947500183
"PPP1R14C",0.975849855582145
"PPP1R14D",0.76389126691162
"PPP1R15A",0.908680293364444
"PPP1R15B",0.515153994908211
"PPP1R16A",0.203003925203238
"PPP1R16B",0.999563106333988
"PPP1R17",0.709577847635789
"PPP1R18",1.14090560775731e-05
"PPP1R1A",0.00155727167002833
"PPP1R1B",0.011745024139742
"PPP1R1C",0.591196991303057
"PPP1R2",0.264604307543897
"PPP1R21",0.305162216335372
"PPP1R26",0.000358897932399526
"PPP1R27",0.07350241075079
"PPP1R32",0.102898900264278
"PPP1R35",0.43151828549952
"PPP1R36",0.611949899711038
"PPP1R37",0.61944895986386
"PPP1R3A",0.818158422302693
"PPP1R3B",7.87532272683286e-06
"PPP1R3C",0.757120795452138
"PPP1R3D",0.20428859372904
"PPP1R3E",0.00201459156767662
"PPP1R3F",0.237447036679611
"PPP1R3G",0.995551719512088
"PPP1R42",0.430171424359959
"PPP1R7",0.968906113303731
"PPP1R8",0.971899219398672
"PPP1R9A",0.505559492080481
"PPP1R9B",0.979817509412662
"PPP2CA",0.989487627183634
"PPP2CB",0.995077043555842
"PPP2R1A",0.420833321170209
"PPP2R1B",0.914319482979585
"PPP2R2A",0.919646440601089
"PPP2R2B",0.48628041697689
"PPP2R2C",0.000679168329533814
"PPP2R2D",0.140436260003465
"PPP2R3A",0.0209167903912676
"PPP2R3B",0.590032048438519
"PPP2R3C",0.99093085857664
"PPP2R5A",0.904223888937343
"PPP2R5B",0.334076475495416
"PPP2R5C",0.775689370971814
"PPP2R5D",0.717516051444306
"PPP2R5E",0.636930369412121
"PPP3CA",0.999367487591667
"PPP3CB",0.0618757354277484
"PPP3CC",0.193707585566099
"PPP3R1",0.532088138884437
"PPP3R2",0.618615154799226
"PPP4C",0.999367763979019
"PPP4R1",0.0379331270830262
"PPP4R2",0.0369000235536456
"PPP4R3A",NA
"PPP4R4",0.394787239398493
"PPP5C",0.00303743880013397
"PPP5D1",0.972780092374356
"PPP6C",0.984685835512355
"PPP6R1",0.494102819168541
"PPP6R2",0.818937676985327
"PPP6R3",0.575803753079772
"PPRC1",0.995321430831507
"PPT1",0.00023649949736592
"PPT2",0.990349333417175
"PPTC7",0.721252752529686
"PPWD1",0.193429861535206
"PPY",0.554621372005139
"PQBP1",0.847924144763526
"PRAC1",0.803361545475638
"PRAC2",0.773561520294358
"PRADC1",0.00958895341107003
"PRAF2",0.00171398502120277
"PRAM1",8.13205866395679e-06
"PRAME",0.135771518939532
"PRAMEF1",0.901228683611834
"PRAMEF10",0.957279325789975
"PRAMEF11",0.93892401234114
"PRAMEF12",0.801674729354815
"PRAMEF13",0.955677334368843
"PRAMEF14",0.884834360120329
"PRAMEF15",0.918760896053738
"PRAMEF17",0.91499604880238
"PRAMEF18",0.955915687700784
"PRAMEF19",0.898589385363951
"PRAMEF2",0.859937797975588
"PRAMEF20",0.772060883702398
"PRAMEF25",0.941699036946391
"PRAMEF26",0.92160610032911
"PRAMEF4",0.932470286511258
"PRAMEF5",0.95087564566493
"PRAMEF6",0.951288794101197
"PRAMEF7",0.874463531155404
"PRAMEF8",0.803138574519154
"PRAP1",0.430309681491633
"PRB1",0.730533255614068
"PRB2",0.53347265104704
"PRB3",0.639271214803334
"PRB4",0.845451325401017
"PRC1",0.116372204533045
"PRCC",0.319694250052526
"PRCD",0.425714975644561
"PRCP",0.189007870155398
"PRDM1",2.14355810626778e-05
"PRDM10",0.0135100448976569
"PRDM11",0.122683166753507
"PRDM12",0.536904287722101
"PRDM13",0.631116036744538
"PRDM14",0.947506500135113
"PRDM15",0.0377103151011245
"PRDM16",0.998979473011557
"PRDM2",0.00186623224456773
"PRDM4",0.216616587345636
"PRDM5",0.267188856958942
"PRDM6",0.453685435498146
"PRDM7",0.68411365739927
"PRDM8",2.28216180569794e-05
"PRDM9",0.949384865459587
"PRDX1",0.970818432270502
"PRDX2",0.638937702007099
"PRDX3",0.831481677064641
"PRDX4",0.0528663805028426
"PRDX5",0.32336376887745
"PRDX6",0.951903376884405
"PREB",0.448974874595726
"PRELID1",0.859766081987348
"PRELID2",0.413477689388739
"PRELP",0.971495346992415
"PREP",0.984758158763701
"PREPL",0.753339323147574
"PREX1",0.00135751075342404
"PREX2",0.26131824928243
"PRF1",0.0159040062371742
"PRG2",0.98862609498371
"PRG3",0.965341339679472
"PRG4",0.969121437351394
"PRH1",0.0177594520043394
"PRH2",0.422392731218416
"PRICKLE1",0.895861527103803
"PRICKLE2",0.0831940562404027
"PRICKLE3",0.69464149403391
"PRICKLE4",0.583684742829008
"PRIM1",0.293681329502422
"PRIM2",0.535835765890297
"PRIMA1",0.0271899637696739
"PRIMPOL",0.0113044456426889
"PRKAA1",0.0675952517118861
"PRKAA2",0.650630429264745
"PRKAB1",0.229510257282266
"PRKAB2",0.976913357148687
"PRKACA",0.00275161238707393
"PRKACB",0.0971152293777017
"PRKACG",0.919234920873866
"PRKAG1",0.843278482775642
"PRKAG2",0.839022698834088
"PRKAG3",0.823358346678086
"PRKAR1A",0.861711456503094
"PRKAR1B",0.9945536729734
"PRKAR2A",0.992930253637484
"PRKAR2B",0.19049242946216
"PRKCA",0.00259088514362635
"PRKCB",0.8217257202365
"PRKCD",0.0352813336930561
"PRKCE",0.784603760344755
"PRKCG",0.00903920545718109
"PRKCH",0.00831422201235026
"PRKCI",0.20319143015012
"PRKCQ",0.974610221975349
"PRKCSH",0.9937551358979
"PRKCZ",0.728436818970895
"PRKD1",0.0184238158445482
"PRKD2",0.962858777250207
"PRKD3",0.961690202511378
"PRKDC",0.768731316686981
"PRKG1",0.115168911223615
"PRKG2",0.976929032587807
"PRKRA",0.0169335972196637
"PRKRIP1",0.137148991900813
"PRKX",0.153725116223069
"PRL",0.795339512942431
"PRLH",0.906906224083019
"PRLHR",0.136291894921733
"PRLR",0.56851920962021
"PRM1",0.960468332879908
"PRM2",0.937722371538351
"PRM3",0.834351335628683
"PRMT1",0.382366152555901
"PRMT2",0.973655372314386
"PRMT3",0.876436999746126
"PRMT5",0.899138138673283
"PRMT6",0.961167386146642
"PRMT7",0.000328081757551955
"PRMT8",0.0130113527033614
"PRMT9",0.991378488202667
"PRND",0.771602364692002
"PRNP",0.971386336911937
"PROB1",0.999763267072001
"PROC",0.248205334715765
"PROCA1",0.141940693961363
"PROCR",0.366826354753914
"PRODH",0.940068540244692
"PRODH2",0.8653737505086
"PROK1",0.997325762802485
"PROK2",0.645696675263899
"PROKR1",0.859874716005376
"PROKR2",0.310640565261607
"PROM1",0.643915844813916
"PROM2",0.000919642026536257
"PROP1",0.968464817167966
"PRORY",0.960749023498719
"PROS1",3.77920215189416e-09
"PROSER1",0.130738864061396
"PROSER2",0.919447148519445
"PROSER3",0.316419368297773
"PROX1",0.985520978966354
"PROX2",0.50837478520858
"PROZ",0.22406868433076
"PRPF18",0.719970064488713
"PRPF19",0.591180135668724
"PRPF3",5.10162240503131e-06
"PRPF31",0.554342901270853
"PRPF38A",0.0268364538395673
"PRPF38B",0.294433374782351
"PRPF39",0.00898487475089808
"PRPF4",0.484476205655286
"PRPF40A",0.922263668603553
"PRPF40B",0.331535199280952
"PRPF4B",0.36560410449336
"PRPF6",0.00170204361343662
"PRPF8",0.385411996326804
"PRPH",0.960330790840482
"PRPH2",0.618740731217941
"PRPS1",0.0702154064793395
"PRPS1L1",0.923008174818503
"PRPS2",0.863209762496035
"PRPSAP1",0.0862571952716981
"PRPSAP2",0.00830618458145595
"PRR11",0.751575248404995
"PRR12",0.903727779664601
"PRR13",0.000268644665873359
"PRR14",0.996136041597799
"PRR14L",0.281197103606019
"PRR15",0.958585604012231
"PRR15L",0.570604189220198
"PRR16",0.564737856807553
"PRR18",0.958112846814919
"PRR19",0.808831904324634
"PRR20A",0.743999240590923
"PRR20B",0.743999240590923
"PRR20C",0.711493254962996
"PRR20D",0.743999240590923
"PRR20E",0.743999240590923
"PRR21",0.951027885507575
"PRR22",0.214407288687265
"PRR23A",0.961574393254585
"PRR23B",0.961417513365387
"PRR23C",0.96081000566855
"PRR23D1",0.898270749406971
"PRR23D2",0.883974075574335
"PRR25",0.175574520841307
"PRR26",0.468878858616024
"PRR27",0.820068988720355
"PRR29",0.0943771846505766
"PRR3",0.000824079170811699
"PRR30",0.951931207877115
"PRR32",0.981033239798445
"PRR33",0.998391667144432
"PRR34",0.326647349474793
"PRR35",0.249954288683264
"PRR36",0.00372764201546843
"PRR4",0.00351792828963238
"PRR5",0.802478060534959
"PRR5-ARHGAP8",0.876843879519611
"PRR5L",0.998488881195565
"PRR7",0.977696652169944
"PRR9",0.0588751607141185
"PRRC1",0.888173242254134
"PRRC2A",0.995575828834384
"PRRC2B",0.940558677992765
"PRRC2C",0.988016391306327
"PRRG1",0.998886132757781
"PRRG2",0.967369882874407
"PRRG3",0.000607371369135634
"PRRG4",0.837025796851695
"PRRT1",0.898199529187179
"PRRT2",3.06139807155807e-07
"PRRT3",0.732613370913352
"PRRT4",0.0833732611093134
"PRRX1",0.00204727410073702
"PRRX2",0.999615121351056
"PRSS1",0.990022076865629
"PRSS12",0.000696404539910104
"PRSS16",0.0243929796341489
"PRSS2",0.996988182131746
"PRSS21",0.991943833089462
"PRSS22",0.0732660962483841
"PRSS23",9.03216740662333e-08
"PRSS27",0.0755847906126178
"PRSS3",0.114478055135878
"PRSS33",0.664325360254243
"PRSS35",0.959757487988642
"PRSS36",0.899016142364293
"PRSS37",0.230996215091576
"PRSS38",0.917172692084536
"PRSS41",0.965637720060679
"PRSS48",0.758599493849967
"PRSS50",0.0429304375654448
"PRSS51",0.0154801326318047
"PRSS53",0.0289460407594099
"PRSS54",0.334272252271244
"PRSS55",0.851239809401782
"PRSS56",0.784502269760542
"PRSS57",0.904135879085541
"PRSS58",0.951642614549351
"PRSS8",0.0466055740570026
"PRTFDC1",0.748006845757586
"PRTG",0.28189385844899
"PRTN3",0.864854146478575
"PRUNE1",NA
"PRUNE2",0.00118504017800272
"PRX",0.570018841292076
"PRY",0.97093473036909
"PRY2",0.957117701157358
"PSAP",4.39283112468917e-06
"PSAPL1",0.164863642579463
"PSAT1",0.999931935202719
"PSCA",0.439455083617826
"PSD",0.934746545972018
"PSD2",0.674542086702401
"PSD3",0.949383234948413
"PSD4",0.54821195577712
"PSEN1",0.997461120063003
"PSEN2",0.998929676470107
"PSENEN",0.940489793071764
"PSG1",0.53201036036724
"PSG11",0.658562950422611
"PSG2",0.857554671920216
"PSG3",0.465004829815807
"PSG4",0.445122626028073
"PSG5",0.514558816484098
"PSG6",0.501470230655818
"PSG7",0.551002188016863
"PSG8",0.396921941687582
"PSG9",0.722514844896874
"PSIP1",0.222167537024101
"PSKH1",0.42787133656219
"PSKH2",0.836347967534994
"PSMA1",0.95534847831105
"PSMA2",0.782868146017089
"PSMA3",0.881469792771292
"PSMA4",0.972667833818251
"PSMA5",0.98268646079743
"PSMA6",0.782243025658953
"PSMA7",0.995084490899055
"PSMA8",0.943584885705309
"PSMB1",0.704057906776637
"PSMB10",0.00833063572512486
"PSMB11",0.913036742709887
"PSMB2",0.738530872029665
"PSMB3",0.112651508903687
"PSMB4",0.909438197534171
"PSMB5",0.973941513618921
"PSMB6",0.323764256641331
"PSMB7",0.952344899241172
"PSMB8",3.70371039466015e-09
"PSMB9",1.71669611043611e-06
"PSMC1",0.930806841833941
"PSMC2",0.334638807018737
"PSMC3",0.790495589229997
"PSMC3IP",2.85338762666242e-05
"PSMC4",0.865355610799529
"PSMC5",0.821555671923124
"PSMC6",0.921401314918092
"PSMD1",0.960477953493391
"PSMD10",0.68539813998029
"PSMD11",0.891357406723116
"PSMD12",0.952403260868139
"PSMD13",0.671681755500766
"PSMD14",0.99999712782558
"PSMD2",0.979423095717814
"PSMD3",0.54159969789928
"PSMD4",0.69462878535539
"PSMD5",0.7467786437239
"PSMD6",0.978597801463878
"PSMD7",0.983864591361537
"PSMD8",0.454441957984624
"PSMD9",0.753936356341803
"PSME1",0.158091354606406
"PSME2",0.00935648823077909
"PSME3",0.609064349036398
"PSME4",0.99395837849672
"PSMF1",0.738543126400778
"PSMG1",0.949015618749894
"PSMG2",0.963857765143507
"PSMG3",0.992034632541811
"PSMG4",0.943120139654702
"PSORS1C1",0.0828620576017473
"PSORS1C2",0.217708557748719
"PSPC1",0.00286277429624016
"PSPH",0.71904311621019
"PSPN",0.194191549494046
"PSRC1",0.127649425961406
"PSTK",0.210017984345261
"PSTPIP1",0.987423292672922
"PSTPIP2",0.488465001722432
"PTAFR",1.13362951736303e-17
"PTAR1",0.866396370746816
"PTBP1",0.97920613128816
"PTBP2",0.0885194997899492
"PTBP3",0.951633420874891
"PTCD1",0.381341523755897
"PTCD2",0.88440479483715
"PTCD3",0.999482175870221
"PTCH1",0.165916234854173
"PTCH2",0.0334624271950627
"PTCHD1",0.212437421776514
"PTCHD3",0.981248581450459
"PTCHD4",0.005022455053521
"PTCRA",0.0475534677820996
"PTDSS1",0.673638960471633
"PTDSS2",0.78723098961722
"PTEN",0.989087744626954
"PTER",0.949492311124051
"PTF1A",0.602311006321901
"PTGDR",0.877081300557629
"PTGDR2",0.0619017328866973
"PTGDS",0.546746283108796
"PTGER1",0.637546439071379
"PTGER2",0.880578048918297
"PTGER3",0.618458799525031
"PTGER4",9.58624815113962e-08
"PTGES",0.965475190750288
"PTGES2",0.982581338059657
"PTGES3",0.387927925798457
"PTGES3L",0.0525661289490143
"PTGES3L-AARSD1",0.510838820386275
"PTGFR",0.999495790886777
"PTGFRN",0.000723452192033576
"PTGIR",0.998155970819915
"PTGIS",0.883311044594985
"PTGR1",0.894099937961034
"PTGR2",0.967368775727982
"PTGS1",5.93291141250238e-09
"PTGS2",0.791009363324602
"PTH",0.904061565706819
"PTH1R",0.839303980502862
"PTH2",0.609664673427519
"PTH2R",0.94939908305808
"PTHLH",0.0208745878924857
"PTK2",0.00811305220672679
"PTK2B",0.839708433806238
"PTK6",0.0022958597106035
"PTK7",0.837687513004357
"PTMA",0.0249982370407872
"PTMS",0.954757809815425
"PTN",0.0102421020121549
"PTOV1",0.00287714638893183
"PTP4A1",0.377198613934859
"PTP4A2",0.560293859085669
"PTP4A3",0.0093027325413711
"PTPA",NA
"PTPDC1",0.996722845763322
"PTPMT1",0.459152441321769
"PTPN1",0.0149079706094548
"PTPN11",0.390192782396635
"PTPN12",0.0127070956045272
"PTPN13",0.184928510682103
"PTPN14",0.923002775376261
"PTPN18",0.00209085316298158
"PTPN2",0.758068338962744
"PTPN20",0.0508783640818251
"PTPN21",0.91272357242245
"PTPN22",0.00144035936654095
"PTPN23",0.999698767765126
"PTPN3",0.000141357565118101
"PTPN4",1.81064941320841e-05
"PTPN5",0.660507810469399
"PTPN6",1.17448577725878e-15
"PTPN7",8.92936668199618e-05
"PTPN9",4.36158206230296e-06
"PTPRA",0.616416120503066
"PTPRB",0.817707764474114
"PTPRC",1.32049190992954e-11
"PTPRCAP",0.0114365723212413
"PTPRD",0.986769307432787
"PTPRE",2.21502822953344e-12
"PTPRF",0.321441738228059
"PTPRG",0.570163506344484
"PTPRH",0.514007104280073
"PTPRJ",3.05837206317331e-10
"PTPRK",0.626592717607645
"PTPRM",0.878167336418542
"PTPRN",0.47473506470017
"PTPRN2",0.892292927356993
"PTPRO",0.990341419862996
"PTPRQ",0.213679432768312
"PTPRR",0.0838107543360758
"PTPRS",0.0284112855357897
"PTPRT",0.122125115877624
"PTPRU",0.726826773889629
"PTPRZ1",0.000305051584015099
"PTRH1",0.719933518392846
"PTRH2",0.98959899011461
"PTRHD1",0.7427540005038
"PTS",0.987487590296396
"PTTG1",0.976221588656633
"PTTG1IP",1.36536325805695e-07
"PTTG2",0.805489911316402
"PTX3",0.399149870679185
"PTX4",0.416262750835532
"PUDP",NA
"PUF60",0.847711786976906
"PUM1",6.29870743054077e-05
"PUM2",0.000156390204858163
"PURA",0.734337594252145
"PURB",0.404922507046494
"PURG",0.162880119898506
"PUS1",0.903078390006799
"PUS10",0.623330343340618
"PUS3",0.857826097200782
"PUS7",0.00812394916832553
"PUS7L",0.845361986667889
"PUSL1",0.96725047078897
"PVALB",0.197600144577077
"PVR",0.263849269467828
"PVRIG",0.728528419439261
"PWP1",0.797029375564884
"PWP2",0.666550022621312
"PWWP2A",0.00189277957950548
"PWWP2B",0.22967489830872
"PXDC1",2.81205552433928e-06
"PXDN",0.336331287115929
"PXDNL",0.833481199477343
"PXK",0.991141471701304
"PXMP2",0.0130397608474628
"PXMP4",0.594276872709174
"PXN",0.0498777495994431
"PXT1",0.999653229215434
"PXYLP1",0.950390886646339
"PYCARD",4.4186319038541e-08
"PYCR1",0.884398779091423
"PYCR2",0.650285924039289
"PYCR3",NA
"PYDC1",0.10723508610941
"PYDC2",0.959961690182221
"PYGB",0.0209933363517017
"PYGL",1.85584111759395e-08
"PYGM",0.0376826419211004
"PYGO1",0.586949365685789
"PYGO2",0.980485030344189
"PYHIN1",0.0675634362354862
"PYM1",NA
"PYROXD1",0.977991201055741
"PYROXD2",0.729730829195642
"PYURF",0.963299916884992
"PYY",0.997933353941045
"PZP",0.752110120035318
"QARS",0.994351996545948
"QDPR",0.623196055044127
"QKI",0.0423695792004461
"QPCT",0.641249664584129
"QPCTL",0.976040594063879
"QPRT",0.318378396932748
"QRFP",0.41229867108732
"QRFPR",0.712208757663363
"QRICH1",0.182153243902382
"QRICH2",0.00116029271811989
"QRSL1",0.998399356559964
"QSER1",0.148006935780398
"QSOX1",0.000708091778878006
"QSOX2",0.00145609045199595
"QTRT1",0.0238284599629829
"QTRT2",NA
"R3HCC1",0.738360607329071
"R3HCC1L",0.550728348541069
"R3HDM1",0.175874800862696
"R3HDM2",0.706930675786322
"R3HDM4",0.963450310920916
"R3HDML",0.955789934800894
"RAB10",0.0178600767869649
"RAB11A",0.675145070136895
"RAB11B",0.989552686832639
"RAB11FIP1",0.571650945848793
"RAB11FIP2",0.384562064402681
"RAB11FIP3",0.498566046953771
"RAB11FIP4",9.05729181491111e-08
"RAB11FIP5",0.963538797211203
"RAB12",0.687835620096519
"RAB13",0.00016984205081746
"RAB14",0.42230399831394
"RAB15",0.895814413773013
"RAB17",0.899530680539944
"RAB18",0.99982201592707
"RAB19",0.987410284139182
"RAB1A",0.964681384871162
"RAB1B",0.00616790584197429
"RAB20",4.82508578325629e-06
"RAB21",0.155213141414978
"RAB22A",0.880229025690319
"RAB23",0.727101830420797
"RAB24",0.102521398420625
"RAB25",0.00175869049597582
"RAB26",0.00217618869540659
"RAB27A",0.00306958867613547
"RAB27B",0.994304755151861
"RAB28",0.865602990736778
"RAB29",0.00256267737465936
"RAB2A",0.0717214122872205
"RAB2B",0.81292137440509
"RAB30",0.700796608968523
"RAB31",7.61903332553442e-07
"RAB32",0.0171407203266826
"RAB33A",0.842885206072232
"RAB33B",0.581218699418425
"RAB34",0.658247518825288
"RAB35",0.00151851669878991
"RAB36",0.72905209857613
"RAB37",0.7852753597231
"RAB38",0.104536137883318
"RAB39A",0.983767685050707
"RAB39B",0.976263310040528
"RAB3A",0.0495123845938673
"RAB3B",0.330710404742217
"RAB3C",0.975060402421708
"RAB3D",0.403729933960618
"RAB3GAP1",0.955824314664302
"RAB3GAP2",0.992770364193524
"RAB3IL1",0.01514590351324
"RAB3IP",0.000128023072308214
"RAB40A",0.192590960908595
"RAB40AL",0.0347731641595014
"RAB40B",0.999226291482232
"RAB40C",0.103224273089262
"RAB41",0.766393874459369
"RAB42",0.787547166120256
"RAB43",0.244273492377449
"RAB44",0.962950696807178
"RAB4A",0.775584599528861
"RAB4B",0.041959966474471
"RAB5A",0.000186600340708943
"RAB5B",0.82432063612454
"RAB5C",5.77241559904813e-05
"RAB6A",0.297952435985669
"RAB6B",0.871801508926572
"RAB6C",0.311222730802739
"RAB6D",NA
"RAB7A",4.51534882500864e-05
"RAB7B",0.939979106665116
"RAB8A",0.0529366380103588
"RAB8B",0.00323374724155541
"RAB9A",0.0120680712016892
"RAB9B",0.996892439228864
"RABAC1",0.251068772868829
"RABEP1",0.984688561322036
"RABEP2",0.922441500824961
"RABEPK",0.985928394874826
"RABGAP1",0.0740009141768197
"RABGAP1L",0.82617822215911
"RABGEF1",0.0132009067273797
"RABGGTA",0.988550726733459
"RABGGTB",0.990292678110078
"RABIF",0.813733910569409
"RABL2A",5.52257025975014e-06
"RABL2B",0.000582994952101678
"RABL3",0.576980745664837
"RABL6",0.211633458350684
"RAC1",0.00290625248194735
"RAC2",1.37127466927274e-05
"RAC3",0.0025655446348396
"RACGAP1",0.524965862867975
"RACK1",NA
"RAD1",0.0835635374091726
"RAD17",0.137550631747409
"RAD18",0.981351649092746
"RAD21",0.00666163390673136
"RAD21L1",0.958659602210202
"RAD23A",0.959372578943142
"RAD23B",0.529580411097341
"RAD50",0.971618507325122
"RAD51",0.255685253983128
"RAD51AP1",0.418379890852494
"RAD51AP2",0.559430790189074
"RAD51B",0.560033686383799
"RAD51C",0.999962886651396
"RAD51D",0.731623196751096
"RAD52",0.00877876066905933
"RAD54B",0.931013490134812
"RAD54L",0.131048860700701
"RAD54L2",0.868403545808118
"RAD9A",0.00071065744281356
"RAD9B",0.768579856747985
"RADIL",0.354351590620467
"RAE1",0.143076263383828
"RAET1E",0.704385242137776
"RAET1G",0.869575584396591
"RAET1L",0.482926597527828
"RAF1",0.249825788847548
"RAG1",0.997713157508197
"RAG2",0.0176856504621973
"RAI1",0.821390274190559
"RAI14",0.981482297906836
"RAI2",0.99259275399595
"RALA",0.750821011308103
"RALB",0.0825837508733413
"RALBP1",0.998818548942945
"RALGAPA1",0.0172113171948502
"RALGAPA2",0.364090623363062
"RALGAPB",0.903782727538735
"RALGDS",0.414902973482067
"RALGPS1",0.0013528460652851
"RALGPS2",0.522259595536131
"RALY",0.999249249088418
"RALYL",0.559909186478524
"RAMP1",0.000147548282361115
"RAMP2",0.978766836232067
"RAMP3",0.576714198215693
"RAN",0.826771221375888
"RANBP1",0.244166005501986
"RANBP10",0.587880339737969
"RANBP17",0.208132662286711
"RANBP2",0.98240492076362
"RANBP3",0.891807823865605
"RANBP3L",0.942266085175612
"RANBP6",0.976096158607014
"RANBP9",0.369892126400081
"RANGAP1",0.210736298983963
"RANGRF",0.530450345805583
"RAP1A",0.000142979814453875
"RAP1B",0.392202347754865
"RAP1GAP",0.852285013749735
"RAP1GAP2",0.00451797037344188
"RAP1GDS1",0.955381722166078
"RAP2A",0.0563992630384875
"RAP2B",0.314199054633582
"RAP2C",0.0228775114333853
"RAPGEF1",0.928476097371808
"RAPGEF2",0.701050515809637
"RAPGEF3",0.383419585465828
"RAPGEF4",0.995466863253098
"RAPGEF5",0.581940850317864
"RAPGEF6",0.120396800700688
"RAPGEFL1",0.000106144448545893
"RAPH1",0.392498334389487
"RAPSN",0.760554220019324
"RARA",0.315184735520325
"RARB",0.580005634208623
"RARG",0.999974259668637
"RARRES1",0.0214504278434949
"RARRES2",0.00979425617006767
"RARS",0.306150925997232
"RARS2",0.903247967093225
"RASA1",0.53827892136062
"RASA2",0.607082670194039
"RASA3",0.000731210841913737
"RASA4",0.455016025997158
"RASA4B",0.882294561014963
"RASAL1",0.0201225975051573
"RASAL2",0.925875331954314
"RASAL3",3.21573796643381e-11
"RASD1",0.982364541916342
"RASD2",0.993563218054375
"RASEF",0.653835060433189
"RASGEF1A",0.779545390217655
"RASGEF1B",0.800833817450035
"RASGEF1C",0.871205254961762
"RASGRF1",0.0622058927593484
"RASGRF2",0.821629005805067
"RASGRP1",0.872454282087987
"RASGRP2",0.783178621689275
"RASGRP3",0.949952687872886
"RASGRP4",1.89444387960819e-07
"RASIP1",0.992668570783273
"RASL10A",0.0932455297467928
"RASL10B",0.0738085318923847
"RASL11A",0.671625610759944
"RASL11B",0.948653914160434
"RASL12",0.9886815446226
"RASSF1",0.921866280611576
"RASSF10",0.0919877581954934
"RASSF2",0.0809898868328925
"RASSF3",0.260787072715343
"RASSF4",0.000312839051178198
"RASSF5",1.12744796138699e-06
"RASSF6",0.540538332001907
"RASSF7",0.00440365627122812
"RASSF8",0.426554489419904
"RASSF9",0.0204409301481857
"RAVER1",0.907884301171602
"RAVER2",0.00621097689365927
"RAX",0.997347857624164
"RAX2",0.684143364800948
"RB1",0.000709834581622943
"RB1CC1",0.0348961592303552
"RBAK",0.241054886828584
"RBAK-RBAKDN",0.842312181210172
"RBBP4",0.214764913992151
"RBBP5",0.269093736326894
"RBBP6",0.00176054490197194
"RBBP7",0.922426153956696
"RBBP8",0.958028996920045
"RBBP8NL",0.16492728710488
"RBBP9",0.250394552502555
"RBCK1",0.968338851838466
"RBFA",0.460119197713467
"RBFOX1",0.0242660564634993
"RBFOX2",0.0256328824100821
"RBFOX3",0.00596523111679194
"RBKS",0.936329333687081
"RBL1",0.994276312156779
"RBL2",0.542838840585127
"RBM10",0.0557355541873267
"RBM11",0.0150466773428478
"RBM12",0.0315828914593557
"RBM12B",0.11084648116404
"RBM14",0.00546558241152602
"RBM14-RBM4",0.823353543523485
"RBM15",0.0282968249381132
"RBM15B",0.0130269225457975
"RBM17",0.361259877486093
"RBM18",0.986863419352439
"RBM19",0.89899049515317
"RBM20",0.974100314254479
"RBM22",0.971565606471478
"RBM23",0.0603949972832543
"RBM24",0.0272633992087855
"RBM25",0.00724014526393103
"RBM26",0.0258841525477094
"RBM27",0.260214661993697
"RBM28",0.0675952045975427
"RBM3",0.881030936282904
"RBM33",0.0500378667837989
"RBM34",0.934190585687905
"RBM38",0.950758561636856
"RBM39",0.00209722429734099
"RBM4",0.348362990107013
"RBM41",0.00217196327404049
"RBM42",0.793943155419353
"RBM43",0.751227150756932
"RBM44",0.944162599784621
"RBM45",0.30025539467515
"RBM46",0.962083509647282
"RBM47",1.88317917080423e-06
"RBM48",0.440481409653285
"RBM4B",0.0012908155083052
"RBM5",0.000554694401585825
"RBM6",0.000213266508937951
"RBM7",0.622899533202895
"RBM8A",0.478773860334497
"RBMS1",0.000341024910962303
"RBMS2",0.0235193027135718
"RBMS3",0.819472155382912
"RBMX",0.00273234038852809
"RBMX2",0.123770503755487
"RBMXL1",0.918107232808344
"RBMXL2",0.221848135297375
"RBMXL3",0.706319707418002
"RBMY1A1",0.870809148751323
"RBMY1B",0.894381730161316
"RBMY1D",0.951452775726791
"RBMY1E",0.90382351483927
"RBMY1F",0.929182097459941
"RBMY1J",0.915175383902304
"RBP1",0.0949614425248792
"RBP2",0.0265459702383575
"RBP3",0.497362115409299
"RBP4",0.569122366669687
"RBP5",0.925416156562925
"RBP7",0.987467608787038
"RBPJ",0.96172472689312
"RBPJL",0.752714089498906
"RBPMS",0.276717696551172
"RBPMS2",0.768763613711832
"RBSN",0.683611716242495
"RBX1",0.715167968889368
"RC3H1",0.164122875196722
"RC3H2",0.868958296978875
"RCAN1",0.000116510614018642
"RCAN2",0.104180648118814
"RCAN3",0.36002025923006
"RCBTB1",0.696676081536105
"RCBTB2",0.988863531134133
"RCC1",0.560686801304112
"RCC1L",NA
"RCC2",0.965529067828523
"RCCD1",0.0645010046448227
"RCE1",0.348026056928661
"RCHY1",0.800513895230099
"RCL1",0.297610854235744
"RCN1",0.933050082490885
"RCN2",0.275466265722237
"RCN3",0.0876563840056394
"RCOR1",0.235069850252511
"RCOR2",0.000365879494524358
"RCOR3",0.00121001681378278
"RCSD1",1.2523693741684e-10
"RCVRN",0.928572988071813
"RD3",0.688264597761714
"RD3L",0.798950676376095
"RDH10",0.501590031695948
"RDH11",0.02894957983653
"RDH12",0.999981536247364
"RDH13",0.491524337728782
"RDH14",0.293390772123268
"RDH16",0.0551674030332437
"RDH5",0.796086702701863
"RDH8",0.935507531085052
"RDM1",0.0622699965491315
"RDX",0.942527320655482
"REC114",0.828261308850649
"REC8",0.999877506301205
"RECK",0.910966716425252
"RECQL",0.214719905439349
"RECQL4",0.114829506938236
"RECQL5",0.0468854571730702
"REEP1",0.717819920969957
"REEP2",0.364053378070847
"REEP3",0.0022094460929568
"REEP4",0.598907341883707
"REEP5",0.797081849674982
"REEP6",0.52036322729218
"REG1A",0.951167626221158
"REG1B",0.990241524143801
"REG3A",0.996201696079147
"REG3G",0.978272755750368
"REG4",0.856709490581014
"REL",0.0162173553118444
"RELA",0.911134486987098
"RELB",0.00168946375037605
"RELCH",NA
"RELL1",0.010605085025378
"RELL2",0.851232220869343
"RELN",0.000239152202901691
"RELT",0.0983592840042944
"REM1",0.843111883195129
"REM2",1.36160052344033e-05
"REN",0.70103377677884
"RENBP",0.000170054231199946
"REP15",0.440713315713496
"REPIN1",0.788469227354788
"REPS1",0.641388444566025
"REPS2",0.916693394465219
"RER1",0.169400638380176
"RERE",0.0100270440641835
"RERG",0.00305807048547847
"RERGL",0.471947730106016
"RESP18",0.501247771325112
"REST",0.391076473148379
"RET",0.308060533907946
"RETN",0.454277355346694
"RETNLB",0.95679846688322
"RETREG2",NA
"RETREG3",NA
"RETSAT",0.061647506932768
"REV1",0.00420442291163755
"REV3L",0.487324589576222
"REXO1",0.37748472068773
"REXO2",0.0010929979185595
"REXO4",0.0683835479819533
"RFC1",0.728169334869571
"RFC2",0.998942995121844
"RFC3",0.0971320687276295
"RFC4",0.0613990512315799
"RFC5",7.32426117317101e-05
"RFESD",0.939808012977412
"RFFL",0.0171462809271118
"RFK",0.723583661534977
"RFNG",0.768562089434901
"RFPL1",0.443629310635103
"RFPL2",0.0477378944814938
"RFPL3",0.91671565154103
"RFPL4A",0.986061918521085
"RFPL4AL1",0.994703944890588
"RFPL4B",0.893557287567618
"RFT1",0.62483367901842
"RFTN1",8.65773877055953e-06
"RFTN2",0.530916716596839
"RFWD3",0.707670761864455
"RFX1",0.993877465817829
"RFX2",0.791784264778861
"RFX3",0.00171120059072066
"RFX4",0.989781322526976
"RFX5",0.788810197408827
"RFX6",0.937900592720673
"RFX7",0.476422982639029
"RFX8",0.97884720689916
"RFXANK",0.896393993412641
"RFXAP",0.00168427220748666
"RGCC",0.999514020020728
"RGL1",0.0523526417217748
"RGL2",0.913184392340937
"RGL3",0.968825767820708
"RGL4",0.418373440830123
"RGMA",0.794644358712411
"RGMB",0.999837036863415
"RGN",0.982602330894985
"RGP1",0.998420811536201
"RGPD1",0.398841804181971
"RGPD2",0.333859386364576
"RGPD3",0.346503130837987
"RGPD4",0.894710312610136
"RGPD5",2.56090128567048e-05
"RGPD6",0.0733892517478113
"RGPD8",0.0525605011832026
"RGR",0.91863485041101
"RGS1",6.30593002473006e-05
"RGS10",3.44834697084217e-05
"RGS11",0.999254618407844
"RGS12",0.433750826440333
"RGS13",0.99996638358892
"RGS14",0.143488313789968
"RGS16",0.483296827270572
"RGS17",0.106758165201021
"RGS18",1.89990779004262e-05
"RGS19",4.2840929445183e-08
"RGS2",0.639506359000572
"RGS20",0.998891583697903
"RGS21",0.909803456969839
"RGS22",0.341168568052744
"RGS3",0.984034050756197
"RGS4",0.650280763475721
"RGS5",0.994458265706198
"RGS6",0.469855625883635
"RGS7",0.042617348475662
"RGS7BP",0.985392415100545
"RGS8",0.234344449196508
"RGS9",0.255283641037381
"RGS9BP",0.249019359794974
"RGSL1",0.946439514088393
"RHAG",0.941747189952478
"RHBDD1",0.381957682398839
"RHBDD2",0.752140447938612
"RHBDD3",0.5813327229802
"RHBDF1",0.00342475940623964
"RHBDF2",1.00382629503975e-08
"RHBDL1",0.355752977969142
"RHBDL2",0.999194685191182
"RHBDL3",0.728972878112927
"RHBG",0.234054015334163
"RHCE",0.0591850977898796
"RHCG",0.380787658852236
"RHD",0.690276137241487
"RHEB",0.682946546057633
"RHEBL1",0.844294737077268
"RHNO1",0.65454550143795
"RHO",0.904834975467562
"RHOA",0.00633940990133951
"RHOB",0.644953476284187
"RHOBTB1",0.418086506996561
"RHOBTB2",0.338086281351104
"RHOBTB3",0.694825635093964
"RHOC",3.64000161488633e-06
"RHOD",0.652867946194981
"RHOF",0.127817222929934
"RHOG",1.24213564378228e-09
"RHOH",3.90988727210012e-08
"RHOJ",2.23129394934467e-07
"RHOQ",0.00081671184262639
"RHOT1",0.473159675041126
"RHOT2",0.0150661247283248
"RHOU",0.975249217422454
"RHOV",0.000515819027212861
"RHOXF1",0.0089206207883234
"RHOXF2",0.0752683612590804
"RHOXF2B",0.969478315519896
"RHPN1",0.319980777245695
"RHPN2",0.0384856078089036
"RIBC1",0.0676025025496904
"RIBC2",0.0011046441215551
"RIC1",0.890594330958754
"RIC3",0.0138163676781522
"RIC8A",0.801720444521062
"RIC8B",0.837375601398643
"RICTOR",0.660090325836711
"RIDA",NA
"RIF1",0.0433511696321085
"RIIAD1",0.793043622935359
"RILP",0.00535318784622562
"RILPL1",0.634827411319928
"RILPL2",0.267331452321531
"RIMBP2",0.534807288867611
"RIMBP3",0.999867545481466
"RIMBP3B",0.999999109025227
"RIMBP3C",0.977831562575326
"RIMKLA",0.570471874663576
"RIMKLB",1.57066416382357e-05
"RIMS1",0.582661622158336
"RIMS2",0.15676359322318
"RIMS3",0.00204195714614961
"RIMS4",0.682911295000302
"RIN1",0.381661899387432
"RIN2",7.41769502584023e-05
"RIN3",6.24119931490104e-06
"RING1",0.926782349125409
"RINL",0.0346404398988128
"RINT1",0.209920376244188
"RIOK1",0.955795359618739
"RIOK2",0.997736418856162
"RIOK3",0.999999998377521
"RIOX1",NA
"RIOX2",NA
"RIPK1",8.07966648819734e-07
"RIPK2",0.617844115577323
"RIPK3",6.24159214217601e-09
"RIPK4",0.213680140625977
"RIPOR1",NA
"RIPPLY1",0.779539426141497
"RIPPLY2",0.966376999377857
"RIPPLY3",0.567323063884234
"RIT1",0.44669570478104
"RIT2",0.453849296172086
"RITA1",0.388034114849266
"RLBP1",0.333607881956637
"RLF",0.0325116105885219
"RLIM",0.593227890246669
"RLN1",0.930288178903279
"RLN2",0.435808885528035
"RLN3",0.981001240053712
"RMC1",NA
"RMDN1",0.231524770119599
"RMDN2",0.977571968179676
"RMDN3",0.575679147851681
"RMI1",0.353801323005088
"RMI2",0.233454846708182
"RMND1",0.966217887299762
"RMND5A",6.41781829559402e-05
"RMND5B",0.0726891011836712
"RNASE1",0.56380816570529
"RNASE10",0.334873116208936
"RNASE11",0.96808831716984
"RNASE12",0.953916342562772
"RNASE13",0.73963245533365
"RNASE2",3.38542915001135e-16
"RNASE3",1.71629067347557e-08
"RNASE4",0.222908407784105
"RNASE6",2.05741126680296e-14
"RNASE7",0.654236618793125
"RNASE8",0.995971921498712
"RNASE9",0.951927048903303
"RNASEH1",0.7273967826266
"RNASEH2A",0.322523138057399
"RNASEH2B",0.45092978793294
"RNASEH2C",0.545653820992339
"RNASEK",0.00138304990051394
"RNASEL",0.154136412301234
"RNASET2",5.69873282871002e-12
"RND1",0.995441786569788
"RND2",0.512034034660022
"RND3",0.871563843746017
"RNF10",0.996317179036752
"RNF103",0.764412498344472
"RNF103-CHMP3",0.926090717781558
"RNF11",0.966247995944669
"RNF111",0.947868731280147
"RNF112",0.755050196645137
"RNF113A",0.939508433018576
"RNF113B",0.189377488725169
"RNF114",0.0363426023437315
"RNF115",0.461818267663834
"RNF121",0.999969374312515
"RNF122",0.589364284317174
"RNF123",0.319851994423537
"RNF125",0.0830776502149383
"RNF126",0.314785287085152
"RNF128",0.0179990957858377
"RNF13",0.164563685223687
"RNF130",0.00561299623723628
"RNF133",0.46024310285205
"RNF135",1.87913543788333e-06
"RNF138",0.144829647494333
"RNF139",0.958835361055479
"RNF14",0.328113558331061
"RNF141",0.830448853566452
"RNF144A",0.73011959345507
"RNF144B",0.000308655759005083
"RNF145",0.549715286461271
"RNF146",0.77492043274309
"RNF148",0.479138025856023
"RNF149",0.463823835720079
"RNF150",0.888083377079067
"RNF151",0.903543618908346
"RNF152",0.0245299989928906
"RNF157",0.0133032476181567
"RNF165",1.82691440998238e-05
"RNF166",0.43565155609643
"RNF167",0.153141666369889
"RNF168",0.446022264764849
"RNF169",0.0459712829262266
"RNF17",0.940735399571861
"RNF170",0.665291339033477
"RNF175",0.93083402185703
"RNF180",0.00172520253074962
"RNF181",0.101935335771999
"RNF182",0.981069538902848
"RNF183",0.532645533913889
"RNF185",0.336392860739526
"RNF186",0.949250961774975
"RNF187",0.51568435525514
"RNF19A",0.994513947000893
"RNF19B",0.162846785266827
"RNF2",0.218848749018148
"RNF20",0.922336572715937
"RNF207",0.0449183092036977
"RNF208",0.828460233289993
"RNF212",0.0774556954389266
"RNF212B",0.921892385139189
"RNF213",0.927088579571125
"RNF214",0.597789322550651
"RNF215",0.598524925153006
"RNF216",0.978373910254134
"RNF217",0.998773374704698
"RNF219",0.16331769537762
"RNF220",0.0123312443208023
"RNF222",0.00680217155581776
"RNF223",0.33139138733197
"RNF224",0.0333036413276793
"RNF225",0.0379332322030634
"RNF24",0.544117471647567
"RNF25",0.945873053991585
"RNF26",0.500267169017053
"RNF31",0.680328459390027
"RNF32",0.000287355132424162
"RNF34",0.102953585235808
"RNF38",0.404659722869979
"RNF39",0.00021394932422775
"RNF4",0.881153696424752
"RNF40",0.743679566007215
"RNF41",0.668427356712128
"RNF43",0.000128069350577472
"RNF44",0.407086661140601
"RNF5",0.791088665755538
"RNF6",0.99959627789535
"RNF7",0.335525115546447
"RNF8",0.161543496171579
"RNFT1",0.745037524634994
"RNFT2",0.90863661239384
"RNGTT",0.239741528637345
"RNH1",0.347984115693412
"RNLS",0.741789319817678
"RNMT",0.116752291964979
"RNPC3",0.06543954936835
"RNPEP",0.755579127234159
"RNPEPL1",1.63636001391123e-05
"RNPS1",0.0691361872439647
"ROBO1",0.0776704274556524
"ROBO2",0.117656005276354
"ROBO3",0.0966214184911554
"ROBO4",0.650141697533148
"ROCK1",0.709266207852695
"ROCK2",0.999888324025373
"ROGDI",0.0353881702852347
"ROM1",0.00704620394376624
"ROMO1",0.990252596824263
"ROPN1",0.625670529995652
"ROPN1B",0.101251153139069
"ROPN1L",0.0196542414288741
"ROR1",0.0104105258841517
"ROR2",0.0062645854502269
"RORA",0.73276970074383
"RORB",0.701612400140414
"RORC",0.0692132375186495
"ROS1",0.945561336168529
"RP1",0.838396714870899
"RP1L1",0.710143829512041
"RP2",0.234298131285791
"RP9",0.338305328840656
"RPA1",0.982370602930633
"RPA2",0.755751885932338
"RPA3",0.839272152785635
"RPA4",0.914941552663206
"RPAIN",0.2759974707562
"RPAP1",0.256441686651972
"RPAP2",0.341045755567101
"RPAP3",0.573094325026941
"RPE",0.954606361077143
"RPE65",0.984696558966957
"RPEL1",0.781394130311923
"RPF1",0.926764827957148
"RPF2",0.962116502441032
"RPGR",0.998248545038326
"RPGRIP1",0.850475375220878
"RPGRIP1L",0.000766237265977509
"RPH3A",0.868430343412827
"RPH3AL",0.939557444305889
"RPIA",0.671448575943201
"RPL10",0.959365518709237
"RPL10A",0.727492216310561
"RPL10L",0.910081986914631
"RPL11",0.702556407909097
"RPL12",0.917896834442754
"RPL13",0.848147098567086
"RPL13A",0.615901097314391
"RPL14",0.710117177951649
"RPL15",0.989965805890258
"RPL17",0.818173317576148
"RPL18",0.717825313380059
"RPL18A",0.766953023805986
"RPL19",0.920394882688864
"RPL21",0.449559000080243
"RPL22",0.248776685059394
"RPL22L1",0.768723859330416
"RPL23",0.849327033380441
"RPL23A",0.999017833565674
"RPL24",0.397881697434006
"RPL26",0.904881934252339
"RPL26L1",0.997608841310586
"RPL27",0.915587202026244
"RPL27A",0.969201518471733
"RPL28",0.987839035560941
"RPL29",0.737377328240919
"RPL3",0.893624401599285
"RPL30",0.797771880463795
"RPL31",0.604006243383457
"RPL32",0.755939824311135
"RPL34",0.373020532535776
"RPL35",0.858931453470329
"RPL35A",0.501964946670778
"RPL36",0.717971638448894
"RPL36A",0.767601521239687
"RPL36A-HNRNPH2",0.931669970090904
"RPL36AL",0.618643456045735
"RPL37",0.653554771668717
"RPL37A",0.311147980489516
"RPL38",0.28016989804491
"RPL39",0.843611577924404
"RPL39L",0.845000192597505
"RPL3L",0.583181881521364
"RPL4",0.495179388613297
"RPL41",0.960139582162286
"RPL5",0.316476692296482
"RPL6",0.387476725402253
"RPL7",0.557229969753097
"RPL7A",0.74496610706045
"RPL7L1",0.893121906970328
"RPL8",0.901956983796739
"RPL9",0.567849767138466
"RPLP0",0.999618027334407
"RPLP1",0.96136288846639
"RPLP2",0.850873030302484
"RPN1",0.0199901725206848
"RPN2",0.0195477628748095
"RPP14",0.602802849500897
"RPP21",0.965319221404534
"RPP25",0.984050481209002
"RPP25L",0.982022400403362
"RPP30",0.986542365266934
"RPP38",0.140423154601915
"RPP40",0.814248332210238
"RPRD1A",0.00192985044927546
"RPRD1B",0.0296395901799893
"RPRD2",0.0500674413959684
"RPRM",0.353268936672675
"RPRML",0.020695670845503
"RPS10",0.956557540511135
"RPS10-NUDT3",0.723417179799799
"RPS11",0.479830817577686
"RPS12",0.838154415761791
"RPS13",0.784342992864771
"RPS14",0.735079410692813
"RPS15",0.67384039875455
"RPS15A",0.851836492898587
"RPS16",0.984696774063885
"RPS17",0.932997992224667
"RPS18",0.952718531309856
"RPS19",0.925903399288398
"RPS19BP1",0.817282346679605
"RPS2",0.964142469168907
"RPS20",0.937664633097811
"RPS21",0.681361334770147
"RPS23",0.691182267600969
"RPS24",0.812319669562283
"RPS25",0.874192644638098
"RPS26",0.934149837001287
"RPS27",0.767677463959568
"RPS27A",0.87412062798284
"RPS27L",0.00851352576537973
"RPS28",0.902946162987519
"RPS29",0.960626991838794
"RPS3",0.906866509859577
"RPS3A",0.419084744266621
"RPS4X",0.940624708877282
"RPS4Y1",0.993872285015197
"RPS4Y2",0.963609832231167
"RPS5",0.485344214028702
"RPS6",0.825039196527483
"RPS6KA1",0.000160066888947744
"RPS6KA2",0.00952854761082027
"RPS6KA3",2.00506420667405e-05
"RPS6KA4",0.0245492558137364
"RPS6KA5",9.99235697043497e-07
"RPS6KA6",3.55978445552115e-05
"RPS6KB1",0.754253020766092
"RPS6KB2",0.629653372745412
"RPS6KC1",0.949507155232473
"RPS6KL1",0.907485197993208
"RPS7",0.467920637373368
"RPS8",0.64923678175056
"RPS9",0.967941008935697
"RPSA",0.83869112263187
"RPSAP58",0.890714252501923
"RPTN",0.606507076832028
"RPTOR",0.519845022219839
"RPUSD1",0.850445707055589
"RPUSD2",0.792711345857483
"RPUSD3",0.941102673419557
"RPUSD4",0.308898450515901
"RRAD",0.692644556182092
"RRAGA",0.232086812537371
"RRAGB",0.159216457956787
"RRAGC",0.454562143485735
"RRAGD",0.602440498666883
"RRAS",0.000805196417683706
"RRAS2",0.999679430230138
"RRBP1",0.0268412955049097
"RREB1",0.741355977122704
"RRH",0.735895303398511
"RRM1",0.513730088370443
"RRM2",0.989719805479353
"RRM2B",0.000119035585938047
"RRN3",0.289582007411873
"RRNAD1",0.00379779925147047
"RRP1",0.0104489078918966
"RRP12",0.224876214867124
"RRP15",0.9996506385138
"RRP1B",0.928092417312515
"RRP36",0.178044154630606
"RRP7A",0.93432378935765
"RRP8",0.822686582501312
"RRP9",0.883146284548966
"RRS1",0.894512853396952
"RS1",0.585438018419084
"RSAD1",0.996895063247477
"RSAD2",0.302291731700411
"RSBN1",0.000290137864195287
"RSBN1L",0.180885581923222
"RSC1A1",0.980027978813393
"RSF1",0.204002552622666
"RSL1D1",0.485967310998311
"RSL24D1",0.373496620381946
"RSPH1",0.036583192158278
"RSPH10B",0.00624327336967431
"RSPH10B2",0.00680034077606145
"RSPH14",0.0604120779018519
"RSPH3",0.118222564516477
"RSPH4A",0.067430632735044
"RSPH6A",0.874768024386597
"RSPH9",0.443944001254926
"RSPO1",0.798105320126594
"RSPO2",0.133116318329867
"RSPO3",0.129590758535311
"RSPO4",0.451513430649099
"RSPRY1",0.998993934244589
"RSRC1",0.13077845548001
"RSRC2",0.0220271151891383
"RSRP1",0.325994354903045
"RSU1",5.46540956412168e-06
"RTBDN",0.108390856252159
"RTCA",0.989108730295857
"RTCB",0.951309486728062
"RTEL1",0.245730942078291
"RTF1",0.00012668729773978
"RTF2",NA
"RTKN",0.333752834903488
"RTKN2",0.0508547737440606
"RTL1",0.997033240939924
"RTL8C",NA
"RTN1",0.893688864155164
"RTN2",0.0418090325524488
"RTN3",0.981294611526659
"RTN4",0.833771188625935
"RTN4IP1",0.963462435099232
"RTN4R",4.77725305907334e-07
"RTN4RL1",0.136167160220497
"RTN4RL2",0.353956841189898
"RTP1",0.996730917627121
"RTP2",0.937513939522726
"RTP3",0.977885349892309
"RTP4",1.77847961522675e-08
"RTP5",0.96319758497089
"RTRAF",NA
"RTTN",0.214179534811622
"RUFY1",0.985068096157936
"RUFY2",0.048876174877869
"RUFY3",0.917524115227165
"RUFY4",0.793154313386052
"RUNDC1",0.258150331801707
"RUNDC3A",0.278558572299034
"RUNDC3B",0.222170498018914
"RUNX1",4.33087265865625e-10
"RUNX1T1",0.339350877165565
"RUNX2",0.00652272251849878
"RUNX3",0.32925795226742
"RUSC1",0.978347256180102
"RUSC2",0.413632823765692
"RUVBL1",0.016123025533409
"RUVBL2",0.0846808875564445
"RWDD1",0.988453730861952
"RWDD2A",0.992996880517911
"RWDD2B",0.966350618062863
"RWDD3",0.956581536024147
"RWDD4",0.955635598142173
"RXFP1",0.874806784590029
"RXFP2",0.895571641958709
"RXFP3",0.58666453298274
"RXFP4",0.435278140077993
"RXRA",0.962110240302403
"RXRB",0.430053972887231
"RXRG",0.583842731130816
"RYBP",0.0182950230379405
"RYK",0.0354904027001562
"RYR1",0.889999087525058
"RYR2",0.0472742567727168
"RYR3",0.483372888765501
"S100A1",0.00906110270013494
"S100A10",0.00136551650141236
"S100A11",2.58292395098869e-06
"S100A12",0.941103377440721
"S100A13",0.0125859877194369
"S100A14",0.000231958519401888
"S100A16",3.8918490428438e-06
"S100A2",0.265818190743775
"S100A3",0.521721225410318
"S100A4",0.0760653515379679
"S100A5",0.997371751790737
"S100A6",0.000160411442941586
"S100A7",0.558923040233233
"S100A7A",0.949469341255634
"S100A8",0.165984763494502
"S100A9",0.214092556652718
"S100B",0.00459427060590241
"S100G",0.80158599229927
"S100P",0.764532138658321
"S100PBP",0.0246193697896972
"S100Z",0.00663713420911549
"S1PR1",0.7152580643861
"S1PR2",8.03553215017248e-06
"S1PR3",0.756805560799523
"S1PR4",0.408083824193699
"S1PR5",0.241324765942643
"SAA1",0.932161436133964
"SAA2",0.997897490191446
"SAA2-SAA4",0.982520348691509
"SAA4",0.96728403142197
"SAAL1",0.0837667994200157
"SAC3D1",0.997467498244378
"SACM1L",0.999382718905246
"SACS",0.110116007578933
"SAE1",0.831132305294129
"SAFB",0.00133835549129057
"SAFB2",0.386032278752795
"SAG",0.7788576712955
"SAGE1",0.974307745944178
"SALL1",0.0201691246533325
"SALL2",0.9984072121516
"SALL3",0.823945389982615
"SALL4",0.643910852530065
"SAMD1",0.978205785513177
"SAMD10",0.328825378099037
"SAMD11",0.123434469274759
"SAMD12",0.0529136475605672
"SAMD13",0.98523973506998
"SAMD14",0.995930075255567
"SAMD15",0.340680924890362
"SAMD3",0.836608189322265
"SAMD4A",0.00249857967166066
"SAMD4B",0.498868413038998
"SAMD5",0.205408334637658
"SAMD7",0.806744115285121
"SAMD8",0.0433851425746554
"SAMD9",0.00401933302844215
"SAMD9L",0.0168990240644404
"SAMHD1",1.26778821379653e-05
"SAMM50",0.992519266466081
"SAMSN1",5.44989811179561e-14
"SAP130",0.441710040840904
"SAP18",0.998050719677929
"SAP25",0.91286228749728
"SAP30",0.853174503259075
"SAP30BP",0.979969720258977
"SAP30L",0.484084268749826
"SAPCD1",0.825924563856381
"SAPCD2",0.880359082164872
"SAR1A",0.511514657551658
"SAR1B",0.0120376580822696
"SARAF",0.0821867550270208
"SARDH",0.971970733199997
"SARM1",0.672589404049812
"SARNP",0.848854357615966
"SARS",0.95312158783301
"SARS2",0.218974039990803
"SART1",0.883021472015437
"SART3",0.00335340914578747
"SASH1",0.367465984660628
"SASH3",1.46090206640732e-22
"SASS6",0.044769861808337
"SAT1",0.00647826295166073
"SAT2",0.314151037327483
"SATB1",0.870805669281177
"SATB2",0.970419082607155
"SATL1",0.317584379522655
"SAV1",0.149001270608395
"SAXO1",0.139099043380236
"SAXO2",1.38149053432675e-06
"SAYSD1",0.738773529560914
"SBDS",0.00690040092101188
"SBF1",0.0321009361136119
"SBF2",0.986041056108685
"SBK1",4.98856407304358e-05
"SBK2",0.30309101084873
"SBK3",0.95633102365836
"SBNO1",0.0246826577436445
"SBNO2",1.85089554353036e-05
"SBSN",0.354772305617026
"SBSPON",9.50516730507712e-05
"SC5D",0.99520234899806
"SCAF1",0.787201555883525
"SCAF11",0.905628233400402
"SCAF4",0.408875081047151
"SCAF8",0.373627365930914
"SCAI",1.1414478333055e-07
"SCAMP1",0.556105975850378
"SCAMP2",3.73161407385382e-08
"SCAMP3",0.283403626560737
"SCAMP4",0.111514981929021
"SCAMP5",0.328558625438504
"SCAND1",0.962721744464679
"SCAP",0.275329425651136
"SCAPER",0.0172951471458033
"SCARA3",0.405823514473051
"SCARA5",0.920893830184271
"SCARB1",0.153770186461172
"SCARB2",0.257133282278752
"SCARF1",0.175734832434849
"SCARF2",0.949586093083238
"SCCPDH",0.560155586156188
"SCD",0.334260737810323
"SCD5",0.119097152120707
"SCEL",0.677591395188626
"SCFD1",0.995373053637621
"SCFD2",0.153029679763368
"SCG2",0.00831894910932556
"SCG3",0.398974737963339
"SCG5",0.0173761697484176
"SCGB1A1",0.956689767388346
"SCGB1C1",0.999990888756293
"SCGB1C2",0.991366527805572
"SCGB1D1",0.933219614909382
"SCGB1D2",0.797974021534846
"SCGB1D4",0.953688481360484
"SCGB2A1",0.643073771441753
"SCGB2A2",0.944236204141902
"SCGB2B2",0.133917678182886
"SCGB3A1",0.998189132446171
"SCGB3A2",0.490074312174086
"SCGN",0.740674560614445
"SCHIP1",0.310851060076404
"SCIMP",3.60275611674858e-15
"SCIN",4.86166827112922e-10
"SCLT1",5.43995886770796e-05
"SCLY",0.372020544248024
"SCMH1",0.211594127990845
"SCML1",0.992727406128561
"SCML2",0.000644920601344807
"SCML4",0.98251424773203
"SCN10A",0.990314460838174
"SCN11A",0.473734203916503
"SCN1A",0.269859754007316
"SCN1B",0.00484938301309798
"SCN2A",0.982627866019872
"SCN2B",0.990481276215502
"SCN3A",0.606064200801671
"SCN3B",0.0640920805765861
"SCN4A",0.995177708880155
"SCN4B",0.923458233072616
"SCN5A",0.979919365469392
"SCN7A",2.75746983114148e-06
"SCN8A",0.0610761670909649
"SCN9A",0.00255140940065501
"SCNM1",0.821423172167817
"SCNN1A",0.703246373560856
"SCNN1B",0.0951673499617972
"SCNN1D",0.142676908700461
"SCNN1G",0.0283050509185102
"SCO1",0.992270358446877
"SCO2",0.809906551476336
"SCOC",0.631146999561083
"SCP2",0.086787453673845
"SCP2D1",0.942764166469961
"SCPEP1",0.00901214295884846
"SCRG1",0.00212636875758175
"SCRIB",0.223479558372416
"SCRN1",0.209954255523757
"SCRN2",0.532641587968343
"SCRN3",0.872796556710774
"SCRT1",0.000995369902931363
"SCRT2",0.0291942522544932
"SCT",0.419471576900697
"SCTR",0.998940306780794
"SCUBE1",0.49302900555284
"SCUBE2",0.992458342317256
"SCUBE3",0.492928062277265
"SCX",0.903415811894288
"SCYL1",0.972099868999276
"SCYL2",0.980769728103477
"SCYL3",0.271606332231123
"SDAD1",0.822486760848177
"SDC1",0.994930993932709
"SDC2",0.967430142840639
"SDC3",0.00085086573549073
"SDC4",0.953332710817325
"SDCBP",6.75580380504758e-07
"SDCBP2",0.0198539602278643
"SDCCAG8",0.65554359090628
"SDE2",0.933926459227705
"SDF2",0.482982746918581
"SDF2L1",0.000145684534899343
"SDF4",0.00364330846900874
"SDHA",0.999989984714574
"SDHAF1",0.702921640448457
"SDHAF2",0.963877202678154
"SDHAF3",0.648724775106589
"SDHAF4",0.0293756337785961
"SDHB",0.830001545716497
"SDHC",0.791625111677551
"SDHD",0.0313479414049168
"SDK1",0.687580123451472
"SDK2",0.372188564469044
"SDR16C5",0.0279498119241706
"SDR39U1",0.644766383527865
"SDR42E1",0.162493981742742
"SDR42E2",0.196521572872833
"SDR9C7",0.44691093552377
"SDS",0.279996170144328
"SDSL",0.0310207380725443
"SEBOX",0.145234244303083
"SEC11A",0.414411999269222
"SEC11C",0.00474044676300494
"SEC13",0.341889444035648
"SEC14L1",0.329808805609711
"SEC14L2",0.000435292589870733
"SEC14L3",0.987704486221707
"SEC14L4",0.574644900211468
"SEC14L5",0.207389284832881
"SEC14L6",3.42989996073664e-05
"SEC16A",0.941635830491092
"SEC16B",0.99748959621568
"SEC22A",0.955002961097313
"SEC22B",0.541164812870129
"SEC22C",0.979693378861969
"SEC23A",0.947326240191792
"SEC23B",0.38616954971004
"SEC23IP",0.943455051790695
"SEC24A",0.00729920392453606
"SEC24B",0.883473588992994
"SEC24C",0.30844921287878
"SEC24D",0.00801415587493351
"SEC31A",0.742048633712636
"SEC31B",0.485986201333084
"SEC61A1",0.000809470134202053
"SEC61A2",0.55809317617102
"SEC61B",0.636241891044104
"SEC61G",0.998485904603782
"SEC62",0.999995695424898
"SEC63",0.993314668956404
"SECISBP2",0.00258829780751475
"SECISBP2L",0.993166462515863
"SECTM1",0.000308100046719659
"SEH1L",0.982978773981242
"SEL1L",0.000124280942092324
"SEL1L2",0.950445685765829
"SEL1L3",0.00174286231275199
"SELE",0.9995405128439
"SELENBP1",0.664874752858325
"SELENOF",NA
"SELENOH",NA
"SELENOI",NA
"SELENOO",NA
"SELENOP",NA
"SELENOS",NA
"SELENOW",NA
"SELL",0.198881007170195
"SELP",0.693338351738063
"SELPLG",1.99909772653106e-08
"SEMA3A",0.665246964756859
"SEMA3B",0.836865349766928
"SEMA3C",0.999166754456885
"SEMA3D",0.0288028940816833
"SEMA3E",7.97593352833308e-06
"SEMA3F",0.983324444642371
"SEMA3G",0.890675271659392
"SEMA4A",0.120926901794367
"SEMA4B",0.0209036559777633
"SEMA4C",0.0298927096710368
"SEMA4D",0.550513755240256
"SEMA4F",0.999958980676546
"SEMA4G",0.000302257430846691
"SEMA5A",3.08859236198705e-08
"SEMA5B",0.941541874005981
"SEMA6A",0.979918340784036
"SEMA6B",0.930711009889622
"SEMA6C",0.852595672523062
"SEMA6D",0.836420037199607
"SEMA7A",0.0371167092686712
"SEMG1",0.951838452440945
"SEMG2",0.951793905764191
"SENP1",0.21841178108724
"SENP2",0.437307079339447
"SENP3",0.27609657062486
"SENP5",0.0333287302830102
"SENP6",0.0364313963098019
"SENP7",0.458777680695028
"SENP8",0.921777782586854
"SEPHS1",0.0271220787129007
"SEPHS2",0.175295346200235
"SEPSECS",0.995320883903483
"SEPT10",NA
"SEPT11",NA
"SEPT2",NA
"SEPT3",NA
"SEPT4",NA
"SEPT5",NA
"SEPT6",NA
"SEPT7",NA
"SEPT8",NA
"SEPT9",NA
"SERAC1",0.992899729155536
"SERBP1",0.41793685708144
"SERF1A",0.782816122631051
"SERF1B",0.259763675516608
"SERF2",0.645680533453452
"SERGEF",0.997148180995285
"SERHL2",0.960768305775027
"SERINC1",0.483376680654784
"SERINC2",0.815426283267031
"SERINC3",0.0375360055630787
"SERINC4",0.519083342830988
"SERINC5",0.0683565461800745
"SERP1",0.688573104821808
"SERP2",0.97538254462644
"SERPINA1",4.51918200719179e-13
"SERPINA10",0.688555400612541
"SERPINA11",0.823904515448924
"SERPINA12",0.669220357184638
"SERPINA2",0.963542514026292
"SERPINA3",1.08240660501102e-06
"SERPINA4",0.949564292297394
"SERPINA5",0.0611004402324059
"SERPINA6",0.929317634140013
"SERPINA7",0.961785769094382
"SERPINA9",0.922482540943429
"SERPINB1",5.10271341403991e-05
"SERPINB10",0.966176183314042
"SERPINB11",0.870815218992258
"SERPINB12",0.75331048070541
"SERPINB13",0.168886630936733
"SERPINB2",0.995151409348192
"SERPINB3",0.888587876767761
"SERPINB4",0.897491243964451
"SERPINB5",0.00617229995301818
"SERPINB6",3.0256584336248e-08
"SERPINB7",0.448471283599611
"SERPINB8",1.38514443222315e-13
"SERPINB9",0.00179194229229913
"SERPINC1",0.886257772263112
"SERPIND1",0.928212527608784
"SERPINE1",0.00242185613120001
"SERPINE2",1.72408382132214e-05
"SERPINE3",0.20718766862874
"SERPINF1",0.0141265621532578
"SERPINF2",0.408620159260083
"SERPING1",1.72164928315189e-07
"SERPINH1",0.3865162235492
"SERPINI1",0.578104495906688
"SERPINI2",0.321394035083147
"SERTAD1",0.0105944094210949
"SERTAD2",0.874221512794815
"SERTAD3",0.144292700660473
"SERTAD4",0.000639833413721556
"SERTM1",0.521953618863514
"SESN1",0.53884912055373
"SESN2",0.00764355056386816
"SESN3",0.847243748119313
"SESTD1",0.917737053205585
"SET",0.254756135458455
"SETBP1",0.0145619153170839
"SETD1A",0.593045634574928
"SETD1B",0.788869957363217
"SETD2",0.00126779517260273
"SETD3",0.751278820442776
"SETD4",0.0809779277799486
"SETD5",0.705069518016504
"SETD6",1.01557308425101e-05
"SETD7",0.0198046345568428
"SETD9",0.263009070861459
"SETDB1",2.73136375837047e-05
"SETDB2",0.586594686233619
"SETMAR",0.000884237908486621
"SETSIP",0.890294756259765
"SETX",0.995619909565149
"SEZ6",0.603895978255695
"SEZ6L",0.501060941913074
"SEZ6L2",0.36146460199839
"SF1",0.164442092163883
"SF3A1",0.991505668884154
"SF3A2",0.267412620754563
"SF3A3",0.321895096962678
"SF3B1",0.342309683365514
"SF3B2",0.75284737888555
"SF3B3",0.969548269566456
"SF3B4",0.960767782178063
"SF3B5",0.71954368363768
"SF3B6",0.887591409934338
"SFI1",0.000228764792748247
"SFMBT1",0.158281564593443
"SFMBT2",0.0946934043614933
"SFN",0.0131836260190175
"SFPQ",0.0538021421032674
"SFR1",0.770707380153315
"SFRP1",0.440499334650959
"SFRP2",0.989773191150351
"SFRP4",0.00734060465603172
"SFRP5",0.994386864084257
"SFSWAP",0.178953681260575
"SFT2D1",0.0502073926229318
"SFT2D2",0.378122845720878
"SFT2D3",0.962027525860423
"SFTA2",0.931828128459182
"SFTPA1",0.428819098352096
"SFTPA2",0.318434783500601
"SFTPB",0.704020687484465
"SFTPC",0.605198323982728
"SFTPD",0.0156551394539643
"SFXN1",0.241561856327047
"SFXN2",0.898814859686701
"SFXN3",0.736408036238984
"SFXN4",0.971982750198799
"SFXN5",0.554790587271585
"SGCA",0.888629442721281
"SGCB",0.00205638655749811
"SGCD",0.70666545087036
"SGCE",0.0451031560181208
"SGCG",0.114576190162769
"SGCZ",0.348011322344618
"SGF29",NA
"SGIP1",0.77202960385801
"SGK1",0.102743532923397
"SGK2",0.55853801982028
"SGK3",0.371806364835513
"SGMS1",0.961156220738722
"SGMS2",0.990168976719424
"SGPL1",0.696338122818641
"SGPP1",0.00315756556824584
"SGPP2",0.0163759573125598
"SGSH",0.433167886267814
"SGSM1",0.0420882005545069
"SGSM2",0.527042794457689
"SGSM3",0.310135425897164
"SGTA",0.77952205952124
"SGTB",0.140511090830106
"SH2B1",0.311167099504148
"SH2B2",0.999994753864653
"SH2B3",2.43994794912791e-10
"SH2D1A",0.16453408025344
"SH2D1B",0.973401945918366
"SH2D2A",0.87190912168724
"SH2D3A",0.285222085385462
"SH2D3C",0.903857829393877
"SH2D4A",0.10412219278689
"SH2D4B",0.880040308224127
"SH2D5",0.216693479054095
"SH2D6",0.12916774788993
"SH2D7",0.00826996000337255
"SH3BGR",0.999977986676684
"SH3BGRL",0.0061822898530738
"SH3BGRL2",0.969123980679708
"SH3BGRL3",0.007103462773218
"SH3BP1",0.0255118927913467
"SH3BP2",0.00122990779290645
"SH3BP4",0.93356286418254
"SH3BP5",0.806239111394566
"SH3BP5L",0.160961972809961
"SH3D19",0.343446386870115
"SH3D21",0.13575372107445
"SH3GL1",0.9206736950598
"SH3GL2",0.629133877305409
"SH3GL3",1.62636914136379e-05
"SH3GLB1",0.00538736377882843
"SH3GLB2",0.250838818499147
"SH3KBP1",1.34800079195629e-07
"SH3PXD2A",0.0197308274661264
"SH3PXD2B",0.488513670933878
"SH3RF1",0.0932755327289799
"SH3RF2",0.0156549885601482
"SH3RF3",0.308135918263205
"SH3TC1",5.88645449275788e-06
"SH3TC2",0.409367144236787
"SH3YL1",8.07158637347369e-07
"SHANK1",0.0214349124619823
"SHANK2",0.000164529708267703
"SHANK3",0.502389290340498
"SHARPIN",0.655135746754018
"SHB",0.999585791905805
"SHBG",0.140891378814328
"SHC1",0.0248736860605248
"SHC2",0.920994539957356
"SHC3",0.000695111770628027
"SHC4",0.00376000211957077
"SHCBP1",0.997705854725829
"SHCBP1L",0.98659258634064
"SHD",0.996058651169729
"SHE",0.898055262713302
"SHF",0.463241524429517
"SHH",0.997532467705098
"SHISA2",0.291764228741432
"SHISA3",0.998437936794497
"SHISA4",0.00585803498873652
"SHISA5",6.4740602749787e-05
"SHISA6",0.930752115876784
"SHISA7",0.19860453765038
"SHISA8",0.0788377398587974
"SHISA9",1.05770435611794e-05
"SHKBP1",0.0130398196351126
"SHMT1",0.0168385053959495
"SHMT2",0.910154863381177
"SHOC2",0.882161628686694
"SHOX",0.97943021905265
"SHOX2",0.681865200000958
"SHPK",0.493177175975855
"SHPRH",5.86627910593255e-05
"SHQ1",0.0159104446287641
"SHROOM1",0.762489763634812
"SHROOM2",0.995013809178926
"SHROOM3",0.477271116473545
"SHROOM4",0.0140058537676166
"SHTN1",0.886949009200179
"SI",0.953819517802934
"SIAE",0.170789218614549
"SIAH1",0.0671616807935081
"SIAH2",0.970107997369872
"SIAH3",0.126161825982534
"SIDT1",0.147004839942612
"SIDT2",0.608913657623003
"SIGIRR",0.622818716523395
"SIGLEC1",0.015480704543813
"SIGLEC10",2.23383955950897e-10
"SIGLEC11",0.002246024427056
"SIGLEC12",0.950968642737513
"SIGLEC14",3.5314207146047e-06
"SIGLEC15",0.899709418384126
"SIGLEC16",0.691345420449492
"SIGLEC5",0.00457047002880037
"SIGLEC6",0.979366596731834
"SIGLEC7",2.24333631807837e-09
"SIGLEC8",2.97142202030533e-05
"SIGLEC9",6.21921853256703e-22
"SIGLECL1",0.967693833352003
"SIGMAR1",0.727199326782751
"SIK1",0.93241239011504
"SIK2",0.395282893468255
"SIK3",0.980481044394142
"SIKE1",0.933241416425409
"SIL1",0.00912387066617483
"SIM1",0.40451024380948
"SIM2",0.938909599857904
"SIMC1",0.00177163617547859
"SIN3A",0.00990910874796933
"SIN3B",0.135570541671311
"SIPA1",7.3546913269155e-07
"SIPA1L1",0.0739074832636913
"SIPA1L2",0.000973189554287361
"SIPA1L3",0.441672235311603
"SIRPA",0.0286336028659047
"SIRPB1",0.0130469538678113
"SIRPB2",4.0907601780791e-11
"SIRPD",0.117859474287693
"SIRPG",0.0403627539635534
"SIRT1",0.554680709165445
"SIRT2",0.643062457514294
"SIRT3",0.0824398831988434
"SIRT4",0.0745732202831504
"SIRT5",0.0255847965977725
"SIRT6",0.954513364838252
"SIRT7",0.571407727707094
"SIT1",0.166993596792597
"SIVA1",0.745634874533684
"SIX1",0.862395771424624
"SIX2",0.976310488792148
"SIX3",0.768596380240496
"SIX4",0.956392509529921
"SIX5",0.468316901787269
"SIX6",0.680835451998075
"SKA1",0.476318477665242
"SKA2",0.49540930394766
"SKA3",0.0809932443952029
"SKAP1",0.238784445289368
"SKAP2",0.0158683421705532
"SKI",0.98514656062424
"SKIDA1",0.00662112841532696
"SKIL",0.676508523795197
"SKIV2L",0.699449793107294
"SKOR1",0.209416571232794
"SKOR2",0.621673157486445
"SKP1",0.593613894248437
"SKP2",0.00633797502299062
"SLA",8.74380389027435e-10
"SLA2",0.549892052559873
"SLAIN1",0.693735183142911
"SLAIN2",0.381967029484064
"SLAMF1",0.173963502013843
"SLAMF6",0.00166417679851589
"SLAMF7",0.129333400848384
"SLAMF8",0.000875003520259728
"SLAMF9",0.993363905073076
"SLBP",0.160532517552478
"SLC10A1",0.184262371772573
"SLC10A2",0.958091695623239
"SLC10A3",0.409546296849376
"SLC10A4",0.240564427208017
"SLC10A5",0.0237007134931822
"SLC10A6",0.9009800591855
"SLC10A7",0.997651854307612
"SLC11A1",2.36204576023947e-06
"SLC11A2",0.04576753028251
"SLC12A1",0.0932337369685997
"SLC12A2",0.466855289970545
"SLC12A3",0.982425574493808
"SLC12A4",0.32509500496607
"SLC12A5",0.0133527046020861
"SLC12A6",0.877876619164474
"SLC12A7",0.997950447056945
"SLC12A8",0.980296883841196
"SLC12A9",0.00690490034602041
"SLC13A1",0.951819779008658
"SLC13A2",0.821446805343046
"SLC13A3",0.540995696607913
"SLC13A4",0.917813985975444
"SLC13A5",0.994979044390907
"SLC14A1",0.287068739210625
"SLC14A2",0.934114745442575
"SLC15A1",0.277524425403597
"SLC15A2",0.880365837947839
"SLC15A3",2.59255075142154e-08
"SLC15A4",0.0268464127096288
"SLC15A5",0.793257768961434
"SLC16A1",0.289270613243976
"SLC16A10",0.474150884614779
"SLC16A11",0.875898337868033
"SLC16A12",0.627469530916888
"SLC16A13",0.952761883767811
"SLC16A14",0.980687556969238
"SLC16A2",0.816649186751008
"SLC16A3",0.0666430827777361
"SLC16A4",0.76154785854315
"SLC16A5",0.997232517917546
"SLC16A6",0.978881372089978
"SLC16A7",0.146746533944039
"SLC16A8",0.231499369062241
"SLC16A9",0.108885932488041
"SLC17A1",0.962157360596439
"SLC17A2",0.96731679050018
"SLC17A3",0.999165327700934
"SLC17A4",0.939086925751445
"SLC17A5",0.00954608763438752
"SLC17A6",0.209366968689098
"SLC17A7",0.0180773465229436
"SLC17A8",0.0680279640176063
"SLC17A9",0.233833566492304
"SLC18A1",0.750031594155864
"SLC18A2",0.339560110656229
"SLC18A3",0.770035473891209
"SLC18B1",0.94751919739232
"SLC19A1",0.12283126496707
"SLC19A2",0.875080570024764
"SLC19A3",0.907682293345525
"SLC1A1",0.0338710708582641
"SLC1A2",0.196701065980454
"SLC1A3",0.753830140881654
"SLC1A4",0.976483131380667
"SLC1A5",0.800747486722321
"SLC1A6",0.0323685065103688
"SLC1A7",0.988518471722598
"SLC20A1",0.371143861206369
"SLC20A2",0.762483969833446
"SLC22A1",0.530787056741211
"SLC22A10",0.611773650810646
"SLC22A11",0.989206381348927
"SLC22A12",0.842409561053729
"SLC22A13",0.456457473472973
"SLC22A14",0.36826990523539
"SLC22A15",0.055536973579031
"SLC22A16",0.483790837632843
"SLC22A17",0.99986007277308
"SLC22A18",5.44354976991807e-06
"SLC22A18AS",0.378124037853733
"SLC22A2",0.999997163094048
"SLC22A23",0.0106760388617691
"SLC22A24",0.903501290572629
"SLC22A25",0.828763158731931
"SLC22A3",0.209458827311383
"SLC22A31",0.165732053526043
"SLC22A4",0.736794869316693
"SLC22A5",0.813038141270757
"SLC22A6",0.645714898110008
"SLC22A7",0.166829796714298
"SLC22A8",0.627032201003471
"SLC22A9",0.644865884523205
"SLC23A1",0.220601042722682
"SLC23A2",0.482108579390816
"SLC23A3",0.297802056862831
"SLC24A1",0.946323900352972
"SLC24A2",0.0483551515564802
"SLC24A3",0.9888433332352
"SLC24A4",0.0771851812253093
"SLC24A5",0.99594218667806
"SLC25A1",0.205527040588044
"SLC25A10",0.003920060236237
"SLC25A11",0.5947637381824
"SLC25A12",0.68395844218207
"SLC25A13",0.661521968239608
"SLC25A14",0.0274112676068672
"SLC25A15",0.736539263864016
"SLC25A16",0.959730635833306
"SLC25A17",0.250190431619993
"SLC25A18",0.775388888057078
"SLC25A19",0.0846729045487717
"SLC25A2",0.0769539210728699
"SLC25A20",0.222752017732338
"SLC25A21",0.491709045983717
"SLC25A22",0.00044254679730602
"SLC25A23",0.713212349874071
"SLC25A24",0.999999801574107
"SLC25A25",0.735386751526598
"SLC25A26",0.376914700475785
"SLC25A27",0.38020895544811
"SLC25A28",0.923970621559076
"SLC25A29",0.045039870224084
"SLC25A3",0.968390334721185
"SLC25A30",0.12562281204922
"SLC25A31",0.93031067687639
"SLC25A32",0.228859990097945
"SLC25A33",0.897077231522968
"SLC25A34",0.174416104845822
"SLC25A35",0.742437131325581
"SLC25A36",0.0105476051171049
"SLC25A37",0.911448602924619
"SLC25A38",0.648009592609298
"SLC25A39",0.999279266328977
"SLC25A4",0.855900539669464
"SLC25A40",0.355895812640232
"SLC25A41",0.0409140033471379
"SLC25A42",0.0722935535738946
"SLC25A43",0.00569427380826695
"SLC25A44",0.788754709144426
"SLC25A45",3.73226894857214e-08
"SLC25A46",0.988845460786737
"SLC25A47",0.974546330833244
"SLC25A48",0.00871823212913806
"SLC25A5",0.40555630149669
"SLC25A51",0.853361995555568
"SLC25A52",0.885184985090965
"SLC25A53",0.996123879949545
"SLC25A6",0.999134664293878
"SLC26A1",0.0671139315674585
"SLC26A10",0.00445575724250015
"SLC26A11",0.335809744461379
"SLC26A2",0.000190315358093921
"SLC26A3",0.640693745606261
"SLC26A4",0.793118186879573
"SLC26A5",0.22702900865282
"SLC26A6",0.588501416389019
"SLC26A7",0.508395623174348
"SLC26A8",0.313880885365184
"SLC26A9",0.323258968234119
"SLC27A1",0.135432312307995
"SLC27A2",0.0247364936792985
"SLC27A3",0.928652408371122
"SLC27A4",0.958717628424809
"SLC27A5",0.492158768259558
"SLC27A6",0.035962955825964
"SLC28A1",0.668675386593969
"SLC28A2",0.349649387871973
"SLC28A3",0.455536772722231
"SLC29A1",0.0605015148202087
"SLC29A2",0.984003438557374
"SLC29A3",0.14998469607627
"SLC29A4",0.18591282150793
"SLC2A1",0.336209952254031
"SLC2A10",0.676647161206066
"SLC2A11",0.225732670066425
"SLC2A12",0.977413197455692
"SLC2A13",0.47359150784111
"SLC2A14",0.89461587060954
"SLC2A2",0.528827574260983
"SLC2A3",0.704065232222655
"SLC2A4",0.9589295924589
"SLC2A4RG",0.730871751322771
"SLC2A5",5.45129101858687e-15
"SLC2A6",0.307511283623616
"SLC2A7",0.936658493475543
"SLC2A8",0.72888510762015
"SLC2A9",0.00300091416882608
"SLC30A1",0.484001916086214
"SLC30A10",0.159563654615968
"SLC30A2",0.8034418428666
"SLC30A3",0.246608945723536
"SLC30A4",0.990208384489339
"SLC30A5",0.992715784091387
"SLC30A6",0.987247411166191
"SLC30A7",0.233816349781386
"SLC30A8",0.757895585373115
"SLC30A9",0.477266640536034
"SLC31A1",0.584635402807653
"SLC31A2",0.253395741419022
"SLC32A1",0.148155873189131
"SLC33A1",0.356209309609002
"SLC34A1",0.853452186480226
"SLC34A2",0.919506002060815
"SLC34A3",0.0342121554080826
"SLC35A1",0.814702242303599
"SLC35A2",0.11863755240695
"SLC35A3",0.985158150813226
"SLC35A4",0.0130537565869205
"SLC35A5",0.432813477486697
"SLC35B1",0.325019372513941
"SLC35B2",0.0832792710704263
"SLC35B3",0.940761159629736
"SLC35B4",0.965979621141072
"SLC35C1",0.145929619263234
"SLC35C2",0.406536482708076
"SLC35D1",0.861363732136462
"SLC35D2",0.00053411404829406
"SLC35D3",0.620289938428704
"SLC35E1",0.994891107448557
"SLC35E2B",0.144883904203125
"SLC35E3",0.998914408610376
"SLC35E4",0.943887149162223
"SLC35F1",0.0114063460077938
"SLC35F2",0.306181258402116
"SLC35F3",0.830675087656502
"SLC35F4",0.0424140531810999
"SLC35F5",0.165324066070587
"SLC35F6",0.248597667364933
"SLC35G1",0.199290283642659
"SLC35G2",0.618765020506371
"SLC35G3",0.96801079995408
"SLC35G4",0.939770273339853
"SLC35G5",0.412854023435675
"SLC35G6",0.171550207195224
"SLC36A1",0.0524994482065463
"SLC36A2",0.977397870114632
"SLC36A3",0.914166703463924
"SLC36A4",0.0679986454909925
"SLC37A1",0.21589385877206
"SLC37A2",4.34934965334007e-09
"SLC37A3",0.978910842604185
"SLC37A4",0.981102175380294
"SLC38A1",0.996493590761952
"SLC38A10",0.988501850085748
"SLC38A11",0.837444858597375
"SLC38A2",0.961150599435301
"SLC38A3",0.88463199749162
"SLC38A4",0.93129296966782
"SLC38A5",0.863570179071692
"SLC38A6",0.995757336910809
"SLC38A7",0.319634908441097
"SLC38A8",0.707084528762783
"SLC38A9",0.497740223211226
"SLC39A1",0.00931082065846478
"SLC39A10",0.0693345071551378
"SLC39A11",0.594577122402186
"SLC39A12",0.996366019813306
"SLC39A13",0.968795913963245
"SLC39A14",0.796366132113737
"SLC39A2",0.968276837790707
"SLC39A3",0.560412625757404
"SLC39A4",0.690278796199491
"SLC39A5",0.156681918826928
"SLC39A6",0.995313936339021
"SLC39A7",0.053782223349094
"SLC39A8",0.832056762959192
"SLC39A9",0.393871140000121
"SLC3A1",0.0257939058306886
"SLC3A2",0.851055138270302
"SLC40A1",0.00343951578945738
"SLC41A1",0.518987677568857
"SLC41A2",0.0173806838062059
"SLC41A3",0.813386878662935
"SLC43A1",0.0980198780467344
"SLC43A2",0.145639580457401
"SLC43A3",0.0188355263995622
"SLC44A1",0.891041225326537
"SLC44A2",0.0021806466526437
"SLC44A3",0.0074399242684235
"SLC44A4",0.900337008671754
"SLC44A5",0.773802041065286
"SLC45A1",0.414317084456903
"SLC45A2",0.587223063237243
"SLC45A3",0.602278503504005
"SLC45A4",0.553503126547018
"SLC46A1",0.319617844026755
"SLC46A2",0.996873936141038
"SLC46A3",1.05259117756375e-05
"SLC47A1",0.935040514777406
"SLC47A2",0.910684838489175
"SLC48A1",0.894397330626635
"SLC4A1",0.933777934165893
"SLC4A10",0.370764147350475
"SLC4A11",0.358583642641825
"SLC4A1AP",0.916524900212995
"SLC4A2",0.809468880775293
"SLC4A3",0.988689555743509
"SLC4A4",0.0855277427703341
"SLC4A5",0.05575780290171
"SLC4A7",0.596397036796766
"SLC4A8",0.301286600221996
"SLC4A9",0.142760968800387
"SLC50A1",0.106695605902487
"SLC51A",0.332444093443332
"SLC51B",0.0963430774001183
"SLC52A1",0.897083813969267
"SLC52A2",0.195616837747587
"SLC52A3",0.762416249254281
"SLC5A1",0.152364671300843
"SLC5A10",0.997901159003523
"SLC5A11",0.617939011415837
"SLC5A12",0.999254082415181
"SLC5A2",0.0541224355165434
"SLC5A3",0.988337451530316
"SLC5A4",0.907407423832152
"SLC5A5",0.626248643597498
"SLC5A6",0.981308635234454
"SLC5A7",0.83120183078384
"SLC5A8",0.570465360453058
"SLC5A9",0.299789115778596
"SLC6A1",0.595589024178681
"SLC6A11",0.709425708827376
"SLC6A12",0.450529290448621
"SLC6A13",0.721113570630334
"SLC6A14",0.807302051504941
"SLC6A15",0.0215964038839192
"SLC6A16",0.00772631512446639
"SLC6A17",0.0802727560030423
"SLC6A18",0.897650690456631
"SLC6A19",0.877129075641297
"SLC6A2",0.817693928782419
"SLC6A20",0.711983875310222
"SLC6A3",0.181017711851478
"SLC6A4",0.558056044716703
"SLC6A5",0.223156464012802
"SLC6A6",0.992381051678333
"SLC6A7",0.0309412960869688
"SLC6A8",0.0805345985285707
"SLC6A9",0.980959754044811
"SLC7A1",0.976973582290239
"SLC7A10",0.984432993392444
"SLC7A11",0.909548917553577
"SLC7A13",0.95745525220501
"SLC7A14",0.636812197121066
"SLC7A2",0.425211981857867
"SLC7A3",0.0832544333654852
"SLC7A4",0.0585616221406026
"SLC7A5",0.964951914594272
"SLC7A6",0.994338191787484
"SLC7A6OS",0.730774703798369
"SLC7A7",1.42271697111603e-08
"SLC7A8",0.925993547547544
"SLC7A9",0.131057885972512
"SLC8A1",0.646946068643116
"SLC8A2",0.00022331918214351
"SLC8A3",0.363283363119894
"SLC8B1",0.000548458126894278
"SLC9A1",0.65570830206731
"SLC9A2",0.426238871750258
"SLC9A3",0.149169073072882
"SLC9A3R1",0.740735193496994
"SLC9A3R2",0.401238856889614
"SLC9A4",0.821920099599246
"SLC9A5",0.632535752762
"SLC9A6",0.971349132230832
"SLC9A7",0.00415808843416982
"SLC9A8",0.013349142785961
"SLC9A9",4.15577332300411e-10
"SLC9B1",0.203508898292485
"SLC9B2",0.800908650802291
"SLC9C1",0.636210570597226
"SLC9C2",0.402521711980443
"SLCO1A2",0.0298307175367785
"SLCO1B1",0.914736062580478
"SLCO1B3",0.91852302350665
"SLCO1B7",0.947900150926003
"SLCO1C1",0.879983423791853
"SLCO2A1",0.999939359477355
"SLCO2B1",1.44510024822066e-11
"SLCO3A1",0.716881659012484
"SLCO4A1",0.992235453340004
"SLCO4C1",0.524763612603408
"SLCO5A1",0.632846716719654
"SLCO6A1",0.759272351651427
"SLFN11",0.947528957426697
"SLFN12",0.169806342101081
"SLFN12L",0.355610693530733
"SLFN13",0.961839527009843
"SLFN14",0.96025022014941
"SLFN5",0.000448260856678546
"SLFNL1",0.0223328668897662
"SLIRP",0.891902711664682
"SLIT1",0.500324159526269
"SLIT2",0.0915159347937745
"SLIT3",0.638718624796872
"SLITRK1",0.962961169800268
"SLITRK2",0.000248080967718866
"SLITRK3",0.116828313525107
"SLITRK4",0.985987627992575
"SLITRK5",0.828645627850309
"SLITRK6",0.461514087136814
"SLK",0.702361791545339
"SLMAP",0.992459496094297
"SLN",0.947779608549582
"SLPI",0.995104571826929
"SLTM",0.0190077949146262
"SLU7",0.878062128874971
"SLURP1",0.298028954761552
"SLX1A",0.705703247874677
"SLX1B",0.214330837000385
"SLX4",0.159707483695968
"SLX4IP",0.482167998303945
"SMAD1",0.994618638605093
"SMAD2",0.97120985530924
"SMAD3",0.144688574271637
"SMAD4",0.0519344688092697
"SMAD5",0.297767098702464
"SMAD6",0.93022640257144
"SMAD7",0.0711579765733946
"SMAD9",0.125846003407391
"SMAGP",0.866391495039084
"SMAP1",0.999601147655152
"SMAP2",8.29770631571556e-07
"SMARCA1",0.816857429206511
"SMARCA2",0.780220504244659
"SMARCA4",0.0132585421667552
"SMARCA5",0.823705169660501
"SMARCAD1",0.544348392228415
"SMARCAL1",0.987043912300644
"SMARCB1",0.984199648761804
"SMARCC1",0.013954519409891
"SMARCC2",0.884013452882683
"SMARCD1",0.954941723613395
"SMARCD2",0.909504597588563
"SMARCD3",0.648462738700806
"SMARCE1",0.479467313088473
"SMC1A",0.237185882799889
"SMC1B",0.49077928687068
"SMC2",0.614360774396191
"SMC3",0.172148092673891
"SMC4",0.997623648096099
"SMC5",0.973843347617292
"SMC6",0.0642946184940463
"SMCHD1",0.273294880109774
"SMCO1",0.942414569296164
"SMCO2",0.938709332461454
"SMCO3",0.186556487056056
"SMCO4",0.159780779387044
"SMCP",0.996754374616422
"SMCR8",0.670776646893825
"SMDT1",0.822237686099891
"SMG1",0.10618023486183
"SMG5",0.452885333216352
"SMG6",0.355534159254297
"SMG7",0.277291847139946
"SMG8",0.597224098281772
"SMG9",0.968278795272615
"SMIM1",0.468625770454006
"SMIM10",0.00309182826466191
"SMIM10L1",0.381853147771365
"SMIM10L2A",0.204503699501926
"SMIM10L2B",0.00581983709389282
"SMIM12",0.0103512234922809
"SMIM13",0.547235138338245
"SMIM14",0.915454793413141
"SMIM15",0.290251760169975
"SMIM17",4.32994551248181e-05
"SMIM18",0.994538483879131
"SMIM19",0.71102858146228
"SMIM2",0.648135522209364
"SMIM20",0.243993162243751
"SMIM21",0.750934665045022
"SMIM22",0.0201429182625855
"SMIM23",0.960390964939576
"SMIM24",0.604769105618811
"SMIM3",1.59955573083089e-06
"SMIM4",0.993051402781792
"SMIM5",0.959113971659483
"SMIM6",0.0107552479239542
"SMIM7",0.956968299432171
"SMIM8",0.0136144753467395
"SMIM9",0.954909732509332
"SMKR1",6.38727718188456e-05
"SMLR1",0.9329983691908
"SMN1",0.280631547691386
"SMN2",0.618410787731572
"SMNDC1",0.966201861566393
"SMO",0.0926836577042172
"SMOC1",0.996080887006793
"SMOC2",0.0773030362788688
"SMOX",0.219489020983829
"SMPD1",0.000448018051312229
"SMPD2",0.0164714060259831
"SMPD3",0.024134455582807
"SMPD4",0.210808865597798
"SMPDL3A",0.0159677919917549
"SMPDL3B",0.0569412405467216
"SMPX",0.654673124947475
"SMR3A",0.881632819424313
"SMR3B",0.881228363380274
"SMS",0.898890272841501
"SMTN",0.99045136018507
"SMTNL1",0.939758771312292
"SMTNL2",0.360164407587594
"SMU1",0.558253987672535
"SMUG1",0.99993849587891
"SMURF1",0.77307964466526
"SMURF2",0.753156892021331
"SMYD1",0.76548801778201
"SMYD2",0.0138619275414982
"SMYD3",0.0222762947187016
"SMYD4",0.857874533424148
"SMYD5",0.555905015716231
"SNAI1",0.0429987062446688
"SNAI2",0.936667999936792
"SNAI3",0.679059284569722
"SNAP23",1.69516011146366e-05
"SNAP25",0.631996540924946
"SNAP29",0.529578242375407
"SNAP47",0.000847603328737565
"SNAP91",0.696746821230489
"SNAPC1",0.409323509119194
"SNAPC2",0.824776328208696
"SNAPC3",0.150104195774604
"SNAPC4",0.00039161934238217
"SNAPC5",0.946282982588416
"SNAPIN",0.96603956713767
"SNCA",0.998856905214106
"SNCAIP",5.30567665359469e-06
"SNCB",0.274836343077664
"SNCG",0.612922089344938
"SND1",0.865210230122594
"SNED1",0.986413621386442
"SNF8",0.937262086742326
"SNIP1",0.485646170265747
"SNN",0.889167589600249
"SNPH",0.159326336873441
"SNRK",0.463289012926258
"SNRNP200",0.00443682712903879
"SNRNP25",0.328496888294373
"SNRNP27",0.950738892632699
"SNRNP35",0.35696913358361
"SNRNP40",0.0380595916377715
"SNRNP48",0.095661334604747
"SNRNP70",0.0956348149144005
"SNRPA",0.656154732071565
"SNRPA1",0.506860680237317
"SNRPB",0.99998815857562
"SNRPB2",0.999672368112227
"SNRPC",0.998565200513097
"SNRPD1",0.467486625622468
"SNRPD2",0.663128441544837
"SNRPD3",0.347242498329405
"SNRPE",0.454586505414714
"SNRPF",0.665899661127646
"SNRPG",0.980490050757189
"SNRPN",0.96442556830671
"SNTA1",0.897384598600932
"SNTB1",0.730774407086138
"SNTB2",0.169919207196456
"SNTG1",0.0005183091197329
"SNTG2",0.808680201309874
"SNTN",0.59695773801917
"SNU13",NA
"SNUPN",0.895099215724399
"SNURF",0.979543269974083
"SNW1",0.564469274183313
"SNX1",0.00417121669535911
"SNX10",7.20252464772892e-08
"SNX11",0.704136752369973
"SNX12",0.00110352500438248
"SNX13",0.161908841034802
"SNX14",0.848238338948157
"SNX15",0.58272610252516
"SNX16",0.80498779101304
"SNX17",0.370407798460155
"SNX18",0.0602360208853388
"SNX19",0.891408623852943
"SNX2",0.836446463879965
"SNX20",3.02917889672647e-15
"SNX21",0.513170100975759
"SNX22",0.317501877540716
"SNX24",0.99685300367502
"SNX25",0.291291644114434
"SNX27",0.158709712757216
"SNX29",0.989023335622353
"SNX3",0.0670202995197556
"SNX30",0.999514686721936
"SNX31",0.766576867115109
"SNX32",0.016272335882263
"SNX33",0.00293626425048153
"SNX4",0.602150238830261
"SNX5",0.437665765261457
"SNX6",0.282190103807808
"SNX7",0.0028564889039217
"SNX8",0.206087974982375
"SNX9",0.000526808815001057
"SOAT1",4.65869845909595e-09
"SOAT2",0.993060106641971
"SOBP",0.997251507465012
"SOCS1",0.926562645213159
"SOCS2",0.948006244878399
"SOCS3",8.40813672270487e-07
"SOCS4",0.655379750588635
"SOCS5",0.83608280015525
"SOCS6",0.126061640440215
"SOCS7",6.41122785659286e-05
"SOD1",0.983316662065636
"SOD2",0.0584564220268252
"SOD3",3.55510963676564e-06
"SOGA1",0.699169743560248
"SOGA3",0.999784222139279
"SOHLH1",0.532200402264797
"SOHLH2",0.354289432640915
"SON",0.253131886347602
"SORBS1",0.0608528410803268
"SORBS2",0.969988495399314
"SORBS3",0.000137528701935251
"SORCS1",3.76872359083355e-07
"SORCS2",0.278640299683781
"SORCS3",0.039844384802277
"SORD",0.413196864566697
"SORL1",0.00136251005659383
"SORT1",0.0443189247053722
"SOS1",0.555609050693903
"SOS2",0.99311228424101
"SOST",0.949483540859912
"SOSTDC1",0.0452554968595309
"SOWAHA",0.926705957592698
"SOWAHB",0.0518464590675878
"SOWAHC",0.693927061669585
"SOWAHD",0.00966694379918693
"SOX1",0.892242571948043
"SOX10",0.0375449744551455
"SOX11",0.0015809543745256
"SOX12",0.441094521948857
"SOX13",0.0381262293624546
"SOX14",0.340477745352844
"SOX15",0.530989694674479
"SOX17",0.842507500135168
"SOX18",0.172130125863983
"SOX2",0.292985761587247
"SOX21",0.000982072623165901
"SOX3",0.991086955015307
"SOX30",0.734924268619155
"SOX4",0.0354397558731716
"SOX5",0.964941282689344
"SOX6",0.0532486843735198
"SOX7",0.863769071214291
"SOX8",0.303491257007229
"SOX9",0.977236549530938
"SP1",0.8743585680154
"SP100",1.07218128415694e-10
"SP110",1.03931587929702e-06
"SP140",1.82594656715401e-05
"SP140L",1.22273111504224e-11
"SP2",0.963081641729352
"SP3",0.578909373612427
"SP4",0.249353581083967
"SP5",0.272835257665019
"SP6",0.194903933206511
"SP7",0.065652901766453
"SP8",0.957373695855524
"SP9",0.657078416403151
"SPA17",0.185470080043885
"SPACA1",0.978241904798659
"SPACA3",0.917913105863267
"SPACA4",0.632072006408952
"SPACA5",0.601361119007397
"SPACA5B",0.938284853198132
"SPACA7",0.954654350201157
"SPAG1",0.20437241073619
"SPAG11A",0.87090401483953
"SPAG11B",0.861815830731745
"SPAG16",0.0654967443564325
"SPAG17",0.0902418891443293
"SPAG4",0.995439921732772
"SPAG5",0.0232150521608754
"SPAG6",0.012641400112077
"SPAG7",0.992536664340129
"SPAG8",0.0744833290871506
"SPAG9",0.211238919952657
"SPAM1",0.942788786843376
"SPANXA1",0.863728427812185
"SPANXA2",0.934523419046669
"SPANXB1",0.768799077469113
"SPANXC",0.941194384066676
"SPANXD",0.795107144884552
"SPANXN1",0.931110412434143
"SPANXN2",0.96108684606169
"SPANXN3",0.963518768778519
"SPANXN4",0.954326306333751
"SPANXN5",0.893472722941626
"SPARC",2.81505591342037e-05
"SPARCL1",0.197286291312057
"SPART",NA
"SPAST",0.00461313460648834
"SPATA1",0.998938887347372
"SPATA12",0.81439229458136
"SPATA13",0.0908486200051724
"SPATA16",0.965997731974735
"SPATA17",0.0607659400481295
"SPATA18",0.815899164993598
"SPATA19",0.999766273204992
"SPATA2",0.891603457340164
"SPATA20",0.99591615047656
"SPATA21",0.605092110685399
"SPATA22",0.974885071443518
"SPATA24",0.292375050647762
"SPATA25",0.0503330984471001
"SPATA2L",0.988334467134706
"SPATA3",0.700922538056559
"SPATA31A1",0.953673402746224
"SPATA31A3",0.947080517314453
"SPATA31A5",0.952471046660844
"SPATA31A6",0.921650236759353
"SPATA31A7",0.853397622198994
"SPATA31C1",0.876714261834866
"SPATA31C2",0.937427351033567
"SPATA31D1",0.960261325159663
"SPATA31D3",0.950650099731743
"SPATA31D4",0.957019595377042
"SPATA31E1",0.884214919271234
"SPATA32",0.349304749431034
"SPATA33",0.00291679136850001
"SPATA4",0.139957718750877
"SPATA45",0.987267537560874
"SPATA5",0.341850636479883
"SPATA5L1",0.156201060912227
"SPATA6",0.00466207975769922
"SPATA6L",0.100776345011574
"SPATA7",0.342883829946406
"SPATA9",0.7883580674578
"SPATC1",0.965223852912152
"SPATC1L",0.997276263044317
"SPATS1",0.155305267812978
"SPATS2",0.0161249389835207
"SPATS2L",9.13981593247584e-05
"SPC24",0.681070180934593
"SPC25",0.745238951231205
"SPCS1",0.389079660362911
"SPCS2",0.250095066115105
"SPCS3",0.00678950885102184
"SPDEF",0.602286474142902
"SPDL1",0.000948710390240229
"SPDYA",0.0691669916071607
"SPDYC",0.950594614466521
"SPDYE1",0.337025943171106
"SPDYE11",0.0304688710629712
"SPDYE16",0.0531794897654571
"SPDYE17",0.973202013928934
"SPDYE18",0.325760866795593
"SPDYE2",0.603192734056385
"SPDYE2B",0.417114825058077
"SPDYE3",0.0709027453095229
"SPDYE4",0.980311839185548
"SPDYE5",0.0743545107508285
"SPDYE6",0.790871047025198
"SPECC1",0.268889805214592
"SPECC1L",0.0880278369588476
"SPEF1",0.0830261008500196
"SPEF2",0.00191601717003734
"SPEG",0.98457513328163
"SPEM1",0.576008440426616
"SPEN",0.0299941995647381
"SPERT",0.863385601268637
"SPESP1",0.766849043948234
"SPG11",0.410407561296067
"SPG21",0.935717428304129
"SPG7",0.160305964165302
"SPHAR",0.962027525860423
"SPHK1",0.830953625970147
"SPHK2",0.977141460066652
"SPHKAP",0.00845824504361041
"SPI1",1.92883292861348e-16
"SPIB",0.990113871544845
"SPIC",0.947298604503266
"SPICE1",0.000321458047848319
"SPIDR",0.375729949314318
"SPIN1",0.000113037728410266
"SPIN2A",0.0887084088401831
"SPIN2B",0.991259428650863
"SPIN3",0.0126743151108597
"SPIN4",0.026344618610679
"SPINK1",0.821991892171161
"SPINK13",0.933194524081902
"SPINK14",0.904160061768492
"SPINK2",0.977281002354977
"SPINK4",0.828427865650166
"SPINK5",0.14810675219433
"SPINK6",0.302094257823315
"SPINK7",0.135057931794706
"SPINK8",0.472110461481085
"SPINK9",0.421795019956396
"SPINT1",0.721134893109425
"SPINT2",0.675930856789608
"SPINT3",0.945367611730864
"SPINT4",0.944824510852813
"SPIRE1",0.897964851651473
"SPIRE2",1.61555757535616e-08
"SPN",7.44790132069517e-06
"SPNS1",0.644727541531262
"SPNS2",0.708243498614664
"SPNS3",0.424307199194776
"SPO11",0.999793774895015
"SPOCD1",3.72882933160722e-11
"SPOCK1",0.0478105181185665
"SPOCK2",0.196138876646334
"SPOCK3",0.661024849817017
"SPON1",0.760091707233188
"SPON2",0.690444435740631
"SPOP",0.31692017262562
"SPOPL",0.999453125494525
"SPP1",4.89568582982278e-05
"SPP2",0.966451777490354
"SPPL2A",0.00438026425455942
"SPPL2B",0.108895360917957
"SPPL2C",0.0376123862842334
"SPPL3",0.793296345906931
"SPR",0.954318784328668
"SPRED1",0.00020773348855266
"SPRED2",0.0280683380466664
"SPRED3",4.03983843013895e-08
"SPRN",0.995190945066065
"SPRR1A",0.38390701526365
"SPRR1B",0.198649270013673
"SPRR2A",0.268857224760335
"SPRR2B",0.79244803981626
"SPRR2D",0.327278728146182
"SPRR2E",0.491756819616222
"SPRR2F",0.773669926895057
"SPRR2G",0.28950378254814
"SPRR3",0.366256185706897
"SPRR4",0.934821526184541
"SPRTN",0.587622557474023
"SPRY1",0.00360026321539965
"SPRY2",0.000233540631165516
"SPRY3",0.937649645996874
"SPRY4",0.000411796232505954
"SPRYD3",0.892690635664273
"SPRYD4",0.904349953457035
"SPRYD7",0.353696894863184
"SPSB1",0.326466202969573
"SPSB2",0.955493754426937
"SPSB3",0.000210034087594914
"SPSB4",0.203939056314523
"SPTA1",0.999719497834446
"SPTAN1",0.293829755650665
"SPTB",0.0173454933440424
"SPTBN1",0.210572983601406
"SPTBN2",0.00144208892532246
"SPTBN4",0.198226460302701
"SPTBN5",0.95473023104034
"SPTLC1",0.0289207415547863
"SPTLC2",0.0110539321967548
"SPTLC3",0.77727178366089
"SPTSSA",0.240740404250643
"SPTSSB",0.484056931920883
"SPTY2D1",0.971316746163457
"SPX",0.510061526805254
"SPZ1",0.869283930215735
"SQLE",0.127748409957218
"SQOR",NA
"SQSTM1",0.0636318825407563
"SRA1",0.663927074855112
"SRBD1",0.999488622800507
"SRC",0.178500409164944
"SRCAP",0.99705363163788
"SRCIN1",0.0162271158666302
"SRD5A1",0.950632642657995
"SRD5A2",0.746258643929729
"SRD5A3",0.858107689253355
"SREBF1",0.772809742565582
"SREBF2",0.924598253064074
"SREK1",0.0603203994407047
"SREK1IP1",0.174757969959059
"SRF",0.95795111448018
"SRFBP1",0.948286565750806
"SRGAP1",0.721404305717316
"SRGAP2",0.587893506074404
"SRGAP2B",0.478133093394891
"SRGAP2C",0.10181613172243
"SRGAP3",0.00559374967221733
"SRGN",3.52922206680292e-08
"SRI",0.0488140618354123
"SRL",0.187163011709222
"SRM",0.897022592724619
"SRMS",0.78636085431014
"SRP14",0.867836117361532
"SRP19",0.999999470527082
"SRP54",0.951865434591972
"SRP68",0.923224245450372
"SRP72",0.862128941101784
"SRP9",0.597685668638455
"SRPK1",0.000828211019688166
"SRPK2",9.85684390466328e-05
"SRPK3",0.153601110854833
"SRPRA",NA
"SRPRB",0.138586923751805
"SRPX",3.94229761269614e-08
"SRPX2",1.17478037173193e-10
"SRR",0.779787781650562
"SRRD",0.979995199886201
"SRRM1",0.0817374975053653
"SRRM2",0.21708567942212
"SRRM3",0.163670775548377
"SRRM4",7.75804559014456e-05
"SRRM5",0.000402039984791339
"SRRT",0.00812374965802343
"SRSF1",0.0603274986196421
"SRSF10",0.0592219695326319
"SRSF11",0.0160572164645688
"SRSF12",4.21371650388423e-06
"SRSF2",0.9282913138433
"SRSF3",0.60576685807219
"SRSF4",0.00619434035262258
"SRSF5",0.0100534416678097
"SRSF6",0.76460013828891
"SRSF7",0.600838954735383
"SRSF8",0.24336562262069
"SRSF9",0.840667711135056
"SRXN1",0.521454315344056
"SRY",0.749408504976758
"SS18",0.999617067046244
"SS18L1",1.43387940535479e-07
"SS18L2",0.97807019198821
"SSB",0.843351653122032
"SSBP1",0.999989357083175
"SSBP2",0.634542376670311
"SSBP3",7.47030836126536e-09
"SSBP4",0.798906328990041
"SSC4D",0.440936722249474
"SSC5D",0.217714442670029
"SSH1",0.0647888213903516
"SSH2",0.00850514413619811
"SSH3",0.99852230211726
"SSMEM1",0.934381880125638
"SSNA1",0.856891794367677
"SSPN",0.0736286377042821
"SSPO",0.0387131967667055
"SSR1",7.01689664191045e-05
"SSR2",0.755069959017641
"SSR3",0.0175414479456442
"SSR4",0.225309426515989
"SSRP1",0.0628538522638859
"SSSCA1",NA
"SST",0.516928520248956
"SSTR1",0.707093772210082
"SSTR2",0.0010482089019606
"SSTR3",0.249985804728183
"SSTR4",0.0689820553090378
"SSTR5",0.706530896301815
"SSU72",0.993643972041916
"SSUH2",0.722193708606863
"SSX1",0.962143529852525
"SSX2",0.95909484427314
"SSX2B",0.95912834915248
"SSX2IP",0.0173367785218305
"SSX3",0.955211913541353
"SSX4",0.957008171262562
"SSX4B",0.955302464596528
"SSX5",0.958985681493487
"SSX7",0.962027525860423
"ST13",0.591040400053251
"ST14",0.00202012302319584
"ST18",0.0460117240423411
"ST20",0.5064603753752
"ST20-MTHFS",0.637868419267006
"ST3GAL1",0.272039273808876
"ST3GAL2",0.935753811865497
"ST3GAL3",0.944298339762956
"ST3GAL4",0.991622824671499
"ST3GAL5",0.000427656466156176
"ST3GAL6",0.0130558182893757
"ST5",0.933475973962868
"ST6GAL1",0.00154597019569377
"ST6GAL2",0.00185152953027815
"ST6GALNAC1",0.702441236233379
"ST6GALNAC2",0.904499508973082
"ST6GALNAC3",0.179241307056457
"ST6GALNAC4",0.648573054576895
"ST6GALNAC5",0.647739428871026
"ST6GALNAC6",0.920183724928569
"ST7",0.707483907770752
"ST7L",0.827024118805
"ST8SIA1",0.78522035904731
"ST8SIA2",0.0988068014224385
"ST8SIA3",0.184186755871636
"ST8SIA4",7.45595879411353e-05
"ST8SIA5",0.207665114979428
"ST8SIA6",0.884790858383619
"STAB1",2.73566616221494e-15
"STAB2",0.996612553887214
"STAC",0.995426004579314
"STAC2",0.991817025311738
"STAC3",0.120939796571019
"STAG1",0.675473733765115
"STAG2",0.266930717122874
"STAG3",0.512474574983144
"STAM",0.954963862813267
"STAM2",0.252911950751241
"STAMBP",0.747048005794367
"STAMBPL1",0.220838597183194
"STAP1",0.99764622310501
"STAP2",0.0439993920721475
"STAR",0.11924191528515
"STARD10",0.00202883940366596
"STARD13",0.97447476702677
"STARD3",0.957442080255486
"STARD3NL",0.0939436256358533
"STARD4",0.999630973661947
"STARD5",0.884844401037564
"STARD6",0.47259555666847
"STARD7",0.999621793929207
"STARD8",0.0423025602316544
"STARD9",0.228130415574432
"STAT1",0.000416839446451322
"STAT2",0.800974014651246
"STAT3",4.14506937715538e-05
"STAT4",0.917092547567305
"STAT5A",0.0443203201186149
"STAT5B",0.999625891372531
"STAT6",0.0631019786915804
"STATH",0.801323460288108
"STAU1",0.767788426117704
"STAU2",0.283654846389649
"STC1",0.453610162840808
"STC2",0.999993692508727
"STEAP1",0.999006041039788
"STEAP1B",0.993997056351166
"STEAP2",0.913028459276885
"STEAP3",0.0315565912542797
"STEAP4",0.0438855067619088
"STH",0.0623134797223489
"STIL",0.0605914563235009
"STIM1",0.610035643660397
"STIM2",0.319302513305218
"STIP1",0.946451945930298
"STK10",9.18337549354615e-06
"STK11",0.490093191943085
"STK11IP",0.000532162498567146
"STK16",0.62404709913446
"STK17A",5.16556762285929e-07
"STK17B",0.0254404731465162
"STK19",0.88858643178873
"STK24",0.707031429300581
"STK25",0.0134006497401689
"STK26",0.308333769478122
"STK3",0.995885317475655
"STK31",0.259166654667239
"STK32A",0.0344620943950802
"STK32B",0.0398024514045917
"STK32C",0.157655650973396
"STK33",0.633652295859681
"STK35",0.503694923863492
"STK36",0.00834055744415314
"STK38",0.832312370044666
"STK38L",0.457059182730396
"STK39",0.867483095368577
"STK4",0.171380230437448
"STK40",0.00366936431207136
"STKLD1",0.115978512831418
"STMN1",3.75658531659375e-05
"STMN2",0.0229433785556967
"STMN3",0.63186886154106
"STMN4",0.946229209226691
"STMND1",0.152878410660209
"STOM",0.0684872548461117
"STOML1",0.135043004264729
"STOML2",0.840809971675886
"STOML3",0.183096358369608
"STON1",0.945171518361321
"STON1-GTF2A1L",0.916028225777024
"STON2",0.748691528449836
"STOX1",0.0419426919568431
"STOX2",0.000997076742985213
"STPG1",0.165163930195063
"STPG2",0.185898353150212
"STRA6",0.477286957630325
"STRA8",0.851085275102509
"STRADA",0.034396890380554
"STRADB",0.994764584142785
"STRAP",0.787671842934928
"STRBP",2.70760049998385e-10
"STRC",0.00123151287523831
"STRIP1",0.00565310091119626
"STRIP2",0.892826918040212
"STRN",0.632838865429433
"STRN3",0.12092423632344
"STRN4",0.0384868187272963
"STS",0.000224347048455938
"STT3A",0.689517210149555
"STT3B",0.998885014514555
"STUB1",0.941383446167347
"STUM",NA
"STX10",0.51124298569434
"STX11",3.24941011717015e-08
"STX12",0.000694566976677574
"STX16",0.659445323051927
"STX17",0.998319201287522
"STX18",0.309868194373803
"STX19",0.246116967594356
"STX1A",0.00494611395556949
"STX1B",0.846113935726502
"STX2",0.802781117448558
"STX3",0.715055528290606
"STX4",0.636840035215877
"STX5",0.973015659677564
"STX6",0.999986617826438
"STX7",0.637627298261237
"STX8",0.378364895756471
"STXBP1",0.46546164699851
"STXBP2",0.000147712507592053
"STXBP3",0.983074213370209
"STXBP4",0.531394111843324
"STXBP5",0.000909957185342804
"STXBP5L",0.0077302006339988
"STXBP6",0.996607018383891
"STYK1",0.381586132132171
"STYX",0.975233673355587
"STYXL1",0.509896809278624
"SUB1",0.995723689231098
"SUCLA2",0.999998707058236
"SUCLG1",0.882380505719072
"SUCLG2",0.000771048618396101
"SUCNR1",0.994781280764352
"SUCO",0.73546109270862
"SUDS3",0.00277522758867653
"SUFU",0.954316700695465
"SUGCT",0.992759267612411
"SUGP1",0.0426897442946734
"SUGP2",0.00084190927602571
"SUGT1",0.833621110878419
"SULF1",0.00103127867253127
"SULF2",0.000246327226677729
"SULT1A1",0.936179198305057
"SULT1A2",0.756958545760177
"SULT1A3",0.914142995786404
"SULT1A4",0.94797288895603
"SULT1B1",0.989858683734443
"SULT1C2",0.994515759999168
"SULT1C3",0.955634687781883
"SULT1C4",0.984752828383634
"SULT1E1",0.359479004242063
"SULT2A1",0.919055737416865
"SULT2B1",0.0877742012829918
"SULT4A1",0.00418010012388491
"SULT6B1",0.898764533975941
"SUMF1",7.72081676742602e-05
"SUMF2",8.68011075640354e-08
"SUMO1",0.437392080709554
"SUMO2",0.114451862371459
"SUMO3",0.9976842426301
"SUMO4",0.972013996280134
"SUN1",0.000266750730763264
"SUN2",0.999438842032829
"SUN3",0.985902455739847
"SUN5",0.949400340147234
"SUOX",0.105401389444983
"SUPT16H",0.0352415101575925
"SUPT20H",0.193055828688855
"SUPT20HL1",0.986899660512297
"SUPT20HL2",0.925176711244113
"SUPT3H",0.00838985465323464
"SUPT4H1",0.785688805651522
"SUPT5H",0.288252441241972
"SUPT6H",0.961632446551083
"SUPT7L",0.322510911716533
"SUPV3L1",0.402562961566737
"SURF1",0.998465331555301
"SURF2",0.198694953659193
"SURF4",0.0480278103485066
"SURF6",0.225165862304737
"SUSD1",0.200453074993836
"SUSD2",0.500054626521908
"SUSD3",1.08565680560409e-05
"SUSD4",0.968890421357425
"SUSD5",0.39203861250765
"SUSD6",0.00123538538203954
"SUV39H1",0.981553489957858
"SUV39H2",0.128804416475955
"SUZ12",0.0979071439887119
"SV2A",0.202146552747406
"SV2B",0.0478143857712844
"SV2C",0.91896298399336
"SVEP1",0.978377069359575
"SVIL",0.00111586957025262
"SVIP",0.897746402450399
"SVOP",0.00244105466047834
"SVOPL",0.256499890599242
"SWAP70",0.000963600706566251
"SWI5",0.978974787572691
"SWSAP1",0.884035751355504
"SWT1",0.308251476613041
"SYAP1",0.990326977067176
"SYBU",0.713264365829377
"SYCE1",0.0884869801719928
"SYCE1L",0.807811157537879
"SYCE2",0.00570958207882133
"SYCE3",0.999406282943364
"SYCN",0.903202761156615
"SYCP1",0.716868546343849
"SYCP2",0.863377085490606
"SYCP2L",0.110475471612358
"SYCP3",0.901101068963113
"SYDE1",0.00041663707865798
"SYDE2",0.0384095959114037
"SYF2",0.104579821586164
"SYK",3.15019673641407e-07
"SYMPK",0.285319172435458
"SYN1",0.582526394745007
"SYN2",0.130762078069881
"SYN3",0.835349293446042
"SYNC",0.971356753273168
"SYNCRIP",0.998026371414972
"SYNDIG1",0.934516545045287
"SYNDIG1L",0.460116216154388
"SYNE1",0.937353545043899
"SYNE2",0.466422357315762
"SYNE3",0.313294537932348
"SYNE4",0.120901745482632
"SYNGAP1",0.361969132892247
"SYNGR1",0.974625182354457
"SYNGR2",0.0130644847916006
"SYNGR3",0.888448101147336
"SYNGR4",0.310447018311028
"SYNJ1",0.393143142918344
"SYNJ2",0.684922312035181
"SYNJ2BP",0.130722089026594
"SYNJ2BP-COX16",0.237783026048267
"SYNM",0.000609912963769382
"SYNPO",0.00148820198847128
"SYNPO2",0.724881745813872
"SYNPO2L",0.947637649573087
"SYNPR",0.0518770076381403
"SYNRG",0.9741638731317
"SYP",0.811192077300133
"SYPL1",0.998297341454689
"SYPL2",0.959817388664454
"SYS1",0.94540901248029
"SYT1",0.0466329863807707
"SYT10",0.183475542392669
"SYT11",0.136379682618038
"SYT12",0.917861737900384
"SYT13",0.0411972884524759
"SYT14",0.357167781638446
"SYT15",0.773393584414796
"SYT16",0.549311869776206
"SYT17",0.0510279685506289
"SYT2",0.0403875022105495
"SYT3",0.978175314649616
"SYT4",0.0019203883733976
"SYT5",0.391743131685849
"SYT6",0.532885077408184
"SYT7",0.0034607087942195
"SYT8",0.999040122005266
"SYT9",0.00619188119134747
"SYTL1",0.0946522656700447
"SYTL2",0.000985695285855419
"SYTL3",0.961848557187121
"SYTL4",0.256527162265703
"SYTL5",0.965937161433777
"SYVN1",0.255620041500198
"SZRD1",0.573472487408987
"SZT2",0.344811604515827
"TAAR1",0.949455868367989
"TAAR2",0.886147374831495
"TAAR5",0.881541255338495
"TAAR6",0.885953496307688
"TAAR8",0.87769172966689
"TAAR9",0.94129804261268
"TAB1",0.990525454381918
"TAB2",0.062565388302988
"TAB3",0.532828033482959
"TAC1",0.24846583010771
"TAC3",0.039692963546251
"TAC4",0.918971101025572
"TACC1",0.000118926353693832
"TACC2",0.901196829305488
"TACC3",0.865513554196822
"TACO1",0.960294467410114
"TACR1",0.95141007832548
"TACR2",0.995186929930776
"TACR3",0.591397530208172
"TACSTD2",0.767700218776947
"TADA1",0.0311469554438412
"TADA2A",0.248300028659587
"TADA2B",0.556431720662104
"TADA3",0.418276276048514
"TAF1",0.0167020475674463
"TAF10",0.117942973042585
"TAF11",0.609057080024734
"TAF12",0.969104500629983
"TAF13",0.790380826170955
"TAF15",0.416757005062672
"TAF1A",0.0601878697983086
"TAF1B",0.00668172907046619
"TAF1C",0.936052593018944
"TAF1D",0.902467629755779
"TAF1L",0.908591951867571
"TAF2",0.135748276012542
"TAF3",0.999865859981033
"TAF4",0.0954418851143351
"TAF4B",0.0266255095924787
"TAF5",0.106846633591808
"TAF5L",0.933379082363084
"TAF6",0.104133553871217
"TAF6L",0.529706656045186
"TAF7",0.0670400337438303
"TAF7L",0.997350958539097
"TAF8",0.321408395654832
"TAF9",0.496058229640903
"TAF9B",0.99999969907835
"TAGAP",8.96880758711908e-13
"TAGLN",0.16582414883404
"TAGLN2",0.0687954974846093
"TAGLN3",0.129431868422808
"TAL1",0.73714095913175
"TAL2",0.153994509696128
"TALDO1",0.207031820070355
"TAMM41",0.259343945080552
"TANC1",0.000324288367958253
"TANC2",0.726131839286747
"TANGO2",0.010291482071999
"TANGO6",0.288408258784438
"TANK",0.629993136182863
"TAOK1",0.999087459501657
"TAOK2",0.765024623710466
"TAOK3",0.178665190073383
"TAP1",2.0992412637037e-05
"TAP2",0.000246076543492262
"TAPBP",1.74051951498263e-08
"TAPBPL",1.27692467376696e-08
"TAPT1",0.971451867517276
"TARBP1",3.54501628743843e-06
"TARBP2",0.388912875569851
"TARDBP",0.433387183270877
"TARM1",0.9638576804544
"TARS",0.968356397267232
"TARS2",0.293891808690164
"TARSL2",0.983618712768103
"TAS1R1",0.872379687262773
"TAS1R2",0.958942105414446
"TAS1R3",0.123150767022744
"TAS2R1",0.978330888788925
"TAS2R10",0.099932318682719
"TAS2R13",0.076230204928602
"TAS2R14",0.154520609061704
"TAS2R16",0.932043382848794
"TAS2R19",0.0207536005570083
"TAS2R20",0.0159919446596739
"TAS2R3",0.00112376606996246
"TAS2R30",0.165284208553453
"TAS2R31",0.00871853622021871
"TAS2R38",0.627825712334341
"TAS2R39",0.221300319382315
"TAS2R4",0.000339192154741406
"TAS2R40",0.190101766903811
"TAS2R41",0.969368127989601
"TAS2R42",0.853751248215609
"TAS2R43",0.401919240907838
"TAS2R46",0.0344327147180647
"TAS2R5",0.00417369898817386
"TAS2R50",0.108845604202435
"TAS2R60",0.994621758696749
"TAS2R7",0.804996178147148
"TAS2R8",0.732040596403931
"TAS2R9",0.623829947032841
"TASP1",0.0365269183771899
"TAT",0.943336160920835
"TATDN1",0.669181430709256
"TATDN2",0.931720077905577
"TATDN3",0.627609878640828
"TAX1BP1",0.982535470962507
"TAX1BP3",0.814026796472901
"TAZ",0.401261997221622
"TBATA",0.966060514988765
"TBC1D1",0.289637877830039
"TBC1D10A",0.0132164989656878
"TBC1D10B",0.529359897526083
"TBC1D10C",0.0664380325264661
"TBC1D12",0.849389601904075
"TBC1D13",0.929622724255238
"TBC1D14",0.99162978999183
"TBC1D15",0.674763842378388
"TBC1D16",0.998248184068296
"TBC1D17",0.968373978323163
"TBC1D19",0.817701497040449
"TBC1D2",0.999180895567446
"TBC1D20",0.810780211172883
"TBC1D21",0.935210856877276
"TBC1D22A",0.0172340960969723
"TBC1D22B",0.371180589069508
"TBC1D23",0.819037499136823
"TBC1D24",0.644722169647242
"TBC1D25",0.947420317851014
"TBC1D26",0.108298913685409
"TBC1D28",0.56513359754378
"TBC1D2B",0.059809427455174
"TBC1D3",0.854897542721094
"TBC1D30",0.224034830126438
"TBC1D31",0.00154617002833823
"TBC1D32",0.0262191670540806
"TBC1D3B",0.0200898047573585
"TBC1D3C",0.224659798474208
"TBC1D3E",0.793413048327706
"TBC1D3F",0.717245365279159
"TBC1D3G",0.983780826616052
"TBC1D3H",0.896912486007168
"TBC1D3I",0.851746420321717
"TBC1D3J",0.957465446068483
"TBC1D3K",0.941596679713648
"TBC1D3L",0.68596084549424
"TBC1D4",0.996620112518554
"TBC1D5",0.987900472244028
"TBC1D7",0.323088836190143
"TBC1D8",0.942025366640885
"TBC1D8B",0.126973785937072
"TBC1D9",0.0755858200370233
"TBC1D9B",0.937370891272176
"TBCA",0.795896125232314
"TBCB",0.103699090978445
"TBCC",0.401774316951247
"TBCCD1",0.993914818727807
"TBCD",0.0672892897637986
"TBCE",0.242907949318256
"TBCEL",0.195692414091951
"TBCK",0.142652798826625
"TBK1",0.716955455685875
"TBKBP1",0.195161216094272
"TBL1X",0.984311244984444
"TBL1XR1",0.558661106017678
"TBL1Y",0.400506419187423
"TBL2",0.987575005526312
"TBL3",0.909740841892808
"TBP",0.16033076480347
"TBPL1",0.428679576320562
"TBPL2",0.631382249887284
"TBR1",0.152304829193513
"TBRG1",0.933271169763501
"TBRG4",0.87832374805543
"TBX1",0.0237796151837143
"TBX10",0.7913077358025
"TBX15",0.933602235415607
"TBX18",0.623121483082043
"TBX19",0.92211910786984
"TBX2",0.539910403203464
"TBX20",0.610321586320466
"TBX21",0.999826393877282
"TBX22",0.910560880549414
"TBX3",0.130018914325305
"TBX4",0.930432795762703
"TBX5",0.562404493981616
"TBX6",0.733030077355417
"TBXA2R",1.96090845865955e-05
"TBXAS1",8.23316664148063e-19
"TC2N",0.867305876671613
"TCAF1",0.122116440238352
"TCAF2",0.00406228503394273
"TCAIM",0.999889549322938
"TCAP",0.0185531152809639
"TCEA1",0.604853960936952
"TCEA2",0.507694238111027
"TCEA3",0.52640284524824
"TCEAL1",0.736938596442422
"TCEAL2",0.989430455411488
"TCEAL3",0.874767213519622
"TCEAL4",0.998637805402483
"TCEAL5",0.846701786992241
"TCEAL6",0.729197063921425
"TCEAL7",0.55224361340918
"TCEAL8",0.756115673016183
"TCEANC",0.428109186766926
"TCEANC2",0.76115773912136
"TCERG1",0.00810129552226654
"TCERG1L",0.0491563175478342
"TCF12",0.789180258779479
"TCF15",0.249990489299723
"TCF19",0.877369636835062
"TCF20",0.00120266021752773
"TCF21",0.991253370403784
"TCF23",0.986077915218284
"TCF24",0.216708601935829
"TCF25",0.733990304400918
"TCF3",0.360100035982773
"TCF4",0.622241858427186
"TCF7",0.434920746806675
"TCF7L1",0.47542414111966
"TCF7L2",0.811088485680724
"TCFL5",0.999951147183511
"TCHH",0.957118390199531
"TCHHL1",0.757854089613677
"TCHP",0.535581422080275
"TCIRG1",0.0798501466991015
"TCL1A",0.998611438327922
"TCL1B",0.957837774530835
"TCN1",0.99923159076055
"TCN2",0.000120232654602319
"TCOF1",0.0117647572227059
"TCP1",0.178824169864293
"TCP10L",0.173190583406937
"TCP10L2",0.789602536826656
"TCP11",0.807986812452198
"TCP11L1",0.775937523944672
"TCP11L2",0.156677245667536
"TCP11X1",0.817012341998543
"TCP11X2",0.705172753682585
"TCTA",0.000368667290229371
"TCTE1",0.000409766938567004
"TCTE3",0.021925468134009
"TCTEX1D1",0.82340018896437
"TCTEX1D2",0.00537984419581278
"TCTEX1D4",0.977907249835851
"TCTN1",0.94438717344187
"TCTN2",0.136926271214519
"TCTN3",0.134858548833911
"TDG",0.272467640252039
"TDGF1",0.974406606547232
"TDO2",0.194464422877199
"TDP1",0.0015203956569472
"TDP2",0.996754116656109
"TDRD1",0.813095845132656
"TDRD10",0.958698984463465
"TDRD12",0.791269281777601
"TDRD15",0.90192957296335
"TDRD3",0.000258619681109657
"TDRD5",0.0210902899594739
"TDRD6",0.895793440689382
"TDRD7",0.568335198666179
"TDRD9",0.31532124362065
"TDRKH",0.138048043182921
"TDRP",1.90743544981355e-06
"TEAD1",0.811548951233984
"TEAD2",0.000486518396274763
"TEAD3",0.995605517286056
"TEAD4",0.126779739279989
"TEC",0.985075484408999
"TECPR1",0.845006518976047
"TECPR2",0.936613577360471
"TECR",0.683901492900922
"TECRL",0.884951743641542
"TECTA",0.542430790927124
"TECTB",0.920238095941463
"TEDDM1",0.282090665944036
"TEF",0.867423411206104
"TEFM",0.64753437129068
"TEK",0.949107280126414
"TEKT1",0.208709689606678
"TEKT2",0.0149869497049297
"TEKT3",0.683087108699502
"TEKT4",0.0851362280473404
"TEKT5",0.855745737514051
"TELO2",0.0773992024604187
"TEN1",0.825963844667886
"TENM1",0.529234581085991
"TENM2",0.0391474355386762
"TENM3",0.000213400866166594
"TENM4",0.246149056616391
"TEP1",0.00253555870108806
"TEPP",0.196748023220354
"TERF1",0.00969081038639654
"TERF2",0.859302658259063
"TERF2IP",0.0466704917011206
"TERT",0.25388431637552
"TES",0.82107188545086
"TESC",0.380825468273856
"TESK1",0.985582126409619
"TESK2",0.0183309183948964
"TESPA1",0.999742059084934
"TET1",0.00839533848020015
"TET2",0.766488486445364
"TET3",0.359523053544827
"TEX10",0.604181258248702
"TEX101",0.903474590322293
"TEX11",0.89613154355715
"TEX12",0.888150112914696
"TEX13A",0.929850575230496
"TEX13B",0.743931274544877
"TEX14",0.17371437707062
"TEX15",0.220785576454317
"TEX19",0.900779541936878
"TEX2",0.0507061378271781
"TEX22",0.000344647748007666
"TEX26",0.999891231145231
"TEX261",0.119935550576406
"TEX264",0.193554141726997
"TEX28",0.966536374712731
"TEX29",0.352038779965489
"TEX30",0.79333141355747
"TEX33",0.940424531148895
"TEX35",0.888403821225624
"TEX36",0.977941931963728
"TEX37",0.860856319196278
"TEX38",0.711344516606729
"TEX43",0.955747315770071
"TEX9",0.0486732316883941
"TF",0.245692378239657
"TFAM",0.464113938473178
"TFAP2A",0.758328833342747
"TFAP2B",0.725926898304284
"TFAP2C",0.997200224312303
"TFAP2D",0.650626617415284
"TFAP2E",0.060659126752712
"TFAP4",0.00391859249296299
"TFB1M",0.846710456559844
"TFB2M",0.438980961812544
"TFCP2",0.993206726416949
"TFCP2L1",0.969215491636465
"TFDP1",0.514305605465613
"TFDP2",0.00156065734647565
"TFDP3",0.781483976632581
"TFE3",0.00201676053888582
"TFEB",0.115032940243551
"TFEC",1.07610686273841e-12
"TFF1",0.903905109029612
"TFF2",0.954292941310449
"TFF3",0.782723551360402
"TFG",0.93334385323109
"TFIP11",0.992055991642897
"TFPI",0.266968954276251
"TFPI2",0.957769690089387
"TFPT",0.998524756061655
"TFR2",0.863414043042609
"TFRC",0.695952009834292
"TG",0.236821064322726
"TGDS",0.966414973941174
"TGFA",0.25953054071506
"TGFB1",3.02908298104827e-07
"TGFB1I1",0.00282123469820754
"TGFB2",0.708061588303891
"TGFB3",0.52883239101822
"TGFBI",0.193372628894025
"TGFBR1",0.000596647426858651
"TGFBR2",1.52634168296467e-09
"TGFBR3",0.968679959302076
"TGFBR3L",0.144378623305967
"TGFBRAP1",0.788120275619617
"TGIF1",0.992545727528438
"TGIF2",0.21748207672631
"TGIF2LX",0.874442961942986
"TGIF2LY",0.962914230961638
"TGM1",0.0426183588931324
"TGM2",0.00211888069322448
"TGM3",0.12261261323985
"TGM4",0.898550046104295
"TGM5",0.727740606722715
"TGM6",0.630822695645396
"TGM7",0.799784233789557
"TGOLN2",0.000379485257102854
"TGS1",0.46460390890403
"TH",0.530683777787836
"THADA",0.256202695688055
"THAP1",0.713641214278611
"THAP10",0.331442961772106
"THAP11",0.931497139608016
"THAP2",0.0682293442024372
"THAP3",0.0726158130929297
"THAP4",0.772856090975555
"THAP5",0.417392984519383
"THAP6",0.4138016442922
"THAP7",0.806719436945262
"THAP8",0.622595398140905
"THAP9",0.00920286053386307
"THBD",0.0319769152834681
"THBS1",0.668211834221546
"THBS2",6.43862655613213e-10
"THBS3",0.989245749690972
"THBS4",0.0447245542177155
"THEG",0.712357897599095
"THEGL",0.946379316226355
"THEM4",0.676391549119358
"THEM5",0.475124285427501
"THEM6",0.65491511101235
"THEMIS",0.226815669948429
"THEMIS2",1.84608573112899e-10
"THG1L",0.726245942341548
"THNSL1",0.343843024855496
"THNSL2",0.89512705994616
"THOC1",0.0269316538057557
"THOC2",0.0693336969144324
"THOC3",0.0001852687365235
"THOC5",0.408716326371697
"THOC6",0.648649236608847
"THOC7",0.73702041776985
"THOP1",0.114752291467887
"THPO",0.558523216869675
"THRA",0.331539217360484
"THRAP3",0.412078301776346
"THRB",0.690200571758646
"THRSP",0.0245800653159179
"THSD1",0.114621456471854
"THSD4",0.837189835453237
"THSD7A",0.576267745114405
"THSD7B",0.977518700131296
"THTPA",0.88509077324061
"THUMPD1",0.00102491816946113
"THUMPD2",0.15246157082531
"THUMPD3",0.9967829393058
"THY1",0.00491340493590104
"THYN1",0.944690300997533
"TIA1",0.00398556254560977
"TIAF1",0.53901567922479
"TIAL1",0.968680024908726
"TIAM1",0.980836209383708
"TIAM2",0.754574612652131
"TICAM1",0.0674317374070035
"TICAM2",0.00290890351795622
"TICRR",0.083102513906324
"TIE1",0.889354234551113
"TIFA",0.803702669236283
"TIFAB",0.966747142731241
"TIGAR",0.173583999387008
"TIGD1",0.00821979662074586
"TIGD2",0.201544815003198
"TIGD3",0.00163023163982998
"TIGD4",0.666914809491456
"TIGD5",0.0748311351216219
"TIGD6",0.868902930183124
"TIGD7",0.137088536141001
"TIGIT",0.945743343109122
"TIMD4",0.432640505824102
"TIMELESS",0.354585581690958
"TIMM10",0.49975400288511
"TIMM10B",0.876835048943817
"TIMM13",0.955971479209667
"TIMM17A",0.840283051407003
"TIMM17B",0.987844127519472
"TIMM21",0.969231402745558
"TIMM22",0.951122120298454
"TIMM23",0.984449149846029
"TIMM23B",0.0764077082920812
"TIMM44",0.622605582326281
"TIMM50",0.855210969264836
"TIMM8A",0.963592981472118
"TIMM8B",0.866568197542655
"TIMM9",0.999622240463762
"TIMMDC1",0.216325409759337
"TIMP1",5.14076868978305e-12
"TIMP2",8.83240531330264e-05
"TIMP3",2.86306200372231e-05
"TIMP4",0.0014504684688469
"TINAG",0.911429050782621
"TINAGL1",0.281679812720812
"TINF2",0.659719728801092
"TIPARP",0.140099914867802
"TIPIN",0.308758360424656
"TIPRL",0.71001329359853
"TIRAP",0.971598793691252
"TJAP1",0.485718733515804
"TJP1",0.956630191760883
"TJP2",0.850142297160413
"TJP3",0.154028424525355
"TK1",0.787662159279597
"TK2",4.46181760187073e-06
"TKFC",0.214761483547479
"TKT",0.63703168516436
"TKTL1",0.928479117901522
"TKTL2",0.781753165593139
"TLCD1",0.159776792232636
"TLCD2",0.45367095621126
"TLDC1",NA
"TLDC2",0.119524619152107
"TLE1",0.985292570444503
"TLE2",0.995418437059755
"TLE3",0.890869151801377
"TLE4",0.9063552873809
"TLE6",0.401295232330612
"TLK1",0.318997793806784
"TLK2",0.00195047093699988
"TLL1",0.0657788199721295
"TLL2",0.587394292661784
"TLN1",5.13933745104983e-07
"TLN2",0.957082754925304
"TLR1",1.9853455408027e-11
"TLR10",0.00282934608556434
"TLR2",4.09463155156693e-13
"TLR3",1.3678459549988e-08
"TLR4",0.000322955870201343
"TLR5",3.20995190510393e-07
"TLR6",9.01846846923555e-11
"TLR7",9.13866679986293e-14
"TLR8",6.27241097283607e-08
"TLR9",0.687250763568683
"TLX1",0.572970125435113
"TLX2",0.778715670949027
"TLX3",0.42413121934014
"TM2D1",0.999109373691534
"TM2D2",9.32369777291922e-06
"TM2D3",0.800631608599277
"TM4SF1",0.00649373012833784
"TM4SF18",0.130520834237411
"TM4SF19",0.928355799462723
"TM4SF20",0.421636274500004
"TM4SF4",0.885541033767613
"TM4SF5",0.908226671834736
"TM6SF1",2.18148075813768e-11
"TM6SF2",0.0775070979211248
"TM7SF2",0.997792076847479
"TM7SF3",0.000113851710063292
"TM9SF1",0.406664408543246
"TM9SF2",0.912240717425248
"TM9SF3",0.888717382378852
"TM9SF4",0.432359751550205
"TMA16",0.573769826487726
"TMA7",0.999892654894434
"TMBIM1",0.000123811903809415
"TMBIM4",0.00106936435684999
"TMBIM6",0.00168224580344252
"TMC1",0.372061979833397
"TMC2",0.874924955895447
"TMC3",0.778089123456574
"TMC4",0.000253008055108695
"TMC5",0.0633495257156979
"TMC6",0.914240278141261
"TMC7",0.819777912551243
"TMC8",1.24769338415343e-08
"TMCC1",0.716419624009918
"TMCC2",0.0919958140616535
"TMCC3",0.994628031481735
"TMCO1",0.644007247885281
"TMCO2",0.879514287596081
"TMCO3",0.808163765422172
"TMCO4",0.000533486865766921
"TMCO5A",0.952593568119104
"TMCO6",0.694817234085872
"TMED1",0.20796707622558
"TMED10",5.08580226102312e-08
"TMED2",0.432261510054225
"TMED3",0.818774456185855
"TMED4",0.998241987697983
"TMED5",7.38906407385493e-06
"TMED6",0.979151256863866
"TMED7",0.011303835112857
"TMED7-TICAM2",6.96718498753607e-06
"TMED8",0.722221987844185
"TMED9",0.00181913662501874
"TMEFF1",1.76968354234611e-06
"TMEFF2",0.663333585151587
"TMEM100",0.622991092587247
"TMEM101",0.999951677156362
"TMEM102",0.838290508274477
"TMEM104",0.331491936878372
"TMEM106A",4.7720808219221e-10
"TMEM106B",0.912782354565702
"TMEM106C",0.755994064333651
"TMEM107",0.999971025106085
"TMEM108",0.78047401835133
"TMEM109",0.10510141985416
"TMEM11",0.726407778275128
"TMEM114",0.730604828199122
"TMEM115",0.204078519160667
"TMEM116",0.0105475293353926
"TMEM117",0.603881304723758
"TMEM119",1.87820538698861e-06
"TMEM120A",0.000131864255223414
"TMEM120B",0.0137081813035009
"TMEM121",0.974966667343733
"TMEM123",0.943760596114687
"TMEM125",0.383415344108283
"TMEM126A",0.891502086812966
"TMEM126B",0.00864480915447509
"TMEM127",0.000130045173536225
"TMEM128",0.8540094844025
"TMEM129",0.979352918868727
"TMEM130",0.569212352408366
"TMEM131",0.994704887136336
"TMEM132A",0.967787570227862
"TMEM132B",0.0181636865933088
"TMEM132C",0.243961239879124
"TMEM132D",0.969613255081697
"TMEM132E",0.0148238964992821
"TMEM134",0.488989580936006
"TMEM135",0.617367833418493
"TMEM138",0.949748815709875
"TMEM139",0.00230663345050447
"TMEM140",0.0064493854895341
"TMEM141",0.889993832506497
"TMEM143",0.754223707293757
"TMEM144",0.960940985963993
"TMEM145",0.202108035460741
"TMEM147",0.278636454541177
"TMEM14A",0.998991824397882
"TMEM14B",0.433379469208945
"TMEM14C",0.893044319275716
"TMEM150A",0.129709626738725
"TMEM150B",0.000152472468189505
"TMEM150C",0.797121208597839
"TMEM151A",0.271608179436023
"TMEM151B",0.000176433355841738
"TMEM154",0.00302056895160238
"TMEM155",0.331931221887916
"TMEM156",0.000409897766732241
"TMEM158",0.514647724723838
"TMEM159",0.983857567720322
"TMEM160",0.999967947349919
"TMEM161A",0.931802181224153
"TMEM161B",0.287875748010557
"TMEM163",0.828398498856455
"TMEM164",0.926677583131215
"TMEM165",0.90401349145871
"TMEM167A",0.224553285933742
"TMEM167B",0.552067843015206
"TMEM168",0.967068170869447
"TMEM169",0.459861310831079
"TMEM17",0.975087581476681
"TMEM170A",0.994709416017625
"TMEM170B",0.879671463260387
"TMEM171",0.854208495712878
"TMEM173",0.000747056566773298
"TMEM174",0.90306575254737
"TMEM175",0.99632342345159
"TMEM176A",8.4067045924224e-05
"TMEM176B",5.27631262665901e-06
"TMEM177",0.113653888049886
"TMEM178A",0.00930429451201072
"TMEM178B",0.784527109708599
"TMEM179",0.556959724298205
"TMEM179B",0.161376848442077
"TMEM18",0.764137065837752
"TMEM181",0.880397658725189
"TMEM182",0.743696733730816
"TMEM183A",0.00934482642897039
"TMEM184A",0.267936365754447
"TMEM184B",0.996846456109014
"TMEM184C",0.151695938591538
"TMEM185A",0.986375698339345
"TMEM185B",0.358409516928333
"TMEM186",0.344586625509091
"TMEM187",0.999056723576962
"TMEM189",0.00786500756895847
"TMEM189-UBE2V1",0.551049933426826
"TMEM19",0.0163414721957049
"TMEM190",0.350342868930333
"TMEM191B",0.150302371507516
"TMEM191C",0.0329673090983291
"TMEM192",0.98153419547203
"TMEM196",0.298863678695788
"TMEM198",0.963314199308715
"TMEM199",0.999386181134474
"TMEM200A",0.203405088277822
"TMEM200B",0.184375478254034
"TMEM200C",0.0124983143515373
"TMEM201",0.78060138096341
"TMEM202",0.95239716947804
"TMEM203",0.998057115793809
"TMEM204",0.588132304142658
"TMEM205",0.0321116006057378
"TMEM207",0.934323430691051
"TMEM208",0.222007125219051
"TMEM209",0.896334480580723
"TMEM210",0.644525814645678
"TMEM211",0.230038110865307
"TMEM212",0.470140541390456
"TMEM213",0.505251423095153
"TMEM214",0.260832610609634
"TMEM215",0.660525234906181
"TMEM216",0.910573230176292
"TMEM217",0.990008297711994
"TMEM218",0.927643038364271
"TMEM219",0.534799807022985
"TMEM220",0.913005901153541
"TMEM221",0.993008028681113
"TMEM222",0.258987215592675
"TMEM223",0.989816926484882
"TMEM225",0.934954341662373
"TMEM229A",0.940319119389472
"TMEM229B",0.000512016518969419
"TMEM230",0.768063922362643
"TMEM231",0.516259092248937
"TMEM232",0.033946291291498
"TMEM233",0.938611468240868
"TMEM234",0.702847064004562
"TMEM235",0.33514974769802
"TMEM236",0.69366972331902
"TMEM237",0.000328702483137656
"TMEM238",0.35165129566183
"TMEM239",0.960753954269473
"TMEM240",0.0114140026563749
"TMEM241",0.844485906207475
"TMEM242",0.396033442336749
"TMEM243",0.980672108086934
"TMEM244",0.762837741245053
"TMEM245",0.999999477677114
"TMEM246",0.894693765224348
"TMEM247",0.864864803107752
"TMEM248",0.446781828962284
"TMEM249",0.00232933924984529
"TMEM25",0.405552772004124
"TMEM251",0.989051034167556
"TMEM252",0.47423597366034
"TMEM253",0.99771535590257
"TMEM254",0.414318380789437
"TMEM255A",0.0214925403538569
"TMEM255B",0.213643024400828
"TMEM256",0.984151998612382
"TMEM258",0.989809831071895
"TMEM259",0.904102224600005
"TMEM26",0.9999201172476
"TMEM260",0.255994318536186
"TMEM262",0.108414397192149
"TMEM263",0.0270757812902231
"TMEM265",0.154303147007773
"TMEM30A",0.00186204168714356
"TMEM30B",0.910345687537456
"TMEM31",0.528909399337442
"TMEM33",0.797652687440412
"TMEM35A",NA
"TMEM37",5.05597043331014e-07
"TMEM38A",0.703790464882252
"TMEM38B",0.973515754040754
"TMEM39A",0.84692670716528
"TMEM39B",0.99969160196873
"TMEM40",0.14621198914764
"TMEM41A",0.563254981226128
"TMEM41B",0.950147531723586
"TMEM42",0.549030966061526
"TMEM43",0.339866450570772
"TMEM44",0.52048418500578
"TMEM45A",0.4723471819851
"TMEM45B",0.596993754831167
"TMEM47",0.52429201850349
"TMEM50A",0.0725424650561927
"TMEM50B",0.710463190471456
"TMEM51",0.186384629168858
"TMEM52",0.00551072377635574
"TMEM52B",4.31301060688545e-07
"TMEM53",0.497957863873624
"TMEM54",0.164011662904451
"TMEM59",0.00248979094648162
"TMEM59L",0.811655440037935
"TMEM60",0.811879263621219
"TMEM61",0.591509829155426
"TMEM62",0.998475390540935
"TMEM63A",0.888058933513854
"TMEM63B",0.445584662033893
"TMEM63C",0.499012715322878
"TMEM64",0.420583177736427
"TMEM65",0.976134860455879
"TMEM67",0.0645629133506156
"TMEM68",0.507820673960343
"TMEM69",0.770403469758698
"TMEM70",0.0978699900888516
"TMEM71",0.00024579766231929
"TMEM72",0.900844931286236
"TMEM74",1.36639508702834e-05
"TMEM74B",0.192422310808769
"TMEM78",0.726027774921319
"TMEM79",0.531607310760152
"TMEM80",0.915604546909717
"TMEM81",0.0804016395236646
"TMEM82",0.970858126504575
"TMEM86A",8.5596595395096e-08
"TMEM86B",0.13022657421652
"TMEM87A",0.718141112885726
"TMEM87B",0.971702987984315
"TMEM88",0.722506807911776
"TMEM88B",0.437825488839699
"TMEM89",0.117054721117666
"TMEM8A",0.00221835932324359
"TMEM8B",0.991372847942698
"TMEM9",0.582683317114016
"TMEM91",0.0136218046391857
"TMEM92",0.999988778005562
"TMEM94",NA
"TMEM95",0.924927115084016
"TMEM97",0.172845643206177
"TMEM98",0.057698602789972
"TMEM9B",0.000124673756655242
"TMF1",0.515749944343163
"TMIE",0.737526134155528
"TMIGD1",0.951700483142775
"TMIGD2",0.87016367893184
"TMLHE",0.984748171470392
"TMOD1",0.000859177877798584
"TMOD2",0.0198482278772743
"TMOD3",0.999246864732266
"TMOD4",0.73605154585138
"TMPO",0.0775313975872821
"TMPPE",0.231144654419936
"TMPRSS11A",0.828797898502741
"TMPRSS11B",0.7286359803146
"TMPRSS11D",0.180116459618509
"TMPRSS11E",0.95782583986432
"TMPRSS11F",0.792275844161893
"TMPRSS12",0.890662558808653
"TMPRSS13",0.0589177875572421
"TMPRSS15",0.819027376149256
"TMPRSS2",0.910613158607651
"TMPRSS3",0.746132781083928
"TMPRSS4",0.473192436233985
"TMPRSS5",0.999720563162723
"TMPRSS6",0.593751415821541
"TMPRSS7",0.197496254753125
"TMPRSS9",0.992900271155625
"TMSB10",0.51882431789234
"TMSB15A",0.469412908294158
"TMSB15B",0.00342915944913017
"TMSB4X",0.00220573337265178
"TMSB4Y",0.950415713147449
"TMTC1",0.917316740383249
"TMTC2",0.406219023352267
"TMTC3",0.176835364873999
"TMTC4",0.00300444753181381
"TMUB1",0.977021255321022
"TMUB2",0.956703834703452
"TMX1",0.141275940895119
"TMX2",0.423359841324672
"TMX3",0.486704076303115
"TMX4",0.705223842974366
"TNC",0.200365810394239
"TNF",0.00282105837008322
"TNFAIP1",0.996594906738188
"TNFAIP2",0.683657199255692
"TNFAIP3",0.044897842180784
"TNFAIP6",0.00851862664934793
"TNFAIP8",0.152889186971508
"TNFAIP8L1",0.903959241737182
"TNFAIP8L2",5.64063550743186e-16
"TNFAIP8L3",0.00492367946136046
"TNFRSF10A",0.299051788732855
"TNFRSF10B",0.186331901403596
"TNFRSF10C",0.00183457588937964
"TNFRSF10D",0.0452502092650891
"TNFRSF11A",0.000728558973470836
"TNFRSF11B",0.793610767662068
"TNFRSF12A",0.000579415376925501
"TNFRSF13B",0.985947305730626
"TNFRSF13C",0.0658955287941541
"TNFRSF14",0.0226838266205156
"TNFRSF17",0.918470155492732
"TNFRSF18",0.837001887212032
"TNFRSF19",0.945344906682942
"TNFRSF1A",2.46998845488323e-12
"TNFRSF1B",1.77758728581259e-14
"TNFRSF21",0.00118130127598367
"TNFRSF25",0.00241076312992503
"TNFRSF4",0.442993747480044
"TNFRSF6B",0.00207494671708464
"TNFRSF8",0.0302224097419731
"TNFRSF9",0.994162537220002
"TNFSF10",0.0269220252222438
"TNFSF11",0.86331926287493
"TNFSF12",7.38115324146487e-09
"TNFSF12-TNFSF13",0.000457773693056878
"TNFSF13",2.15156113744854e-07
"TNFSF13B",1.69435509395067e-13
"TNFSF14",0.383681389165835
"TNFSF15",0.952591986200917
"TNFSF18",0.21565727787011
"TNFSF4",0.811435269570326
"TNFSF8",3.56406636882049e-15
"TNFSF9",0.990777740918845
"TNIK",0.532970584680678
"TNIP1",0.440832932671152
"TNIP2",0.013450721273579
"TNIP3",0.586138140918848
"TNK1",6.8280782919957e-05
"TNK2",0.996241445471345
"TNKS",0.999114072934935
"TNKS1BP1",0.286757187891634
"TNKS2",0.746490658812074
"TNMD",0.841861236611818
"TNN",0.827120475361738
"TNNC1",0.691773604563287
"TNNC2",0.78133295214418
"TNNI1",0.33657978031736
"TNNI2",0.0500658682314603
"TNNI3",0.0586544697662395
"TNNI3K",0.22580284997183
"TNNT1",0.184500956932296
"TNNT2",0.46950783430337
"TNNT3",0.644792492069953
"TNP1",0.186940930079327
"TNP2",0.933254892363415
"TNPO1",0.99893046248849
"TNPO2",0.0164712842301351
"TNPO3",0.861660313969201
"TNR",0.157542203614006
"TNRC18",0.600899613585809
"TNRC6A",0.12447109507783
"TNRC6B",0.683565494475821
"TNRC6C",0.823891068982697
"TNS1",0.410033115329436
"TNS2",0.374961414647377
"TNS3",0.00663720963386335
"TNS4",0.0118080657807553
"TNXB",0.874818927524214
"TOB1",0.89791414451859
"TOB2",0.318925851580849
"TOE1",0.978232208832934
"TOLLIP",0.808425069900938
"TOM1",0.916868835498245
"TOM1L1",0.983464003406346
"TOM1L2",0.99999862861556
"TOMM20",0.721493361709581
"TOMM20L",0.972564010854353
"TOMM22",0.979206181434014
"TOMM34",0.900601418877336
"TOMM40",0.998995662439487
"TOMM40L",0.238624667340523
"TOMM5",0.947408323652252
"TOMM6",0.755846862992768
"TOMM7",0.991702404326461
"TOMM70",NA
"TONSL",0.00532327189730727
"TOP1",0.963424012317717
"TOP1MT",0.845460779562266
"TOP2A",0.347622720507955
"TOP2B",0.00561436939151039
"TOP3A",0.436444853941869
"TOP3B",0.126195088112335
"TOPAZ1",0.947931055388937
"TOPBP1",0.39408820015274
"TOPORS",0.924547401955882
"TOR1A",0.358894361743333
"TOR1AIP1",0.121139789282702
"TOR1AIP2",0.383415042520336
"TOR1B",0.817870242107111
"TOR2A",0.796871728808768
"TOR3A",0.313297197885876
"TOR4A",0.000677999882991876
"TOX",0.476941874575873
"TOX2",0.342779650675259
"TOX3",0.0138621284337333
"TOX4",0.871398558788944
"TP53",0.700753187629041
"TP53AIP1",0.0152421696116548
"TP53BP1",0.00102967851133722
"TP53BP2",0.300479835425496
"TP53I11",0.87793314856953
"TP53I13",0.908419208931556
"TP53I3",0.000265703376144219
"TP53INP1",0.966291907160851
"TP53INP2",0.965092861873566
"TP53RK",0.697268869560412
"TP53TG3",0.111032079704733
"TP53TG3B",0.403338556732285
"TP53TG3C",0.513718693141841
"TP53TG3D",0.0277662133579173
"TP53TG5",0.00695251858325118
"TP63",0.0538581019311966
"TP73",4.94979856903445e-06
"TPBG",0.975775523557221
"TPBGL",0.643023189434077
"TPCN1",0.155785239731451
"TPCN2",0.99771754506662
"TPD52",0.987602274429661
"TPD52L1",0.999463579496573
"TPD52L2",0.946921648049243
"TPD52L3",0.950822467813035
"TPGS1",0.896520889933825
"TPGS2",0.688532770310733
"TPH1",0.864611055167593
"TPH2",0.145912975708405
"TPI1",0.876718479568835
"TPK1",0.313651716260865
"TPM1",0.979471713500405
"TPM2",0.57205740366609
"TPM3",0.452608358470261
"TPM4",0.979562234971786
"TPMT",0.644317456780818
"TPO",0.99979545655626
"TPP1",9.61846333422019e-12
"TPP2",0.974040367260608
"TPPP",0.681503376263994
"TPPP2",0.337167277730453
"TPPP3",0.870699486398879
"TPR",0.214357046523636
"TPRA1",0.999540069773316
"TPRG1",0.0601567682459222
"TPRG1L",0.699770325072898
"TPRKB",0.62426571084016
"TPRN",0.142198887635768
"TPRX1",0.854965920728937
"TPSAB1",0.99012829199586
"TPSB2",0.998173335173645
"TPSD1",0.908121392372565
"TPSG1",0.556906046337113
"TPST1",1.96889278268693e-07
"TPST2",0.288028631676788
"TPT1",0.521055892901612
"TPTE",0.931687241370792
"TPTE2",0.746416052875629
"TPTEP2-CSNK1E",NA
"TPX2",0.496723852639373
"TRA2A",0.136493048611623
"TRA2B",0.92681266922416
"TRABD",0.993596497556961
"TRABD2A",0.889498080899537
"TRABD2B",0.767310502735392
"TRADD",0.390823888036955
"TRAF1",0.994904759175699
"TRAF2",0.234893909046445
"TRAF3",0.13729911776958
"TRAF3IP1",0.127683473039009
"TRAF3IP2",0.381474335354423
"TRAF3IP3",9.29188582872111e-09
"TRAF4",0.72224621659855
"TRAF5",0.698706391920925
"TRAF6",0.17874914968901
"TRAF7",0.891802434091445
"TRAFD1",0.938559456156702
"TRAIP",0.0127645614303836
"TRAK1",0.869889356801196
"TRAK2",0.92714008025279
"TRAM1",0.12918063733346
"TRAM1L1",0.955147875084392
"TRAM2",5.03080005449677e-05
"TRANK1",0.00246118521564441
"TRAP1",0.060824194433759
"TRAPPC1",0.00651219086900421
"TRAPPC10",0.62586672803575
"TRAPPC11",0.474734078439251
"TRAPPC12",0.189589303514407
"TRAPPC13",0.988697548209971
"TRAPPC2",0.0861293419987113
"TRAPPC2B",0.947268009527476
"TRAPPC2L",0.94337322198562
"TRAPPC3",0.334563124948873
"TRAPPC3L",0.927300727441393
"TRAPPC4",0.836813456062624
"TRAPPC5",0.901927147887077
"TRAPPC6A",0.176826842540004
"TRAPPC6B",0.68264509152178
"TRAPPC8",0.906682446935326
"TRAPPC9",0.979556392581947
"TRAT1",0.581372156131158
"TRDMT1",0.626311851407326
"TRDN",0.77477634380022
"TREH",0.881908493537549
"TREM1",0.180012134615142
"TREM2",1.01027461484539e-17
"TREML1",0.000643728413558496
"TREML2",0.999998204921093
"TREML4",0.905538847256685
"TRERF1",0.81338075364976
"TREX1",0.999894025558781
"TREX2",0.580634421478808
"TRH",0.489490201639487
"TRHDE",0.418838460474757
"TRHR",0.905186314613599
"TRIAP1",0.616986510442502
"TRIB1",0.0394446130326822
"TRIB2",0.0335212158781181
"TRIB3",0.929200670334477
"TRIL",0.955715748032017
"TRIM10",0.933871414645145
"TRIM11",0.0719327435715002
"TRIM13",0.0886952008349969
"TRIM14",4.6683928676119e-12
"TRIM15",0.867931941482888
"TRIM16",0.701627238853078
"TRIM16L",0.986921074909459
"TRIM17",0.000181214805669623
"TRIM2",0.211474521238189
"TRIM21",4.99133321947492e-06
"TRIM22",9.44957234194476e-08
"TRIM23",0.864292854581886
"TRIM24",0.608311887064832
"TRIM25",0.127082321620064
"TRIM26",0.811450491263103
"TRIM27",0.978854119354424
"TRIM28",0.0115401553312409
"TRIM29",6.59884010732067e-06
"TRIM3",0.807296886250154
"TRIM31",0.350085841156554
"TRIM32",0.911996118096616
"TRIM33",0.000249637262645838
"TRIM34",0.000127906576968771
"TRIM35",0.997904653232866
"TRIM36",0.0559154751923552
"TRIM37",9.59140071433295e-05
"TRIM38",7.10298458359206e-08
"TRIM39",0.77947513143244
"TRIM39-RPP21",0.933575145950995
"TRIM4",0.206345955513193
"TRIM40",0.953865719685434
"TRIM41",0.888756464137726
"TRIM42",0.943861830198659
"TRIM43",0.718750268590805
"TRIM43B",0.727577022534733
"TRIM44",0.908390581170247
"TRIM45",0.0208900386215718
"TRIM46",0.579073272925584
"TRIM47",9.49307504403533e-07
"TRIM48",0.987902497943042
"TRIM49",0.785752899656579
"TRIM49B",0.817188700068438
"TRIM49C",0.823718313817848
"TRIM49D1",0.902850498169803
"TRIM49D2",0.821752800517322
"TRIM5",0.0452026877843991
"TRIM50",0.956793200401316
"TRIM51",0.741089844484061
"TRIM52",0.00131564343008792
"TRIM54",0.518037109059943
"TRIM55",0.926538663837238
"TRIM56",0.00432077418381748
"TRIM58",0.836687452101969
"TRIM59",0.0619448625670022
"TRIM6",0.537721045694917
"TRIM6-TRIM34",0.894625872051999
"TRIM60",0.950437545627923
"TRIM61",0.199732177171352
"TRIM62",0.615825783200581
"TRIM63",0.778578100784671
"TRIM64",0.943010666578312
"TRIM64B",0.792238885807483
"TRIM64C",0.959832814737274
"TRIM65",0.982780021891238
"TRIM66",0.0894568150739747
"TRIM67",0.992141682042263
"TRIM68",0.992273114907787
"TRIM69",9.79866615752399e-06
"TRIM7",0.954659694692587
"TRIM71",0.3057150432692
"TRIM72",0.35745425406365
"TRIM73",0.000930900354345625
"TRIM74",0.0579336558523065
"TRIM77",0.943225967906013
"TRIM8",0.660063331887786
"TRIM9",0.0725134474638309
"TRIML1",0.95894599776034
"TRIML2",0.93250237577396
"TRIO",0.544942096770639
"TRIOBP",0.199439817463846
"TRIP10",0.86499441745294
"TRIP11",0.950307233212404
"TRIP12",0.833917323783765
"TRIP13",0.276959959820853
"TRIP4",0.955651163653768
"TRIP6",0.532649966037583
"TRIQK",0.996161389405588
"TRIR",NA
"TRIT1",0.00104122858362769
"TRMT1",0.132613695624679
"TRMT10A",0.0109663075932227
"TRMT10B",0.000548309002385299
"TRMT10C",0.859131202825872
"TRMT11",0.0653911524184858
"TRMT112",0.93025679284737
"TRMT12",0.191421368199786
"TRMT13",0.543700017267093
"TRMT1L",0.97903313813869
"TRMT2A",0.387527418451169
"TRMT2B",0.93916548109577
"TRMT44",0.0565856764735848
"TRMT5",0.964504215519931
"TRMT6",0.32696631344562
"TRMT61A",0.642476135582616
"TRMT61B",0.308803085522702
"TRMU",0.0103407648958946
"TRNAU1AP",0.243227286059145
"TRNP1",0.436738831224997
"TRNT1",0.997790844007911
"TRO",0.104085705516232
"TROAP",0.457796559352555
"TROVE2",NA
"TRPA1",0.902898952158522
"TRPC1",0.000125889896823379
"TRPC3",0.998073985123135
"TRPC4",0.988971845133979
"TRPC4AP",0.368287825494251
"TRPC5",0.166807259978273
"TRPC5OS",0.994509868288013
"TRPC6",0.879287452291119
"TRPC7",0.649631825014945
"TRPM1",0.721017238529128
"TRPM2",5.3772858886211e-12
"TRPM3",0.18662295542101
"TRPM4",0.511719455518466
"TRPM5",0.572275364789989
"TRPM6",0.999974008906712
"TRPM7",0.462132534435822
"TRPM8",2.12776863016648e-07
"TRPS1",0.862040649690413
"TRPT1",0.643639882597687
"TRPV1",2.93538051822046e-05
"TRPV2",0.000111154034857487
"TRPV3",0.687313746151592
"TRPV4",0.859716446345052
"TRPV5",0.486748774898592
"TRPV6",0.000645524547215708
"TRRAP",0.133142996935964
"TRUB1",0.958428940271738
"TRUB2",0.976722848265286
"TSACC",0.835141161997111
"TSC1",0.117441803597441
"TSC2",0.0911189203249778
"TSC22D1",0.358940279267551
"TSC22D2",0.111333209873892
"TSC22D3",0.87745399518541
"TSC22D4",0.0487769717692093
"TSEN15",0.837307304204971
"TSEN2",4.34424836528662e-07
"TSEN34",0.905149921139001
"TSEN54",0.0290158395967949
"TSFM",0.889074194051583
"TSG101",0.56188714726447
"TSGA10",0.000247073563382389
"TSGA10IP",0.991599333283381
"TSGA13",0.82830480514184
"TSHB",0.992937976042819
"TSHR",0.0476901789817209
"TSHZ1",0.989182881108975
"TSHZ2",0.98083584177172
"TSHZ3",0.958219463291918
"TSKS",0.903034085117359
"TSKU",0.997805112752188
"TSLP",0.939607581151296
"TSN",0.926269959731545
"TSNARE1",0.0865292169657874
"TSNAX",0.989740699159019
"TSNAXIP1",0.00268565695295197
"TSPAN1",0.912752616615803
"TSPAN10",0.990252630966902
"TSPAN11",0.431355933732213
"TSPAN12",0.535014414735114
"TSPAN13",0.965092918870083
"TSPAN14",0.248858217731079
"TSPAN15",0.968256311676944
"TSPAN16",0.969138810856355
"TSPAN17",0.911272026353979
"TSPAN18",0.0862286025643476
"TSPAN19",0.0597451460768222
"TSPAN2",0.283378895832883
"TSPAN3",0.820909404219001
"TSPAN31",0.0474442483863568
"TSPAN32",0.850498954071788
"TSPAN33",0.983733779151275
"TSPAN4",0.999572560393676
"TSPAN5",0.212081094115194
"TSPAN6",0.999367230669715
"TSPAN7",0.498408848021846
"TSPAN8",0.665979938732336
"TSPAN9",0.290053063817578
"TSPEAR",0.136397851452842
"TSPO",0.0111557369191368
"TSPO2",0.677344493749463
"TSPY1",0.944983044869309
"TSPY10",0.953254096350244
"TSPY2",0.962951523068392
"TSPY3",0.940270046639575
"TSPY4",0.94113407743495
"TSPY8",0.96483410657444
"TSPYL1",0.722469005906585
"TSPYL2",0.900091431946478
"TSPYL4",0.147667909984646
"TSPYL5",0.995538054766342
"TSPYL6",0.548266449548356
"TSR1",0.683791567991959
"TSR2",0.999999965193789
"TSR3",0.991637283292896
"TSSC4",0.709682073995215
"TSSK1B",0.663866746397601
"TSSK2",0.824447434632543
"TSSK3",0.00772278675803269
"TSSK4",0.0906852615524077
"TSSK6",0.406598973258995
"TST",0.949965972748445
"TSTA3",0.966106325908742
"TSTD1",0.803936380996886
"TSTD2",0.718175908205784
"TSTD3",0.537200705671392
"TTBK1",0.425777132077197
"TTBK2",0.108962078053615
"TTC1",0.69590827621268
"TTC12",0.322527089062492
"TTC13",0.924223649510933
"TTC14",0.150566442951366
"TTC16",0.972610484499742
"TTC17",0.166149333827061
"TTC19",0.0298700807438182
"TTC21A",0.0342253133570602
"TTC21B",0.0646491532330333
"TTC22",0.0063051316716443
"TTC23",0.838195528620331
"TTC23L",0.0114247308268135
"TTC24",0.998883799109314
"TTC25",0.0274821912818897
"TTC26",0.230249154681642
"TTC27",0.941499181269333
"TTC28",0.378294244309164
"TTC29",0.0354613547462351
"TTC3",0.000614444883433578
"TTC30A",0.607996861895311
"TTC30B",0.120014434914664
"TTC31",0.770016413126189
"TTC32",0.00111474352335962
"TTC33",0.00921689158286247
"TTC34",0.00603361982855233
"TTC36",0.119364842083669
"TTC37",0.903365981254693
"TTC38",0.077552221774853
"TTC39A",0.0812930141709546
"TTC39B",0.0104748461499033
"TTC39C",0.942172609779844
"TTC4",0.706229046378454
"TTC5",0.00374396207244385
"TTC6",0.0335881203919225
"TTC7A",0.489524995312783
"TTC7B",0.0149049282036548
"TTC8",0.898301536711867
"TTC9",0.599134760504105
"TTC9B",0.96819745925277
"TTC9C",0.98948155029458
"TTF1",0.079106430192387
"TTF2",0.963089447736891
"TTI1",0.0174489900270633
"TTI2",0.830862050307043
"TTK",0.147279698784966
"TTL",0.58353089362521
"TTLL1",0.220920710400223
"TTLL10",0.177285388173499
"TTLL11",0.573648226703244
"TTLL12",0.078684914363075
"TTLL2",0.910407040919664
"TTLL3",0.200452296057019
"TTLL4",0.86918475368189
"TTLL5",8.59319162550311e-05
"TTLL6",0.901876729579709
"TTLL7",0.501534782283705
"TTLL8",0.938037268889939
"TTLL9",0.0679764522399445
"TTN",0.221231762100087
"TTPA",0.0431712129258411
"TTPAL",0.182228941642325
"TTR",0.750834425676199
"TTYH1",0.557631601964796
"TTYH2",0.889454788488465
"TTYH3",0.386769427750485
"TUB",0.00680542278618329
"TUBA1A",0.935425560702652
"TUBA1B",0.970989410091427
"TUBA1C",0.945453751079613
"TUBA3C",0.947991861211955
"TUBA3D",0.0254077762766404
"TUBA3E",0.277874176220623
"TUBA4A",0.972345755862637
"TUBA4B",0.23581741120002
"TUBA8",0.0230079997302182
"TUBAL3",0.822984619546723
"TUBB",0.670448856539593
"TUBB1",0.981916355026789
"TUBB2A",0.997031114933428
"TUBB2B",0.295692675094117
"TUBB3",0.881041549558962
"TUBB4A",0.999264978055918
"TUBB4B",0.00141873509411558
"TUBB6",0.103297863781127
"TUBB8",0.476483529261051
"TUBB8P12",0.411952108720765
"TUBD1",0.273264274173996
"TUBE1",0.0596738049294496
"TUBG1",0.486629761825646
"TUBG2",0.999764675566962
"TUBGCP2",0.675754607745035
"TUBGCP3",0.525294695481277
"TUBGCP4",0.186152549564742
"TUBGCP5",0.0105198379216027
"TUBGCP6",0.0638025245745363
"TUFM",0.979328926052706
"TUFT1",0.0699042090872669
"TULP1",0.312973297221711
"TULP2",0.997134153569089
"TULP3",0.219914341334514
"TULP4",0.177901752186108
"TUSC1",0.135380644364589
"TUSC2",0.97060347159423
"TUSC3",0.261296827246283
"TUT1",0.0272285716540253
"TVP23A",0.00018226476023363
"TVP23B",0.761567153627589
"TVP23C",0.612067402303877
"TVP23C-CDRT4",0.822667543183537
"TWF1",0.0584243674245685
"TWF2",0.0119418624050849
"TWIST1",0.775632707495131
"TWIST2",0.975156828257898
"TWISTNB",0.965646007890244
"TWSG1",0.25628783572737
"TXK",0.982359287578058
"TXLNA",0.02443940607105
"TXLNB",0.146790699911994
"TXLNG",0.346313834327731
"TXN",0.903810750889297
"TXN2",0.270372172576699
"TXNDC11",0.999018119882572
"TXNDC12",0.262704436804453
"TXNDC15",9.5203012072738e-06
"TXNDC16",0.185757347717643
"TXNDC17",0.195295031217778
"TXNDC2",0.0895129432524321
"TXNDC5",0.0228673259259213
"TXNDC8",0.952102660871466
"TXNDC9",0.909710289825376
"TXNIP",0.611928313519085
"TXNL1",0.999596059443342
"TXNL4A",0.685117036859955
"TXNL4B",0.774963664122879
"TXNRD1",0.895176215995709
"TXNRD2",0.998963037911842
"TXNRD3",0.446982334938062
"TYK2",0.781659556417502
"TYMP",0.000192902619409961
"TYMS",0.874890330591979
"TYMSOS",0.652558167626393
"TYR",0.997733709584187
"TYRO3",0.0394610479758455
"TYROBP",1.96567570272776e-19
"TYRP1",0.859309934561489
"TYSND1",0.949011548742888
"TYW1",0.897625128417975
"TYW1B",0.251841814601821
"TYW3",0.62085222627776
"TYW5",0.742561718101743
"U2AF1",0.64857853059115
"U2AF1L4",0.734202319962297
"U2AF1L5",NA
"U2AF2",0.468336767139137
"U2SURP",0.0481042397269197
"UACA",0.999481752519324
"UAP1",0.88120788489586
"UAP1L1",0.986520026854626
"UBA1",0.965907756500038
"UBA2",0.285577086285979
"UBA3",0.998360108499105
"UBA5",0.473704134399921
"UBA52",0.999975528906179
"UBA6",0.993610910750537
"UBA7",0.000160887592898233
"UBAC1",0.758380925302606
"UBAC2",0.726993105489988
"UBALD1",0.567173014601497
"UBALD2",0.000240348438586818
"UBAP1",0.912285835538494
"UBAP1L",0.00603965161553404
"UBAP2",0.000150057974350624
"UBAP2L",0.530377029816246
"UBASH3A",0.102930491420966
"UBASH3B",0.0216974215864126
"UBB",0.995594544058662
"UBC",0.125984991898659
"UBD",0.361609132196402
"UBE2A",0.0157179255577585
"UBE2B",0.998909332613423
"UBE2C",0.642063680647158
"UBE2D1",0.999914850275762
"UBE2D2",0.933229473411473
"UBE2D3",0.982282039328096
"UBE2D4",0.0291848729775061
"UBE2E1",0.133093917684131
"UBE2E2",0.203649011682819
"UBE2E3",0.188387405088035
"UBE2F",0.383171396531132
"UBE2G1",0.776175417447476
"UBE2G2",0.437869057622264
"UBE2H",0.528663983551771
"UBE2I",0.139700599233153
"UBE2J1",0.978352321312952
"UBE2J2",0.641399551007491
"UBE2K",0.980610092157745
"UBE2L3",0.209630205070521
"UBE2L6",4.90501997837694e-09
"UBE2M",0.886344995906048
"UBE2N",0.982197403431344
"UBE2NL",0.964294058233648
"UBE2O",0.000691567979273412
"UBE2Q1",0.990707958418075
"UBE2Q2",0.0788136902191018
"UBE2Q2L",0.996593876382013
"UBE2QL1",0.00935354595266004
"UBE2R2",0.550782813352829
"UBE2S",0.689436876720768
"UBE2T",0.0578560128607036
"UBE2U",0.509461400520576
"UBE2V1",0.649227731895261
"UBE2V2",0.735952645757417
"UBE2W",0.998895452205445
"UBE2Z",0.434067545457017
"UBE3A",0.0132662972752998
"UBE3B",0.989573182516568
"UBE3C",0.522998017099651
"UBE3D",0.203714551197302
"UBE4A",0.732725629065062
"UBE4B",0.031681162514014
"UBFD1",0.944089464376082
"UBIAD1",0.913191713311614
"UBL3",0.614198477836453
"UBL4A",0.718823026005667
"UBL4B",0.635717109314231
"UBL5",0.988148816933651
"UBL7",0.998399280497154
"UBLCP1",0.994226963154752
"UBN1",0.0818740167006112
"UBN2",0.00181131500184605
"UBOX5",0.950229014100273
"UBP1",0.0190485919470661
"UBQLN1",0.954265665144636
"UBQLN2",0.9524128463888
"UBQLN3",0.852893896773117
"UBQLN4",0.237654964582177
"UBQLNL",0.99662818553485
"UBR1",0.956323159073723
"UBR2",0.961261950921053
"UBR3",0.246645842511184
"UBR4",0.259981228964924
"UBR5",0.653582880312198
"UBR7",0.856886215402465
"UBTD1",0.00044387397955108
"UBTD2",0.0860170687774381
"UBTF",0.0538336245289561
"UBTFL1",0.92522429052758
"UBXN1",0.753625815201205
"UBXN10",0.965189074695251
"UBXN11",0.00835321451717039
"UBXN2A",0.993853503620257
"UBXN2B",0.782426065881356
"UBXN4",0.849079471792653
"UBXN6",0.903983194296633
"UBXN7",0.173162417807165
"UBXN8",0.648066807507996
"UCHL1",0.97176695102834
"UCHL3",0.836280338719516
"UCHL5",0.197509084553206
"UCK1",0.186870156444199
"UCK2",0.979953441969232
"UCKL1",0.00244733632961005
"UCMA",0.928575609611411
"UCN",0.0704485952654193
"UCN2",0.359178666377165
"UCN3",0.660912533222443
"UCP1",0.657510769436438
"UCP2",0.0218515929577727
"UCP3",0.0391639654126723
"UEVLD",0.0353552221404999
"UFC1",0.995465785631685
"UFD1",NA
"UFL1",0.959072252709603
"UFM1",0.986596145120978
"UFSP1",0.282084127816242
"UFSP2",0.983389168710974
"UGCG",0.149184923700207
"UGDH",0.785318974522822
"UGGT1",0.154851502237026
"UGGT2",0.962522298746356
"UGP2",0.0583650997351602
"UGT1A1",0.914326786527592
"UGT1A10",0.908911030222459
"UGT1A3",0.898170445770416
"UGT1A4",0.933056511580122
"UGT1A5",0.930406413085893
"UGT1A6",0.372960936636817
"UGT1A7",0.898020025154995
"UGT1A8",0.915751646313065
"UGT1A9",0.95181335860264
"UGT2A1",0.979785734102028
"UGT2A2",0.977957874333038
"UGT2A3",0.932624002222969
"UGT2B10",0.95405114662233
"UGT2B11",0.916785500666344
"UGT2B15",0.97522596499498
"UGT2B17",0.989571078854063
"UGT2B28",0.943322627274527
"UGT2B4",0.889591566933117
"UGT2B7",0.900984731546291
"UGT3A1",0.734136875626668
"UGT3A2",0.69826176794635
"UGT8",0.578410910977382
"UHMK1",0.134943577279181
"UHRF1",0.749502975924465
"UHRF1BP1",0.999999180196766
"UHRF1BP1L",0.986329156173631
"UHRF2",0.966308631368496
"UIMC1",3.43648690972537e-05
"ULBP1",0.609447653927756
"ULBP2",0.85321773387823
"ULBP3",0.999987483373648
"ULK1",0.000945350198469912
"ULK2",0.0646641521129697
"ULK3",0.0373911348957794
"ULK4",0.0871157477174406
"UMAD1",0.999990878333188
"UMOD",0.950775186226539
"UMODL1",0.528121059537499
"UMPS",0.336414258715295
"UNC119",0.12434911201793
"UNC119B",0.538761264883021
"UNC13A",0.5822418263703
"UNC13B",0.937432118362789
"UNC13C",0.00503731058278385
"UNC13D",0.129538847808277
"UNC45A",0.769414163558468
"UNC45B",0.993513465308763
"UNC50",0.871302514681827
"UNC5A",0.503492853403398
"UNC5B",0.997125854448044
"UNC5C",0.960415195756826
"UNC5CL",0.423929216119479
"UNC5D",0.937933068328892
"UNC79",0.994530431044608
"UNC80",0.487305669880133
"UNC93A",0.856278289162251
"UNC93B1",2.83747176690423e-07
"UNCX",0.0406611861594763
"UNG",0.0799006611470797
"UNK",0.342650867631205
"UNKL",0.0604946838121793
"UPB1",0.94928933369098
"UPF1",0.40384268285295
"UPF2",0.00137947079711806
"UPF3A",0.000104614640746149
"UPF3B",0.00230148455604681
"UPK1A",0.862763775610955
"UPK1B",0.917847046611052
"UPK2",0.0204693277793346
"UPK3A",0.757468574530327
"UPK3B",0.724352898375476
"UPP1",0.00018237472444441
"UPP2",0.500674266344548
"UPRT",0.233776120118147
"UQCC1",0.521085865842982
"UQCC2",0.874689196983475
"UQCC3",0.958984167184477
"UQCR10",0.104017808509108
"UQCR11",0.31716775917528
"UQCRB",0.916309743401609
"UQCRC1",0.967888042412514
"UQCRC2",0.601695461170603
"UQCRFS1",0.985098859388359
"UQCRH",0.391440337066391
"UQCRHL",0.0203807072179671
"UQCRQ",0.78137451989921
"URAD",0.873808352105284
"URB1",0.887912785859087
"URB2",0.426985726886145
"URGCP",0.703356035526165
"URGCP-MRPS24",0.986816574542804
"URI1",4.37617760579592e-05
"URM1",0.102833229617471
"UROC1",0.684830587959157
"UROD",0.275560821694561
"UROS",0.782779287589442
"USB1",0.0477507710018823
"USE1",0.859642515359221
"USF1",0.437062063160538
"USF2",0.838190239099149
"USH1C",0.449941457661219
"USH1G",0.00841529105191861
"USH2A",0.467056206057806
"USHBP1",0.794132346636393
"USO1",0.99388603293652
"USP1",0.0373146462599725
"USP10",0.688033302475686
"USP11",0.629640718789992
"USP12",0.960545573732071
"USP13",0.749548487489773
"USP14",0.975991981216457
"USP15",0.740138503978771
"USP16",0.998390093114602
"USP17L1",0.958074216353685
"USP17L10",0.937135419893791
"USP17L11",0.366850383407673
"USP17L12",0.949565356600633
"USP17L13",0.961952906337346
"USP17L15",0.973291938169892
"USP17L17",0.945475938215703
"USP17L18",0.95196707954465
"USP17L19",0.962027525860423
"USP17L2",0.667170274570345
"USP17L20",0.94581274963089
"USP17L21",0.952635704003605
"USP17L22",0.667865556608205
"USP17L23",0.94280744070951
"USP17L24",0.962027525860423
"USP17L25",0.962027525860423
"USP17L26",0.962027525860423
"USP17L27",0.962027525860423
"USP17L28",0.962027525860423
"USP17L29",0.962027525860423
"USP17L3",0.819400960926194
"USP17L30",0.962027525860423
"USP17L4",0.662507276271772
"USP17L5",0.963840226080603
"USP17L7",0.6193312792596
"USP17L8",0.903379592603686
"USP18",0.517484986315723
"USP19",0.148845771961182
"USP2",0.547547619484006
"USP20",0.13908037004489
"USP21",0.00147511329494896
"USP22",0.00687057459304119
"USP24",0.899172929372509
"USP25",0.201213114129032
"USP26",0.912145541584649
"USP27X",0.322358392847019
"USP28",0.306348884902177
"USP29",0.686649323170083
"USP3",0.392122308778
"USP30",0.618976362890071
"USP31",0.00675809283901199
"USP32",0.998969260585822
"USP33",0.0292563688772803
"USP34",0.0279623256185807
"USP35",0.907767630315783
"USP36",0.195511575154148
"USP37",0.0024267036566198
"USP38",0.73817622226749
"USP39",0.805275183228499
"USP4",0.46282360319759
"USP40",0.810558809506244
"USP41",0.938540818985612
"USP42",0.051257505422868
"USP43",0.291631596951143
"USP44",0.155765013019703
"USP45",0.142936498053253
"USP46",0.994749563153473
"USP47",0.494151035699901
"USP48",0.00171525361226411
"USP49",0.0147737711012865
"USP5",0.893605032375339
"USP50",0.999519898771954
"USP51",0.442115997648718
"USP53",0.553299626129336
"USP54",0.880119232408859
"USP6",0.718399844886085
"USP6NL",0.27024024543332
"USP7",0.0255674107042414
"USP8",0.995587095192422
"USP9X",0.995845087196575
"USP9Y",0.945378199105136
"USPL1",0.348994362467913
"UST",0.787413380523616
"UTF1",0.999933863357586
"UTP14A",0.9657547076164
"UTP14C",0.916522991179204
"UTP15",0.999260715838869
"UTP18",0.9768933839976
"UTP20",0.998384555558228
"UTP23",0.447431690669226
"UTP3",0.998747059215125
"UTP6",0.688126823639777
"UTRN",0.00248192526317415
"UTS2",0.95232957285535
"UTS2B",0.881486378689274
"UTS2R",0.412619972912524
"UTY",0.985571824256153
"UVRAG",0.866180428108398
"UVSSA",0.453849307564768
"UXS1",0.999934312463901
"UXT",0.989608914719087
"VAC14",0.874243463637664
"VAMP1",0.886725950180213
"VAMP2",0.9490308511014
"VAMP3",0.000654858339869059
"VAMP4",0.80059245385939
"VAMP5",1.58590092685002e-10
"VAMP7",0.0181515665675768
"VAMP8",2.66941694919502e-10
"VANGL1",0.787056801087513
"VANGL2",0.0605362960624479
"VAPA",0.68705541265991
"VAPB",0.987307222719006
"VARS",0.934334245213076
"VARS2",0.531579201685475
"VASH1",0.490556212217188
"VASH2",0.0158329543789873
"VASN",0.265834941945432
"VASP",0.0166536753744511
"VAT1",0.0781369330466664
"VAT1L",0.00664139886890448
"VAV1",3.91000527568002e-20
"VAV2",0.910736835538741
"VAV3",0.325518817176429
"VAX1",0.528517683126256
"VAX2",0.978473579609582
"VBP1",0.997879044754202
"VCAM1",0.974255558475478
"VCAN",0.567401371371361
"VCL",0.303195191663176
"VCP",0.999958048278893
"VCPIP1",0.598950270468693
"VCPKMT",0.000743275546945635
"VCX",0.980050250175673
"VCX2",0.936235101608592
"VCX3A",0.872830332609696
"VCX3B",0.764774018135657
"VCY",0.937253964700986
"VCY1B",0.937253964700986
"VDAC1",0.736828357846917
"VDAC2",0.896214823582338
"VDAC3",0.062843456988736
"VDR",0.97928520212841
"VEGFA",0.927749062160859
"VEGFB",0.140751397806948
"VEGFC",0.597646558141209
"VENTX",0.00338677665179471
"VEPH1",0.968566196153352
"VEZF1",0.355529974965534
"VEZT",0.0252773572274552
"VGF",0.037872606885996
"VGLL1",0.708847445550129
"VGLL2",0.975853659770575
"VGLL3",0.999933654359844
"VGLL4",0.638128993932594
"VHL",0.0314566746003949
"VHLL",0.416713907796662
"VIL1",0.777544331798115
"VILL",0.839153716666817
"VIM",1.38873479557121e-07
"VIP",0.382401507763804
"VIPAS39",0.945120104689105
"VIPR1",0.0149606907177165
"VIPR2",0.00387434493502491
"VIRMA",NA
"VIT",0.984373053516935
"VKORC1",0.0306388198273273
"VKORC1L1",0.805794971786199
"VLDLR",0.0800299758839515
"VMA21",0.892433711095191
"VMAC",0.172258171106152
"VMO1",0.0980155023274526
"VMP1",0.0232708894943829
"VN1R1",0.334325679730173
"VN1R2",0.826438045490038
"VN1R3",0.964600226682222
"VN1R4",0.944573267939659
"VN1R5",0.701366326089436
"VNN1",0.000882326864425844
"VNN2",0.00424675688646215
"VNN3",0.996456285582641
"VOPP1",0.992623020142422
"VPREB1",0.936030245904395
"VPREB3",0.981030437082556
"VPS11",0.289281614658262
"VPS13A",0.775365558625476
"VPS13B",0.711617753734629
"VPS13C",0.664230617299789
"VPS13D",0.573056869527192
"VPS16",0.733580448840887
"VPS18",0.034081902078986
"VPS25",0.988951602018255
"VPS26A",0.922800019119623
"VPS26B",0.998350677800155
"VPS26C",NA
"VPS28",0.965999244274072
"VPS29",0.453555853538234
"VPS33A",0.919909814783708
"VPS33B",0.198396139452311
"VPS35",0.875776241662727
"VPS35L",NA
"VPS36",0.198613161339786
"VPS37A",0.904137171046378
"VPS37B",0.478385962126494
"VPS37C",0.442406604091363
"VPS37D",0.000357595482994897
"VPS39",0.749865011291053
"VPS41",0.99957435316209
"VPS45",0.997403490506319
"VPS4A",0.523324484551525
"VPS4B",0.939357529486701
"VPS50",NA
"VPS51",0.244005466565892
"VPS52",0.43959081919532
"VPS53",0.831630751120028
"VPS54",0.831457553944952
"VPS72",0.287487156386969
"VPS8",0.791900863075028
"VPS9D1",0.950348296817279
"VRK1",0.00110346415505787
"VRK2",0.379204779743544
"VRK3",0.743928993838269
"VRTN",0.878655933591454
"VSIG1",0.786246715414552
"VSIG10",0.988913276561231
"VSIG10L",0.977316599809037
"VSIG2",0.449167174302457
"VSIG4",1.20653350213632e-14
"VSIG8",0.00132569768407132
"VSIR",NA
"VSNL1",0.21467813973809
"VSTM1",0.56779004909809
"VSTM2A",0.0205913745871794
"VSTM2B",0.998211668335308
"VSTM2L",0.187651268905095
"VSTM4",0.674040201208069
"VSTM5",0.105869789817072
"VSX1",0.749009709352712
"VSX2",0.683637762419313
"VTA1",0.715460102794396
"VTCN1",0.0254822005422213
"VTI1A",0.421717782015408
"VTI1B",0.219702421728898
"VTN",0.342024780044588
"VWA1",0.00881961324623057
"VWA2",0.0330504406336198
"VWA3A",0.118039965501576
"VWA3B",0.0935318189552276
"VWA5A",0.000136168480781599
"VWA5B1",0.130374073907933
"VWA5B2",0.00200236734781725
"VWA7",0.230278533021254
"VWA8",0.864134687750248
"VWC2",0.708984031636565
"VWC2L",0.989565051671112
"VWCE",0.19737093551383
"VWDE",0.0262963873707059
"VWF",0.0155224674699896
"WAC",0.117084336690519
"WAPL",NA
"WARS",0.00195509445394695
"WARS2",0.826196162471458
"WAS",5.28941192856996e-18
"WASF1",0.568445420227036
"WASF2",0.00493600760356886
"WASF3",0.682045355331262
"WASHC1",NA
"WASHC2A",NA
"WASHC2C",NA
"WASHC3",NA
"WASHC4",NA
"WASHC5",NA
"WASL",0.999776652933816
"WBP1",0.331083538247062
"WBP11",0.489397747377402
"WBP1L",6.07402580605482e-05
"WBP2",0.172347576499513
"WBP2NL",0.996297824654727
"WBP4",0.904426953550776
"WDFY1",0.997883503993519
"WDFY2",0.921459115102986
"WDFY3",0.96911993241104
"WDFY4",7.28146582167739e-11
"WDHD1",0.0320620242733945
"WDPCP",2.4531999339593e-05
"WDR1",0.00487236588621981
"WDR11",0.766264923445135
"WDR12",0.99281943614512
"WDR13",0.54400519008357
"WDR17",0.0822805150232598
"WDR18",0.223757699270274
"WDR19",0.00029653660578209
"WDR20",0.00384760652513625
"WDR24",0.100521316719679
"WDR25",0.849446894578586
"WDR26",0.493577415517571
"WDR27",9.56430190748743e-07
"WDR3",0.89255535618944
"WDR31",0.489783469992128
"WDR33",0.00975556354488063
"WDR34",0.107613234238446
"WDR35",0.660682674190846
"WDR36",0.954571235967474
"WDR37",0.992253425204805
"WDR38",0.138301881898943
"WDR4",0.679513488990512
"WDR41",0.967580059424495
"WDR43",0.893211779643896
"WDR44",0.707721788945072
"WDR45",0.792302423281427
"WDR45B",0.858642324928579
"WDR46",0.84959877043634
"WDR47",0.0789662299943848
"WDR48",0.525309551547822
"WDR49",0.93768741759391
"WDR5",0.021150803165922
"WDR53",0.996051344906682
"WDR54",0.00344144797249968
"WDR55",0.92902457747825
"WDR59",0.185950857878359
"WDR5B",0.358629620955223
"WDR6",0.138678060814364
"WDR60",0.000502455127100415
"WDR61",0.978331362402194
"WDR62",0.0598640453422418
"WDR63",0.432472109927487
"WDR64",0.99608130295932
"WDR66",0.0271115149774231
"WDR7",0.906882451993563
"WDR70",0.196574588913742
"WDR72",0.216883771227325
"WDR73",0.0223613851200915
"WDR74",0.595106628453926
"WDR75",0.789010372050685
"WDR76",0.551578991485272
"WDR77",0.966981759305711
"WDR78",0.456993033769791
"WDR81",0.00834712883182697
"WDR82",0.19878213994272
"WDR83",0.0143273480428136
"WDR83OS",0.515241432679954
"WDR86",0.953392197058788
"WDR87",0.94197965127796
"WDR88",0.025674258453006
"WDR89",0.425644842365227
"WDR90",0.000278842416236465
"WDR91",0.981213660978562
"WDR92",0.00258539882472267
"WDR93",0.00189157128430285
"WDSUB1",0.191821898811396
"WDTC1",0.656387376397536
"WDYHV1",0.999620918025093
"WEE1",0.927716805301031
"WEE2",0.739875409781988
"WFDC1",0.396289691846069
"WFDC10A",0.970691562313285
"WFDC10B",0.689390211113701
"WFDC11",0.994739075003555
"WFDC12",0.887064065974846
"WFDC13",0.814269566527707
"WFDC2",0.493521509839167
"WFDC3",0.0416616671351879
"WFDC5",0.807670202638413
"WFDC6",0.919453867014303
"WFDC8",0.907242247316772
"WFDC9",0.966390647802139
"WFIKKN1",0.000774990718195154
"WFIKKN2",0.665880380448983
"WFS1",0.897395583657887
"WHAMM",0.78629398821151
"WIF1",0.579995559000877
"WIPF1",5.09489564420472e-09
"WIPF2",0.34392076672459
"WIPF3",0.900362230495241
"WIPI1",0.00247231858689418
"WIPI2",0.959992623507731
"WIZ",0.900454929566732
"WLS",0.0992487125445027
"WNK1",0.990543906471945
"WNK2",8.68738468735398e-07
"WNK3",0.647030433287298
"WNK4",0.69506354838259
"WNT1",0.419759695028244
"WNT10A",0.611945527944347
"WNT10B",0.0248124319501939
"WNT11",0.00439983021091582
"WNT16",0.827966457373043
"WNT2",0.967803270447764
"WNT2B",0.131584795480143
"WNT3",0.000452897046936373
"WNT3A",0.42049043691363
"WNT4",0.99967758806733
"WNT5A",0.993101045716777
"WNT5B",0.139015587559206
"WNT6",0.674827073787242
"WNT7A",0.402115779404749
"WNT7B",0.360323210210615
"WNT8A",0.418045488944959
"WNT8B",0.567847502546316
"WNT9A",0.0206178046679198
"WNT9B",0.0231693902987928
"WRAP53",0.00691924487215566
"WRAP73",0.243109944592726
"WRB-SH3BGR",NA
"WRN",0.0694270006874547
"WRNIP1",0.500853145199148
"WSB1",0.749724562106626
"WSB2",0.997183028177326
"WSCD1",0.00457578051631187
"WSCD2",0.0129133854704599
"WT1",0.974829012178115
"WTAP",0.999996703237545
"WTIP",0.886528644439425
"WWC1",0.960987201425216
"WWC2",0.881116319581164
"WWC3",0.910721805063104
"WWOX",0.131328634437037
"WWP1",0.00140641378280885
"WWP2",0.81243534243835
"WWTR1",0.00761591814820036
"XAB2",0.146326764709185
"XAF1",0.357340575320656
"XAGE1B",0.926454251183922
"XAGE2",0.922136764642848
"XAGE3",0.938659825225036
"XAGE5",0.855293070183792
"XBP1",0.175536494769427
"XCL1",0.994031242893955
"XCL2",0.0127334461776685
"XCR1",0.89298197730853
"XDH",0.422654221710907
"XG",0.0802465420663294
"XIAP",0.983821867913638
"XIRP1",0.998375467996638
"XIRP2",0.953417154908148
"XK",0.358595759125474
"XKR3",0.913722680221048
"XKR4",0.192391305053662
"XKR5",0.105525024975674
"XKR6",0.982064329449015
"XKR7",0.0071095786531388
"XKR8",0.112991980663489
"XKR9",0.0214282880730891
"XKRX",0.690634792652835
"XKRY",0.961337305547805
"XKRY2",0.955794029886788
"XPA",0.275259760404921
"XPC",0.996442746826501
"XPNPEP1",0.99144266828023
"XPNPEP2",0.99999920227698
"XPNPEP3",0.676186048210238
"XPO1",0.0708288815869317
"XPO4",0.107012141080065
"XPO5",0.0349292290626718
"XPO6",0.692426367460585
"XPO7",0.413439635158909
"XPOT",0.738251318434105
"XPR1",0.067034601421557
"XRCC1",0.0373402847299499
"XRCC2",0.0128032678819732
"XRCC3",0.0197772809144835
"XRCC4",0.972952805048687
"XRCC5",0.828422571206418
"XRCC6",0.935806821146795
"XRN1",0.541367099857905
"XRN2",0.993043751984339
"XRRA1",0.755821957426333
"XXYLT1",0.999684620578726
"XYLB",0.135762857675054
"XYLT1",0.654922913964278
"XYLT2",0.932250761602568
"YAF2",0.908345238829453
"YAP1",0.558661809216858
"YARS",0.931203560300844
"YARS2",0.721593080381105
"YBEY",0.127305656271383
"YBX1",0.958698747896139
"YBX2",0.053067197147648
"YBX3",0.142487091135493
"YDJC",0.328633015571869
"YEATS2",0.0268710733551136
"YEATS4",0.00336169122711011
"YES1",0.950339082637794
"YIF1A",0.927361833540117
"YIF1B",0.910779114676819
"YIPF1",1.21202570807413e-05
"YIPF2",0.693175151374599
"YIPF3",0.556180526277994
"YIPF4",0.994253118570181
"YIPF5",0.602116175197219
"YIPF6",0.0990405719780105
"YIPF7",0.190558721076969
"YJEFN3",0.183932207126287
"YJU2",NA
"YKT6",0.294808007926389
"YLPM1",0.0256775949708038
"YME1L1",0.99569633990781
"YOD1",0.17014117883573
"YPEL1",0.0102333422824306
"YPEL2",0.473462422201326
"YPEL3",0.992576034378807
"YPEL4",0.589207668346824
"YPEL5",0.999998733667648
"YRDC",0.603493821621411
"YTHDC1",6.79633168302897e-05
"YTHDC2",0.0828617423670268
"YTHDF1",0.223954867884989
"YTHDF2",0.480142970375706
"YTHDF3",0.812846618066132
"YWHAB",0.22309829944244
"YWHAE",0.996007255399624
"YWHAG",0.775971806913807
"YWHAH",0.929952858594928
"YWHAQ",0.0852720188759435
"YWHAZ",0.858585359463039
"YY1",0.730549128594875
"YY1AP1",0.682028517230753
"YY2",0.989309948878132
"ZACN",0.00906396271347984
"ZADH2",0.825905405668078
"ZAN",0.872416934405043
"ZAP70",0.815865031539377
"ZAR1",0.922303351021519
"ZAR1L",0.88802338956971
"ZBBX",0.175355152318715
"ZBED1",0.961675582660269
"ZBED2",0.362940051089343
"ZBED3",0.515023428112931
"ZBED4",0.0148606227956912
"ZBED5",0.0217254059324826
"ZBED6",0.908046644673559
"ZBED6CL",0.999706126343259
"ZBED8",0.00619024350366552
"ZBED9",5.14261779462942e-07
"ZBP1",0.70871323241453
"ZBTB1",0.996035732839574
"ZBTB10",0.0408397062415955
"ZBTB11",0.0102158907269897
"ZBTB12",0.0244170207532866
"ZBTB14",0.0295906615374414
"ZBTB16",0.373585000939443
"ZBTB17",0.0610450889312213
"ZBTB18",0.00014546453770299
"ZBTB2",0.993519715264179
"ZBTB20",0.772226081763435
"ZBTB21",0.810640448107695
"ZBTB22",0.962962135984228
"ZBTB24",0.516843115011785
"ZBTB25",0.710050279687438
"ZBTB26",0.0301826760602837
"ZBTB3",0.917953582428856
"ZBTB32",0.0119665690119398
"ZBTB33",0.643944004036602
"ZBTB34",0.46325504144394
"ZBTB37",0.170153835909247
"ZBTB38",0.386197874340596
"ZBTB39",0.00736283674684079
"ZBTB4",0.770150724318592
"ZBTB40",0.0141418663729776
"ZBTB41",0.181052586475015
"ZBTB42",0.0234280172445965
"ZBTB43",0.0128888480905209
"ZBTB44",0.000285065610148584
"ZBTB45",0.387913763321662
"ZBTB46",0.0879301086113728
"ZBTB47",0.601461629546292
"ZBTB48",0.0493941703261277
"ZBTB49",0.00894622289861438
"ZBTB5",0.00283502526822789
"ZBTB6",0.83362913823799
"ZBTB7A",0.988117951662402
"ZBTB7B",0.715343381562555
"ZBTB7C",0.967751442213355
"ZBTB8A",1.61145851255294e-05
"ZBTB8B",0.983692224696778
"ZBTB8OS",0.990706723441268
"ZBTB9",0.992084123844508
"ZC2HC1A",0.0833028489261252
"ZC2HC1B",0.725725628012803
"ZC2HC1C",0.516919389337195
"ZC3H10",0.566618783306123
"ZC3H11A",0.00650127809138509
"ZC3H11B",0.992089665852513
"ZC3H12A",0.817946545289207
"ZC3H12B",0.222886330634216
"ZC3H12C",0.981594002788936
"ZC3H12D",4.00164545473693e-05
"ZC3H13",0.593592451194175
"ZC3H14",0.007353798035208
"ZC3H15",0.618622005899051
"ZC3H18",0.0722729275676638
"ZC3H3",0.93789478759783
"ZC3H4",0.767235887523541
"ZC3H6",0.168756245121527
"ZC3H7A",0.973351667707086
"ZC3H7B",0.725472265287156
"ZC3H8",0.00182783809182322
"ZC3HAV1",0.00113202139105262
"ZC3HAV1L",0.99187940432965
"ZC3HC1",0.99926549934903
"ZC4H2",0.616777121818822
"ZCCHC10",0.954894071454889
"ZCCHC12",0.0720056446912157
"ZCCHC13",0.952443782741775
"ZCCHC14",0.0317495918311306
"ZCCHC17",0.939669930199361
"ZCCHC18",0.0129838128981482
"ZCCHC2",0.999290379713147
"ZCCHC24",5.57622953685453e-06
"ZCCHC3",0.201214538985146
"ZCCHC4",0.832766025752394
"ZCCHC7",0.0475331124832853
"ZCCHC8",0.0691717018651347
"ZCCHC9",0.99894863355435
"ZCRB1",0.788816526760665
"ZCWPW1",0.158833311407953
"ZCWPW2",0.632411269630354
"ZDBF2",0.827773609440806
"ZDHHC1",0.981592542904045
"ZDHHC11",0.00356681363052959
"ZDHHC11B",0.0203490834765527
"ZDHHC12",0.0010422581132249
"ZDHHC13",0.26534855821032
"ZDHHC14",0.0147823634932113
"ZDHHC15",0.184188696333207
"ZDHHC16",0.90280487312833
"ZDHHC17",0.25132683823106
"ZDHHC18",0.822179015345678
"ZDHHC19",0.983166970823416
"ZDHHC2",0.669093659521105
"ZDHHC20",0.994634855426279
"ZDHHC21",0.961978424705704
"ZDHHC22",0.891341598384138
"ZDHHC23",0.924530868490089
"ZDHHC24",0.0512445185125772
"ZDHHC3",0.492289682447227
"ZDHHC4",0.999030030888694
"ZDHHC5",0.0299143045080639
"ZDHHC6",0.517181849695528
"ZDHHC7",0.0506567748834335
"ZDHHC8",0.868855348531346
"ZDHHC9",0.204892773924078
"ZEB1",0.0546835358126112
"ZEB2",0.656120626650694
"ZER1",0.571491169363372
"ZFAND1",0.0197007349100554
"ZFAND2A",0.982036750214135
"ZFAND2B",0.995810707623323
"ZFAND3",0.0319049110507593
"ZFAND4",0.644414805531363
"ZFAND5",0.421833746215831
"ZFAND6",0.374795155177126
"ZFAT",0.972795547978989
"ZFC3H1",0.325360270218844
"ZFHX2",0.0982057335521439
"ZFHX3",0.660212385403217
"ZFHX4",0.937911741799638
"ZFP1",0.456934636804914
"ZFP14",0.0433572476714503
"ZFP2",0.0503555990190878
"ZFP28",0.000611070523619095
"ZFP3",0.958315816571624
"ZFP30",0.00115638432193047
"ZFP36",0.000213602760031736
"ZFP36L1",0.427853687167366
"ZFP36L2",2.08585700699345e-06
"ZFP37",0.838998838708738
"ZFP41",0.0881931418876006
"ZFP42",0.753511660259115
"ZFP57",0.999382741645825
"ZFP62",0.0263051724151152
"ZFP64",0.0496639681026082
"ZFP69",0.999986017036826
"ZFP69B",0.820654505808376
"ZFP82",0.142116851520128
"ZFP90",0.287826741643095
"ZFP91",0.8800548455901
"ZFP92",0.599663532664093
"ZFPL1",0.962566482393707
"ZFPM1",0.605891610384918
"ZFPM2",0.941546304129178
"ZFR",0.999668214903707
"ZFR2",0.927624033225645
"ZFX",0.953372480578187
"ZFY",0.99881618254894
"ZFYVE1",0.0068492581569515
"ZFYVE16",0.763243509778211
"ZFYVE19",0.971360730892055
"ZFYVE21",0.912258627376876
"ZFYVE26",0.0650221928014213
"ZFYVE27",0.861504774158882
"ZFYVE28",0.91335394846457
"ZFYVE9",0.0875180642352127
"ZG16",0.949469206092644
"ZG16B",0.664348945301254
"ZGLP1",0.10117799082953
"ZGPAT",0.762238625726427
"ZGRF1",0.00178305963315401
"ZHX1",0.906333064493846
"ZHX2",0.983006365365585
"ZHX3",0.394631573744605
"ZIC1",0.0691858746736567
"ZIC2",0.0691261566180982
"ZIC3",0.150628526735401
"ZIC4",0.0276513214035672
"ZIC5",0.0272088039806135
"ZIK1",0.0932399004953646
"ZIM2",0.999945188390574
"ZIM3",0.942831344748572
"ZKSCAN1",0.602204134534142
"ZKSCAN2",0.000154633890940864
"ZKSCAN3",0.014768771826559
"ZKSCAN4",0.955346948479822
"ZKSCAN5",0.524209575961908
"ZKSCAN7",0.00780029301828789
"ZKSCAN8",0.322924178798253
"ZMAT1",0.45053173196634
"ZMAT2",0.713650978411182
"ZMAT3",9.78870362576898e-08
"ZMAT4",0.603995642153752
"ZMAT5",0.200233289532226
"ZMIZ1",0.810435758048344
"ZMIZ2",0.295850174480858
"ZMPSTE24",0.579996048926088
"ZMYM1",0.0942213397446856
"ZMYM2",0.0911616083984974
"ZMYM3",7.45015468686539e-05
"ZMYM4",0.309746778833216
"ZMYM5",0.738120082112679
"ZMYM6",0.974129302230667
"ZMYND10",0.11644777027448
"ZMYND11",0.682645587375273
"ZMYND12",0.459740378817391
"ZMYND15",0.000957497726245762
"ZMYND19",0.123550549760075
"ZMYND8",0.948144767270305
"ZNF10",0.0757960528048435
"ZNF100",0.539060944214533
"ZNF101",0.83356097864289
"ZNF106",0.819201982061026
"ZNF107",0.899723441329254
"ZNF112",0.0266831616321074
"ZNF114",0.740754774367665
"ZNF117",0.34765226781638
"ZNF12",0.141199457225736
"ZNF121",0.680079338187595
"ZNF124",0.492483279927873
"ZNF131",0.0219219594617772
"ZNF132",0.0200476366620733
"ZNF133",0.102057908188924
"ZNF134",0.644343566000771
"ZNF135",0.0181569237647395
"ZNF136",0.183494968931118
"ZNF138",0.0403523921994995
"ZNF14",0.0327244394342002
"ZNF140",0.0773370164371737
"ZNF141",0.000770343721332951
"ZNF142",0.783939018462919
"ZNF143",0.299452030659847
"ZNF146",0.0797022914504392
"ZNF148",0.54128864791224
"ZNF154",0.668780138561896
"ZNF155",0.701860775299
"ZNF157",0.157339468660296
"ZNF16",0.435195641430623
"ZNF160",0.0509206460459426
"ZNF165",0.00555322218194566
"ZNF169",0.0442843560682715
"ZNF17",0.327450803974861
"ZNF174",0.208900176049082
"ZNF175",0.62514506248793
"ZNF177",0.0972378502755711
"ZNF18",0.935199396436163
"ZNF180",0.00444618258102597
"ZNF181",0.801487120220114
"ZNF182",0.248979954832618
"ZNF184",0.134381947641235
"ZNF185",0.0960970220542956
"ZNF189",0.929596978706771
"ZNF19",0.0389917230601777
"ZNF195",0.146329259420026
"ZNF197",0.443294253890994
"ZNF2",0.953893316218442
"ZNF20",0.00429797934226203
"ZNF200",0.274959102668188
"ZNF202",0.159577605029035
"ZNF205",0.0645900258682229
"ZNF207",0.367343379696265
"ZNF208",0.998114864894885
"ZNF211",0.855912783953309
"ZNF212",0.00321989040678417
"ZNF213",0.336916945913372
"ZNF214",0.0407448345243088
"ZNF215",0.091229384878169
"ZNF217",0.847080714944714
"ZNF219",0.959592331400881
"ZNF22",0.997964954017935
"ZNF221",0.0811232241131143
"ZNF222",0.419750268527586
"ZNF223",0.393802902489318
"ZNF224",0.494272105085019
"ZNF225",0.96262546682422
"ZNF226",0.981439088168964
"ZNF227",0.686870208017807
"ZNF229",0.197589917783236
"ZNF23",0.0273343399800515
"ZNF230",0.0553657919863829
"ZNF232",0.102314316520867
"ZNF233",0.241896840875315
"ZNF234",0.95041652387112
"ZNF235",0.00068039778634961
"ZNF236",0.000102056856277502
"ZNF239",0.965312889289341
"ZNF24",0.873994820561843
"ZNF248",1.18037225181745e-05
"ZNF25",0.91277668848073
"ZNF250",0.00387093211586531
"ZNF251",0.000114246857690692
"ZNF253",0.183834423280429
"ZNF254",0.0650662117525684
"ZNF256",0.0667328980274419
"ZNF257",0.963959717599059
"ZNF26",0.347296052860037
"ZNF260",0.85618150725115
"ZNF263",0.00448431497658476
"ZNF264",0.863403643388805
"ZNF266",0.269526124491537
"ZNF267",9.02973216484507e-05
"ZNF268",0.2975217460342
"ZNF273",0.000186719034354259
"ZNF274",0.109075250851862
"ZNF275",0.99259927770975
"ZNF276",0.72180000039018
"ZNF277",0.981507867857994
"ZNF28",0.912121222051973
"ZNF280A",0.990446084122356
"ZNF280B",0.0697499510842065
"ZNF280C",0.0751940781324562
"ZNF280D",0.729784618253959
"ZNF281",0.0729328320918246
"ZNF282",0.0723368987416952
"ZNF283",0.331564797945117
"ZNF284",0.90753725444398
"ZNF285",0.0577769728179955
"ZNF286A",0.0483110071582223
"ZNF287",0.810401047070121
"ZNF292",0.0777681019993201
"ZNF296",0.0215300550652775
"ZNF3",2.95411258248197e-06
"ZNF30",0.106091430084273
"ZNF300",0.219643455164096
"ZNF302",0.326688157241541
"ZNF304",0.402992860370352
"ZNF311",0.0953914223385798
"ZNF316",0.120376129974527
"ZNF317",0.860762120037445
"ZNF318",0.281607350806782
"ZNF319",0.892644738738833
"ZNF32",0.260711178622938
"ZNF320",0.799764117327105
"ZNF322",0.465599740753889
"ZNF324",0.0277288163838164
"ZNF324B",0.223187914237464
"ZNF326",0.197407322255554
"ZNF329",0.391183343149233
"ZNF330",0.995519555127743
"ZNF331",0.998533650669216
"ZNF333",0.190056009138727
"ZNF334",0.504102151105464
"ZNF335",0.0995586043420758
"ZNF337",5.5872589951712e-05
"ZNF33A",0.00239481866074471
"ZNF33B",0.00742047157730494
"ZNF34",0.669276293007772
"ZNF341",0.0970083073116965
"ZNF343",0.877839836714066
"ZNF345",0.728646708199704
"ZNF346",0.000234395815391095
"ZNF347",0.87292158465161
"ZNF35",0.994409877678336
"ZNF350",0.0240684724407476
"ZNF354A",0.00868723499780848
"ZNF354B",0.122719584525027
"ZNF354C",0.0802153314113831
"ZNF358",0.809722068288768
"ZNF362",0.984060822654431
"ZNF365",0.00935349203654034
"ZNF366",0.846593983462366
"ZNF367",0.973644170165567
"ZNF37A",0.11457321233319
"ZNF382",0.00853248918241078
"ZNF383",0.377660285130105
"ZNF384",0.57660110327837
"ZNF385A",0.796781487147223
"ZNF385B",0.169398287454581
"ZNF385C",0.00114735322644487
"ZNF385D",0.259926552379132
"ZNF391",0.00662196095407798
"ZNF394",0.16735801945697
"ZNF395",0.885251696546297
"ZNF396",0.291231535092399
"ZNF397",0.010321897860922
"ZNF398",0.0334572467617531
"ZNF404",0.0975213043122165
"ZNF407",0.0465741052739633
"ZNF408",0.76450017522556
"ZNF41",0.865977540408356
"ZNF410",0.982826462455565
"ZNF414",0.995646373486978
"ZNF415",0.979168559677968
"ZNF416",0.783199266327231
"ZNF417",0.161769510565524
"ZNF418",0.000939370136732204
"ZNF419",0.526710927170244
"ZNF420",0.0137670437910055
"ZNF423",0.0735983146518394
"ZNF425",0.0259831373789372
"ZNF426",0.683326798125615
"ZNF428",0.837656941293461
"ZNF429",0.169127511879378
"ZNF43",0.522077638905834
"ZNF430",0.562773267211108
"ZNF431",0.00626541450029486
"ZNF432",0.00317994908174163
"ZNF433",0.151548560958054
"ZNF436",3.5640467270786e-07
"ZNF438",0.998410350106089
"ZNF439",0.800617886258309
"ZNF44",0.106825950070394
"ZNF440",0.622472721710278
"ZNF441",0.515549886818023
"ZNF442",0.86962372607313
"ZNF443",0.0756470767691371
"ZNF444",0.44726362809125
"ZNF445",0.00202100611993872
"ZNF446",0.000843355881606595
"ZNF449",0.996252432118493
"ZNF45",0.694269711692504
"ZNF451",0.0881702923240268
"ZNF454",0.00458081070248792
"ZNF460",0.995289050801279
"ZNF461",0.123274273444582
"ZNF462",0.987041752856239
"ZNF467",0.991373125023834
"ZNF468",0.990326666994401
"ZNF469",0.0308150227455759
"ZNF470",0.947505766337409
"ZNF471",0.00913299180085129
"ZNF473",0.00165087132803331
"ZNF474",0.0713214640808501
"ZNF479",0.92994105901282
"ZNF48",0.0125452351087528
"ZNF480",0.950683835197075
"ZNF483",0.72148135440038
"ZNF484",0.787831538806988
"ZNF485",0.813747403113444
"ZNF486",0.359183701018269
"ZNF487",0.035677651743394
"ZNF488",0.940447320762025
"ZNF490",0.585520148149735
"ZNF491",0.0294617270604457
"ZNF492",0.208490099096212
"ZNF493",0.00970138451501255
"ZNF496",0.397628231050662
"ZNF497",0.000144302675334819
"ZNF500",0.0087683496257676
"ZNF501",0.138308770121894
"ZNF502",0.693324008645151
"ZNF503",0.924207320767406
"ZNF506",0.469413345771095
"ZNF507",0.148381295499903
"ZNF510",0.0269463573364537
"ZNF511",0.365680041688474
"ZNF512",0.0458213368484894
"ZNF512B",0.616808681655006
"ZNF513",0.734209611571754
"ZNF514",5.12645560937444e-07
"ZNF516",0.286158080475161
"ZNF517",0.000820765899939337
"ZNF518A",0.495898094717867
"ZNF518B",0.547741462960044
"ZNF519",0.000395188067651539
"ZNF521",0.93043905796814
"ZNF524",0.0722927617705062
"ZNF525",0.00651190871856919
"ZNF526",0.411985787031145
"ZNF527",0.314438726350919
"ZNF528",0.0843838855768925
"ZNF529",0.0141621010447839
"ZNF530",0.488199761382958
"ZNF532",0.861564607634338
"ZNF534",0.0852369808434733
"ZNF536",0.000421768395618889
"ZNF540",0.72870566304187
"ZNF541",0.695891758027331
"ZNF543",0.13220123308092
"ZNF544",0.00318197762206788
"ZNF546",0.25874355302716
"ZNF547",0.0477663687611105
"ZNF548",0.0656096042347523
"ZNF549",0.139256263412269
"ZNF550",0.193240765796467
"ZNF551",0.00790017488631151
"ZNF552",0.0340401187880485
"ZNF554",3.49869175717492e-07
"ZNF555",0.643328739610016
"ZNF556",0.00140927023880392
"ZNF557",0.566438150345759
"ZNF558",0.413995274503966
"ZNF559",0.20270009697959
"ZNF559-ZNF177",0.0285701818311989
"ZNF560",0.950351877928705
"ZNF561",0.958708835755265
"ZNF562",0.671682443738136
"ZNF563",0.977435928323535
"ZNF564",0.00373589706789776
"ZNF565",0.82782236755862
"ZNF566",0.564233158180728
"ZNF567",0.163938908767387
"ZNF568",0.590127477598147
"ZNF569",0.159133143156503
"ZNF57",0.122054179485778
"ZNF570",0.749830430837977
"ZNF571",0.547464590153024
"ZNF572",0.16379916782613
"ZNF573",0.990298016097163
"ZNF574",0.0443561310942523
"ZNF575",0.475324153349133
"ZNF576",0.900994306673721
"ZNF577",0.269529487673838
"ZNF578",0.525373926952289
"ZNF579",0.392091976306987
"ZNF580",0.999108679746006
"ZNF581",0.725347963876827
"ZNF582",0.930883025009458
"ZNF583",0.975529978165414
"ZNF584",0.0318070243794974
"ZNF585A",0.798854319866833
"ZNF585B",0.659940350542365
"ZNF586",0.0223840386598747
"ZNF587",0.133168488866797
"ZNF587B",0.654872888175034
"ZNF589",0.0289548060954129
"ZNF592",0.977120224675768
"ZNF593",0.999791513473813
"ZNF594",0.00528365661432751
"ZNF595",0.317804707014995
"ZNF596",0.00615986390458999
"ZNF597",0.92880643311792
"ZNF598",0.563430827472034
"ZNF599",0.686360800399442
"ZNF600",0.659052617855562
"ZNF605",0.00374147030165265
"ZNF606",0.00227520350616554
"ZNF607",0.0386764360851134
"ZNF608",0.440313580162228
"ZNF609",8.69558761051451e-06
"ZNF610",0.0320323526926499
"ZNF611",0.940824438993519
"ZNF613",0.988297270877812
"ZNF614",0.37192755680467
"ZNF615",0.993103654235121
"ZNF616",0.665196867716066
"ZNF618",0.0670041151557802
"ZNF619",0.756395528963298
"ZNF620",0.126030149920951
"ZNF621",0.124418990767835
"ZNF622",0.99309023306471
"ZNF623",0.0123619646892929
"ZNF624",0.957138109046656
"ZNF625",0.105603567750384
"ZNF626",0.340452867023873
"ZNF627",0.0105514088093209
"ZNF628",0.867189460946894
"ZNF629",0.421264685670777
"ZNF630",0.994761132689713
"ZNF638",4.91361325624388e-06
"ZNF639",0.720062805396069
"ZNF641",0.466874468687126
"ZNF644",0.0432078901672875
"ZNF646",0.483862606208407
"ZNF648",0.569366416917913
"ZNF649",0.952024211310106
"ZNF652",0.985552922641828
"ZNF653",2.69730914333785e-05
"ZNF654",0.911403088316232
"ZNF655",0.205446616539417
"ZNF658",0.00242165007566941
"ZNF66",0.000127803280194946
"ZNF660",0.0647945421184686
"ZNF662",0.516915600368581
"ZNF664",0.185397673015703
"ZNF665",0.916223722022647
"ZNF667",2.71307488602897e-07
"ZNF668",0.764394890589083
"ZNF669",0.0553477998408733
"ZNF670",0.0294766815828643
"ZNF671",0.642605215203066
"ZNF672",0.939830838735751
"ZNF674",0.995832250408422
"ZNF675",0.387802680466334
"ZNF676",0.816696634475198
"ZNF677",0.948971508057068
"ZNF678",0.862326895408594
"ZNF679",0.560535005807604
"ZNF680",0.705374914317951
"ZNF681",0.834272866943745
"ZNF682",0.00120922743573043
"ZNF683",0.108028996092807
"ZNF684",0.98840763742075
"ZNF687",0.187166967829558
"ZNF688",0.96720958705625
"ZNF689",0.939817083733228
"ZNF69",0.971662892873682
"ZNF691",0.516475322634072
"ZNF692",6.81380488073591e-06
"ZNF695",0.0114914028957219
"ZNF696",0.0509908152032519
"ZNF697",0.398167825710479
"ZNF699",0.962747667138928
"ZNF7",0.0153426354165596
"ZNF70",0.889097434479917
"ZNF700",0.991276395781455
"ZNF701",0.41792187384476
"ZNF703",0.975827740710054
"ZNF704",0.0235369303395476
"ZNF705A",0.902563001072451
"ZNF705B",0.968435832479337
"ZNF705D",0.96902366255412
"ZNF705E",0.697303101618072
"ZNF705G",0.944600434095871
"ZNF706",0.92735388187015
"ZNF707",0.638865116705377
"ZNF708",0.968160620838015
"ZNF709",0.000567103362176137
"ZNF71",0.0158014945474539
"ZNF710",0.999201504251982
"ZNF711",0.0113455302077801
"ZNF713",0.000259027296787221
"ZNF714",0.07416435801475
"ZNF716",0.848378826226988
"ZNF717",0.115163943156368
"ZNF718",0.775580913521436
"ZNF720",0.984128609493781
"ZNF721",0.0606815134467363
"ZNF726",0.79499140023189
"ZNF727",0.523642296025268
"ZNF728",0.805025128259961
"ZNF729",0.58310554068139
"ZNF730",0.372796508034487
"ZNF732",0.0571614920613725
"ZNF735",0.919523672014242
"ZNF736",0.0423230948322
"ZNF737",0.0137027466409731
"ZNF738",0.241073099198481
"ZNF74",0.000737623416076687
"ZNF740",3.72451034060771e-05
"ZNF746",0.916768228400889
"ZNF747",0.890532597784357
"ZNF749",0.250770258539134
"ZNF750",2.17227950923036e-05
"ZNF75A",0.000362449780665036
"ZNF75D",0.273507410048133
"ZNF76",0.687774855297558
"ZNF761",0.712050235117856
"ZNF763",0.681510160664052
"ZNF764",0.00315712033010325
"ZNF765",0.824816257693972
"ZNF766",0.452583795307421
"ZNF768",0.155074996646706
"ZNF77",0.0833963003679993
"ZNF770",0.303370637874158
"ZNF771",0.973326762387764
"ZNF772",0.39345011689344
"ZNF773",0.833648188142347
"ZNF774",0.925757190137622
"ZNF775",0.117654790476223
"ZNF776",0.0143041275039111
"ZNF777",0.673686480367782
"ZNF778",0.204862048283719
"ZNF780A",0.950182932928057
"ZNF780B",0.00691239935720041
"ZNF781",0.919224608061214
"ZNF782",0.00266346877114438
"ZNF783",0.052342157676117
"ZNF784",0.137518040280751
"ZNF785",0.0642205575754436
"ZNF786",0.0842107980185297
"ZNF787",0.764277105999053
"ZNF789",0.0192269724770833
"ZNF79",0.712571557531568
"ZNF790",0.301227734649508
"ZNF791",0.309405771760343
"ZNF792",0.989119243271599
"ZNF793",0.0600033507575654
"ZNF799",0.998658341947743
"ZNF8",0.0314261996009959
"ZNF80",0.951000723927354
"ZNF800",0.998374001353541
"ZNF804A",0.371294234139761
"ZNF804B",0.99360798611993
"ZNF805",0.979803469329713
"ZNF806",0.912045993342391
"ZNF808",0.755710705836197
"ZNF81",0.99997013701328
"ZNF813",0.884271102962625
"ZNF814",0.037268848284538
"ZNF816",0.992035732590104
"ZNF816-ZNF321P",0.99222377578546
"ZNF821",0.0210081210121157
"ZNF823",0.189020046428681
"ZNF827",0.971955209962406
"ZNF829",0.410682287208221
"ZNF83",0.377746608395212
"ZNF830",0.0455432821480615
"ZNF831",0.855126289811125
"ZNF835",0.577553878669189
"ZNF836",0.225675683229341
"ZNF837",0.19618285449085
"ZNF839",5.31735359623606e-05
"ZNF84",0.0013033477270071
"ZNF841",0.445190951618488
"ZNF843",0.768216276435158
"ZNF844",0.735039768257976
"ZNF845",0.999808295130985
"ZNF846",0.999822299366806
"ZNF85",0.851534309560108
"ZNF850",0.434672942194426
"ZNF852",0.0140783186200963
"ZNF853",0.988054470237823
"ZNF860",0.827108191134011
"ZNF862",0.184486484680702
"ZNF865",0.995996284797521
"ZNF878",0.321565359880877
"ZNF879",0.0474258313253557
"ZNF880",0.183394185478431
"ZNF883",0.872362282350022
"ZNF888",0.879002324547407
"ZNF891",0.000262933791036287
"ZNF90",0.00744461714172557
"ZNF91",0.0135405946123025
"ZNF92",0.828143306859682
"ZNF93",0.102141950571666
"ZNF98",0.362739880610242
"ZNF99",0.653922104539931
"ZNFX1",0.280642606965074
"ZNHIT1",0.643219191452887
"ZNHIT2",0.013234220068992
"ZNHIT3",0.139128190564264
"ZNHIT6",0.947648960299511
"ZNRD1",0.99995439720265
"ZNRF1",0.817989886016029
"ZNRF2",0.674471171209541
"ZNRF3",0.227639683997259
"ZNRF4",0.686534950807476
"ZP1",0.987142073651497
"ZP2",0.589814374472443
"ZP3",0.810443757676675
"ZP4",0.960800440866887
"ZPBP",0.831087093730057
"ZPBP2",0.956269680722733
"ZPLD1",0.980850819708258
"ZPR1",0.580673958422589
"ZRANB1",0.00377546744342118
"ZRANB2",0.0212613220270835
"ZRANB3",0.0020939640213826
"ZRSR2",0.988951302173991
"ZSCAN1",0.127299556655236
"ZSCAN10",0.701961813499796
"ZSCAN12",0.983669835479572
"ZSCAN16",0.334403672519035
"ZSCAN18",0.211994625471505
"ZSCAN2",0.0564099320865135
"ZSCAN20",0.990371797604048
"ZSCAN21",0.0901320945747992
"ZSCAN22",0.730069543044313
"ZSCAN23",0.127107003093593
"ZSCAN25",0.0107147822684147
"ZSCAN26",0.784163852114393
"ZSCAN29",0.015591706024519
"ZSCAN30",0.0343159355899153
"ZSCAN31",0.0426795147777812
"ZSCAN32",0.792057059934536
"ZSCAN4",0.739671816653699
"ZSCAN5A",0.00919234740995234
"ZSCAN5B",0.947540708194529
"ZSCAN9",0.669444044011263
"ZSWIM1",0.352926883682923
"ZSWIM2",0.84817616574035
"ZSWIM3",0.830030324352591
"ZSWIM4",0.979842951288788
"ZSWIM5",0.241576434647731
"ZSWIM6",0.932986630029583
"ZSWIM7",0.880586604754296
"ZSWIM8",0.971036477919285
"ZW10",0.999367528394056
"ZWILCH",0.843524934570493
"ZWINT",0.807039671781286
"ZXDA",0.959958959062335
"ZXDB",0.030239571692318
"ZXDC",0.0144928295912675
"ZYG11A",0.546311007047215
"ZYG11B",0.335545216093527
"ZYX",0.00187928783048637
"ZZEF1",0.992641848757839
"ZZZ3",0.425142497237418
